SKUID,Department,TxnCount,AvgDaysBetweenSales,MaxGapDays,DaysSinceLastSale,FirstSaleDaysAgo
SKI_HARDWARE_0001,Ski Hardware,136,272.1,365.0,52.4,730.0
SKI_HARDWARE_0002,Ski Hardware,6,218.0,331.0,26.8,730.0
SKI_HARDWARE_0003,Ski Hardware,1,159.2,365.0,100.2,259.4
SKI_HARDWARE_0004,Ski Hardware,0,,,,
SKI_HARDWARE_0005,Ski Hardware,3,169.9,319.2,52.0,561.6
SKI_HARDWARE_0006,Ski Hardware,1,365.0,365.0,81.1,446.1
SKI_HARDWARE_0007,Ski Hardware,46,62.3,158.2,99.0,730.0
SKI_HARDWARE_0008,Ski Hardware,1,117.6,169.4,13.9,131.4
SKI_HARDWARE_0009,Ski Hardware,0,,,,
SKI_HARDWARE_0010,Ski Hardware,13,143.2,365.0,57.5,730.0
SKI_HARDWARE_0011,Ski Hardware,66,224.1,351.9,34.3,730.0
SKI_HARDWARE_0012,Ski Hardware,3,85.9,280.0,11.7,269.3
SKI_HARDWARE_0013,Ski Hardware,0,,,,
SKI_HARDWARE_0014,Ski Hardware,8,231.9,365.0,118.0,730.0
SKI_HARDWARE_0015,Ski Hardware,16,115.4,276.6,20.6,730.0
SKI_HARDWARE_0016,Ski Hardware,8,79.6,137.4,57.3,693.7
SKI_HARDWARE_0017,Ski Hardware,0,,,,
SKI_HARDWARE_0018,Ski Hardware,23,127.1,225.6,52.4,730.0
SKI_HARDWARE_0019,Ski Hardware,1,59.2,188.1,38.6,97.9
SKI_HARDWARE_0020,Ski Hardware,0,,,,
SKI_HARDWARE_0021,Ski Hardware,0,,,,
SKI_HARDWARE_0022,Ski Hardware,21,123.5,352.1,23.0,730.0
SKI_HARDWARE_0023,Ski Hardware,6,114.4,339.0,48.8,730.0
SKI_HARDWARE_0024,Ski Hardware,2,154.8,365.0,173.2,482.8
SKI_HARDWARE_0025,Ski Hardware,3,157.5,177.7,43.8,516.3
SKI_HARDWARE_0026,Ski Hardware,1,146.7,330.3,63.5,210.2
SKI_HARDWARE_0027,Ski Hardware,8,337.2,365.0,92.4,730.0
SKI_HARDWARE_0028,Ski Hardware,0,,,,
SKI_HARDWARE_0029,Ski Hardware,39,101.4,212.0,29.1,730.0
SKI_HARDWARE_0030,Ski Hardware,1,128.3,365.0,35.2,163.5
SKI_HARDWARE_0031,Ski Hardware,1,365.0,365.0,111.2,476.2
SKI_HARDWARE_0032,Ski Hardware,1,338.2,365.0,76.9,415.0
SKI_HARDWARE_0033,Ski Hardware,2,230.2,365.0,96.9,557.3
SKI_HARDWARE_0034,Ski Hardware,0,,,,
SKI_HARDWARE_0035,Ski Hardware,0,,,,
SKI_HARDWARE_0036,Ski Hardware,2,156.2,235.4,74.4,386.8
SKI_HARDWARE_0037,Ski Hardware,2,228.0,365.0,31.0,487.0
SKI_HARDWARE_0038,Ski Hardware,4,168.4,300.4,62.3,730.0
SKI_HARDWARE_0039,Ski Hardware,1,261.3,365.0,50.1,311.4
SKI_HARDWARE_0040,Ski Hardware,3,211.9,258.0,29.8,665.5
SKI_HARDWARE_0041,Ski Hardware,0,,,,
SKI_HARDWARE_0042,Ski Hardware,18,365.0,365.0,242.5,730.0
SKI_HARDWARE_0043,Ski Hardware,2,265.8,365.0,75.1,606.6
SKI_HARDWARE_0044,Ski Hardware,53,124.6,358.9,88.4,730.0
SKI_HARDWARE_0045,Ski Hardware,2,292.1,321.3,55.9,640.1
SKI_HARDWARE_0046,Ski Hardware,11,89.8,164.4,24.5,730.0
SKI_HARDWARE_0047,Ski Hardware,142,214.5,365.0,11.1,730.0
SKI_HARDWARE_0048,Ski Hardware,0,,,,
SKI_HARDWARE_0049,Ski Hardware,1,313.6,365.0,34.5,348.1
SKI_HARDWARE_0050,Ski Hardware,6,107.4,134.8,20.4,664.9
SKI_HARDWARE_0051,Ski Hardware,12,73.0,93.9,18.6,730.0
SKI_HARDWARE_0052,Ski Hardware,3,297.7,365.0,46.2,730.0
SKI_HARDWARE_0053,Ski Hardware,8,342.5,365.0,42.0,730.0
SKI_HARDWARE_0054,Ski Hardware,3,276.7,365.0,247.8,730.0
SKI_HARDWARE_0055,Ski Hardware,0,,,,
SKI_HARDWARE_0056,Ski Hardware,16,300.1,365.0,28.0,730.0
SKI_HARDWARE_0057,Ski Hardware,6,365.0,365.0,180.8,730.0
SKI_HARDWARE_0058,Ski Hardware,38,50.9,119.2,29.6,730.0
SKI_HARDWARE_0059,Ski Hardware,0,,,,
SKI_HARDWARE_0060,Ski Hardware,3,120.0,365.0,20.4,380.4
SKI_HARDWARE_0061,Ski Hardware,1,136.4,307.1,70.4,206.8
SKI_HARDWARE_0062,Ski Hardware,1,286.4,365.0,48.0,334.4
SKI_HARDWARE_0063,Ski Hardware,4,357.8,365.0,27.5,730.0
SKI_HARDWARE_0064,Ski Hardware,1,365.0,365.0,41.0,406.0
SKI_HARDWARE_0065,Ski Hardware,1,314.5,365.0,113.7,428.2
SKI_HARDWARE_0066,Ski Hardware,0,,,,
SKI_HARDWARE_0067,Ski Hardware,5,303.1,365.0,162.4,730.0
SKI_HARDWARE_0068,Ski Hardware,4,177.0,335.6,13.9,721.9
SKI_HARDWARE_0069,Ski Hardware,4,149.8,180.3,81.5,680.7
SKI_HARDWARE_0070,Ski Hardware,1,284.0,365.0,121.9,405.9
SKI_HARDWARE_0071,Ski Hardware,9,263.5,365.0,18.0,730.0
SKI_HARDWARE_0072,Ski Hardware,13,112.3,217.6,126.3,730.0
SKI_HARDWARE_0073,Ski Hardware,0,,,,
SKI_HARDWARE_0074,Ski Hardware,5,280.4,365.0,61.2,730.0
SKI_HARDWARE_0075,Ski Hardware,99,150.7,365.0,35.0,730.0
SKI_HARDWARE_0076,Ski Hardware,23,195.1,321.3,52.2,730.0
SKI_HARDWARE_0077,Ski Hardware,23,146.6,201.7,58.4,730.0
SKI_HARDWARE_0078,Ski Hardware,0,,,,
SKI_HARDWARE_0079,Ski Hardware,14,233.4,365.0,46.9,730.0
SKI_HARDWARE_0080,Ski Hardware,38,191.9,365.0,15.4,730.0
SKI_HARDWARE_0081,Ski Hardware,1,128.6,298.9,65.7,194.2
SKI_HARDWARE_0082,Ski Hardware,1,274.7,365.0,160.1,434.8
SKI_HARDWARE_0083,Ski Hardware,0,,,,
SKI_HARDWARE_0084,Ski Hardware,0,,,,
SKI_HARDWARE_0085,Ski Hardware,0,,,,
SKI_HARDWARE_0086,Ski Hardware,32,173.4,365.0,17.3,730.0
SKI_HARDWARE_0087,Ski Hardware,1,157.4,365.0,17.0,174.4
SKI_HARDWARE_0088,Ski Hardware,41,260.2,365.0,35.3,730.0
SKI_HARDWARE_0089,Ski Hardware,0,,,,
SKI_HARDWARE_0090,Ski Hardware,34,176.9,365.0,94.6,730.0
SKI_HARDWARE_0091,Ski Hardware,1,171.3,289.6,82.6,253.9
SKI_HARDWARE_0092,Ski Hardware,26,72.7,170.6,12.8,730.0
SKI_HARDWARE_0093,Ski Hardware,3,204.3,365.0,150.8,730.0
SKI_HARDWARE_0094,Ski Hardware,1,348.3,365.0,43.2,391.5
SKI_HARDWARE_0095,Ski Hardware,9,365.0,365.0,26.5,730.0
SKI_HARDWARE_0096,Ski Hardware,25,81.2,287.8,6.4,730.0
SKI_HARDWARE_0097,Ski Hardware,0,,,,
SKI_HARDWARE_0098,Ski Hardware,1,83.6,196.4,13.6,97.1
SKI_HARDWARE_0099,Ski Hardware,1,171.2,196.6,30.8,202.0
SKI_HARDWARE_0100,Ski Hardware,56,359.8,365.0,109.0,730.0
SKI_HARDWARE_0101,Ski Hardware,1,148.3,203.0,34.8,183.1
SKI_HARDWARE_0102,Ski Hardware,0,,,,
SKI_HARDWARE_0103,Ski Hardware,2,301.0,365.0,45.9,647.8
SKI_HARDWARE_0104,Ski Hardware,6,154.4,365.0,68.2,730.0
SKI_HARDWARE_0105,Ski Hardware,7,321.1,365.0,98.6,730.0
SKI_HARDWARE_0106,Ski Hardware,4,142.7,216.9,6.3,577.0
SKI_HARDWARE_0107,Ski Hardware,0,,,,
SKI_HARDWARE_0108,Ski Hardware,11,101.8,297.1,30.1,730.0
SKI_HARDWARE_0109,Ski Hardware,3,305.8,365.0,83.8,730.0
SKI_HARDWARE_0110,Ski Hardware,3,365.0,365.0,90.1,730.0
SKI_HARDWARE_0111,Ski Hardware,1,147.4,365.0,11.1,158.5
SKI_HARDWARE_0112,Ski Hardware,17,110.6,200.0,9.6,730.0
SKI_HARDWARE_0113,Ski Hardware,9,233.5,365.0,38.2,730.0
SKI_HARDWARE_0114,Ski Hardware,1,215.0,365.0,53.0,268.0
SKI_HARDWARE_0115,Ski Hardware,25,185.4,266.9,16.7,730.0
SKI_HARDWARE_0116,Ski Hardware,0,,,,
SKI_HARDWARE_0117,Ski Hardware,1,365.0,365.0,93.3,458.3
SKI_HARDWARE_0118,Ski Hardware,0,,,,
SKI_HARDWARE_0119,Ski Hardware,0,,,,
SKI_HARDWARE_0120,Ski Hardware,2,126.4,165.6,3.0,255.7
SNOWBOARD_HARD_0001,Snowboard Hardware,1,174.7,365.0,51.3,226.0
SNOWBOARD_HARD_0002,Snowboard Hardware,1,145.4,365.0,66.6,211.9
SNOWBOARD_HARD_0003,Snowboard Hardware,3,286.6,365.0,65.8,730.0
SNOWBOARD_HARD_0004,Snowboard Hardware,0,,,,
SNOWBOARD_HARD_0005,Snowboard Hardware,7,364.1,365.0,55.4,730.0
SNOWBOARD_HARD_0006,Snowboard Hardware,3,129.7,298.0,30.8,419.8
SNOWBOARD_HARD_0007,Snowboard Hardware,76,98.0,335.5,45.6,730.0
SNOWBOARD_HARD_0008,Snowboard Hardware,10,231.9,365.0,77.5,730.0
SNOWBOARD_HARD_0009,Snowboard Hardware,2,181.0,365.0,53.3,415.3
SNOWBOARD_HARD_0010,Snowboard Hardware,2,99.5,245.7,79.4,278.4
SNOWBOARD_HARD_0011,Snowboard Hardware,3,56.2,228.7,5.1,173.6
SNOWBOARD_HARD_0012,Snowboard Hardware,11,363.2,365.0,35.8,730.0
SNOWBOARD_HARD_0013,Snowboard Hardware,1,189.1,365.0,98.7,287.8
SNOWBOARD_HARD_0014,Snowboard Hardware,1,171.4,202.0,18.8,190.2
SNOWBOARD_HARD_0015,Snowboard Hardware,3,218.7,365.0,43.4,699.5
SNOWBOARD_HARD_0016,Snowboard Hardware,0,,,,
SNOWBOARD_HARD_0017,Snowboard Hardware,0,,,,
SNOWBOARD_HARD_0018,Snowboard Hardware,12,101.4,291.6,123.4,730.0
SNOWBOARD_HARD_0019,Snowboard Hardware,16,61.9,312.7,24.1,730.0
SNOWBOARD_HARD_0020,Snowboard Hardware,5,155.6,171.1,67.3,730.0
SNOWBOARD_HARD_0021,Snowboard Hardware,7,251.5,365.0,10.0,730.0
SNOWBOARD_HARD_0022,Snowboard Hardware,8,174.9,365.0,54.2,730.0
SNOWBOARD_HARD_0023,Snowboard Hardware,1,224.1,365.0,77.9,302.0
SNOWBOARD_HARD_0024,Snowboard Hardware,49,102.1,162.0,14.4,730.0
SNOWBOARD_HARD_0025,Snowboard Hardware,1,37.6,125.9,19.5,57.2
SNOWBOARD_HARD_0026,Snowboard Hardware,1,271.8,365.0,25.8,297.6
SNOWBOARD_HARD_0027,Snowboard Hardware,2,78.1,304.5,51.5,207.8
SNOWBOARD_HARD_0028,Snowboard Hardware,0,,,,
SNOWBOARD_HARD_0029,Snowboard Hardware,5,232.0,365.0,71.6,730.0
SNOWBOARD_HARD_0030,Snowboard Hardware,3,365.0,365.0,70.9,730.0
SNOWBOARD_HARD_0031,Snowboard Hardware,6,133.7,178.6,17.8,730.0
SNOWBOARD_HARD_0032,Snowboard Hardware,3,160.6,365.0,60.4,542.2
SNOWBOARD_HARD_0033,Snowboard Hardware,0,,,,
SNOWBOARD_HARD_0034,Snowboard Hardware,16,365.0,365.0,277.9,730.0
SNOWBOARD_HARD_0035,Snowboard Hardware,433,82.5,287.5,33.4,730.0
SNOWBOARD_HARD_0036,Snowboard Hardware,7,134.5,365.0,7.3,730.0
SNOWBOARD_HARD_0037,Snowboard Hardware,18,132.4,159.9,15.3,730.0
SNOWBOARD_HARD_0038,Snowboard Hardware,0,,,,
SNOWBOARD_HARD_0039,Snowboard Hardware,1,135.9,291.3,34.2,170.1
SNOWBOARD_HARD_0040,Snowboard Hardware,5,124.8,236.4,58.5,682.6
SNOWBOARD_HARD_0041,Snowboard Hardware,1,365.0,365.0,36.0,401.0
SNOWBOARD_HARD_0042,Snowboard Hardware,24,133.6,325.9,12.8,730.0
SNOWBOARD_HARD_0043,Snowboard Hardware,0,,,,
SNOWBOARD_HARD_0044,Snowboard Hardware,10,119.3,365.0,37.1,730.0
SNOWBOARD_HARD_0045,Snowboard Hardware,0,,,,
SNOWBOARD_HARD_0046,Snowboard Hardware,1,140.4,172.8,20.9,161.3
SNOWBOARD_HARD_0047,Snowboard Hardware,1,89.6,114.6,33.4,123.0
SNOWBOARD_HARD_0048,Snowboard Hardware,53,237.6,274.5,59.4,730.0
SNOWBOARD_HARD_0049,Snowboard Hardware,0,,,,
SNOWBOARD_HARD_0050,Snowboard Hardware,1,256.4,282.0,40.7,297.1
SNOWBOARD_HARD_0051,Snowboard Hardware,19,303.2,365.0,34.3,730.0
SNOWBOARD_HARD_0052,Snowboard Hardware,24,103.8,114.2,42.8,730.0
SNOWBOARD_HARD_0053,Snowboard Hardware,1,67.3,237.9,7.7,75.0
SNOWBOARD_HARD_0054,Snowboard Hardware,3,365.0,365.0,174.3,730.0
SNOWBOARD_HARD_0055,Snowboard Hardware,2,297.0,365.0,87.4,681.4
SNOWBOARD_HARD_0056,Snowboard Hardware,0,,,,
SNOWBOARD_HARD_0057,Snowboard Hardware,1,102.5,354.1,12.6,115.1
SNOWBOARD_HARD_0058,Snowboard Hardware,0,,,,
SNOWBOARD_HARD_0059,Snowboard Hardware,8,17.2,27.1,72.2,210.1
SNOWBOARD_HARD_0060,Snowboard Hardware,23,179.0,271.8,32.9,730.0
SNOWBOARD_HARD_0061,Snowboard Hardware,3,365.0,365.0,299.6,730.0
SNOWBOARD_HARD_0062,Snowboard Hardware,4,168.6,365.0,29.0,703.3
SNOWBOARD_HARD_0063,Snowboard Hardware,2,277.6,365.0,29.2,584.3
SNOWBOARD_HARD_0064,Snowboard Hardware,0,,,,
SNOWBOARD_HARD_0065,Snowboard Hardware,0,,,,
SNOWBOARD_HARD_0066,Snowboard Hardware,2,321.7,365.0,74.8,718.2
SNOWBOARD_HARD_0067,Snowboard Hardware,3,166.2,280.2,57.5,556.3
SNOWBOARD_HARD_0068,Snowboard Hardware,0,,,,
SNOWBOARD_HARD_0069,Snowboard Hardware,3,181.8,344.3,83.8,629.1
SNOWBOARD_HARD_0070,Snowboard Hardware,0,,,,
SNOWBOARD_HARD_0071,Snowboard Hardware,5,110.8,240.6,45.0,599.0
SNOWBOARD_HARD_0072,Snowboard Hardware,9,345.0,365.0,197.3,730.0
SNOWBOARD_HARD_0073,Snowboard Hardware,0,,,,
SNOWBOARD_HARD_0074,Snowboard Hardware,2,125.4,273.4,19.6,270.4
SNOWBOARD_HARD_0075,Snowboard Hardware,2,103.7,205.5,40.3,247.8
SNOWBOARD_HARD_0076,Snowboard Hardware,1,61.7,145.7,26.0,87.7
SNOWBOARD_HARD_0077,Snowboard Hardware,0,,,,
SNOWBOARD_HARD_0078,Snowboard Hardware,12,166.7,183.4,100.7,730.0
SNOWBOARD_HARD_0079,Snowboard Hardware,0,,,,
SNOWBOARD_HARD_0080,Snowboard Hardware,0,,,,
SNOWBOARD_HARD_0081,Snowboard Hardware,2,258.1,365.0,127.9,644.2
SNOWBOARD_HARD_0082,Snowboard Hardware,26,93.9,336.4,35.9,730.0
SNOWBOARD_HARD_0083,Snowboard Hardware,1,365.0,365.0,73.6,438.6
SNOWBOARD_HARD_0084,Snowboard Hardware,28,114.1,241.0,20.0,730.0
SNOWBOARD_HARD_0085,Snowboard Hardware,0,,,,
SNOWBOARD_HARD_0086,Snowboard Hardware,6,78.2,209.6,11.3,480.5
SNOWBOARD_HARD_0087,Snowboard Hardware,9,345.1,365.0,47.3,730.0
SNOWBOARD_HARD_0088,Snowboard Hardware,3,293.0,365.0,42.8,730.0
SNOWBOARD_HARD_0089,Snowboard Hardware,7,365.0,365.0,42.8,730.0
SNOWBOARD_HARD_0090,Snowboard Hardware,1,106.7,281.1,10.5,117.2
SNOWBOARD_HARD_0091,Snowboard Hardware,1,365.0,365.0,102.8,467.8
SNOWBOARD_HARD_0092,Snowboard Hardware,2,92.2,101.4,9.1,193.5
SNOWBOARD_HARD_0093,Snowboard Hardware,11,166.3,365.0,37.6,730.0
SNOWBOARD_HARD_0094,Snowboard Hardware,1,304.5,365.0,293.6,598.1
SNOWBOARD_HARD_0095,Snowboard Hardware,2,157.4,279.6,9.0,323.7
SNOWBOARD_HARD_0096,Snowboard Hardware,5,68.3,171.5,7.3,348.6
SNOWBOARD_HARD_0097,Snowboard Hardware,0,,,,
SNOWBOARD_HARD_0098,Snowboard Hardware,5,90.8,365.0,161.2,615.2
SNOWBOARD_HARD_0099,Snowboard Hardware,25,199.5,365.0,58.5,730.0
SNOWBOARD_HARD_0100,Snowboard Hardware,1,342.6,365.0,113.7,456.3
SNOWBOARD_HARD_0101,Snowboard Hardware,0,,,,
SNOWBOARD_HARD_0102,Snowboard Hardware,1,196.3,308.7,73.2,269.5
SNOWBOARD_HARD_0103,Snowboard Hardware,4,91.3,161.8,18.2,383.4
SNOWBOARD_HARD_0104,Snowboard Hardware,0,,,,
SNOWBOARD_HARD_0105,Snowboard Hardware,0,,,,
SNOWBOARD_HARD_0106,Snowboard Hardware,1,145.1,364.9,38.9,184.0
SNOWBOARD_HARD_0107,Snowboard Hardware,0,,,,
SNOWBOARD_HARD_0108,Snowboard Hardware,25,187.1,365.0,10.4,730.0
SNOWBOARD_HARD_0109,Snowboard Hardware,0,,,,
SNOWBOARD_HARD_0110,Snowboard Hardware,0,,,,
SNOWBOARD_HARD_0111,Snowboard Hardware,7,205.3,225.8,38.8,730.0
SNOWBOARD_HARD_0112,Snowboard Hardware,36,155.3,210.4,19.5,730.0
SNOWBOARD_HARD_0113,Snowboard Hardware,6,245.0,365.0,34.5,730.0
SNOWBOARD_HARD_0114,Snowboard Hardware,1,48.9,168.2,92.9,141.9
SNOWBOARD_HARD_0115,Snowboard Hardware,8,295.2,365.0,44.2,730.0
SNOWBOARD_HARD_0116,Snowboard Hardware,4,224.6,365.0,104.6,730.0
SNOWBOARD_HARD_0117,Snowboard Hardware,1,365.0,365.0,125.5,490.5
SNOWBOARD_HARD_0118,Snowboard Hardware,1,161.7,365.0,36.2,198.0
SNOWBOARD_HARD_0119,Snowboard Hardware,6,225.9,365.0,51.1,730.0
SNOWBOARD_HARD_0120,Snowboard Hardware,1,364.0,365.0,186.5,550.5
SNOWBOARD_HARD_0121,Snowboard Hardware,0,,,,
SNOWBOARD_HARD_0122,Snowboard Hardware,41,201.1,364.2,68.6,730.0
SNOWBOARD_HARD_0123,Snowboard Hardware,13,69.2,270.4,63.1,730.0
SNOWBOARD_HARD_0124,Snowboard Hardware,3,56.3,297.4,72.4,241.4
SNOWBOARD_HARD_0125,Snowboard Hardware,17,293.8,365.0,31.9,730.0
SNOWBOARD_HARD_0126,Snowboard Hardware,1,365.0,365.0,42.8,407.8
SNOWBOARD_HARD_0127,Snowboard Hardware,22,296.4,365.0,85.5,730.0
SNOWBOARD_HARD_0128,Snowboard Hardware,3,110.2,363.8,110.1,440.8
SNOWBOARD_HARD_0129,Snowboard Hardware,0,,,,
SNOWBOARD_HARD_0130,Snowboard Hardware,3,146.5,336.7,23.5,463.0
SNOWBOARD_HARD_0131,Snowboard Hardware,1,90.6,171.8,54.5,145.1
SNOWBOARD_HARD_0132,Snowboard Hardware,1,187.2,365.0,80.2,267.4
SNOWBOARD_HARD_0133,Snowboard Hardware,3,265.1,365.0,68.9,730.0
SNOWBOARD_HARD_0134,Snowboard Hardware,0,,,,
SNOWBOARD_HARD_0135,Snowboard Hardware,6,168.9,365.0,74.5,730.0
BIKES_0001,Bikes,1,365.0,365.0,75.3,440.3
BIKES_0002,Bikes,3,75.5,172.2,8.4,235.0
BIKES_0003,Bikes,0,,,,
BIKES_0004,Bikes,2,80.8,347.4,75.8,237.5
BIKES_0005,Bikes,6,365.0,365.0,16.4,730.0
BIKES_0006,Bikes,8,289.3,365.0,47.9,730.0
BIKES_0007,Bikes,10,365.0,365.0,17.6,730.0
BIKES_0008,Bikes,3,271.5,365.0,38.1,730.0
BIKES_0009,Bikes,1,365.0,365.0,267.0,632.0
BIKES_0010,Bikes,0,,,,
BIKES_0011,Bikes,5,248.5,365.0,65.8,730.0
BIKES_0012,Bikes,131,338.3,365.0,49.1,730.0
BIKES_0013,Bikes,66,250.3,365.0,38.3,730.0
BIKES_0014,Bikes,0,,,,
BIKES_0015,Bikes,4,301.3,365.0,20.6,730.0
BIKES_0016,Bikes,21,233.5,365.0,40.6,730.0
BIKES_0017,Bikes,19,145.5,239.0,11.6,730.0
BIKES_0018,Bikes,1,165.1,257.1,53.7,218.7
BIKES_0019,Bikes,11,126.1,261.6,29.5,730.0
BIKES_0020,Bikes,1,365.0,365.0,150.3,515.3
BIKES_0021,Bikes,5,365.0,365.0,59.6,730.0
BIKES_0022,Bikes,0,,,,
BIKES_0023,Bikes,10,203.0,351.4,43.8,730.0
BIKES_0024,Bikes,0,,,,
BIKES_0025,Bikes,1,118.5,175.9,34.4,152.9
BIKES_0026,Bikes,6,152.7,244.9,64.6,730.0
BIKES_0027,Bikes,26,210.9,280.8,38.0,730.0
BIKES_0028,Bikes,1,182.3,200.6,213.6,395.9
BIKES_0029,Bikes,0,,,,
BIKES_0030,Bikes,11,214.7,365.0,81.2,730.0
BIKES_0031,Bikes,3,118.1,365.0,4.8,359.1
BIKES_0032,Bikes,10,114.3,125.8,13.5,730.0
BIKES_0033,Bikes,9,365.0,365.0,161.8,730.0
BIKES_0034,Bikes,0,,,,
BIKES_0035,Bikes,8,205.3,365.0,116.7,730.0
BIKES_0036,Bikes,1,365.0,365.0,39.7,404.7
BIKES_0037,Bikes,0,,,,
BIKES_0038,Bikes,3,166.2,354.1,49.6,548.2
BIKES_0039,Bikes,0,,,,
BIKES_0040,Bikes,36,124.2,264.9,152.3,730.0
BIKES_0041,Bikes,2,238.5,365.0,80.2,557.2
BIKES_0042,Bikes,1,104.2,264.9,51.3,155.5
BIKES_0043,Bikes,1,236.2,365.0,70.2,306.5
BIKES_0044,Bikes,1,211.6,316.6,127.1,338.7
BIKES_0045,Bikes,0,,,,
BIKES_0046,Bikes,4,322.8,365.0,61.4,730.0
BIKES_0047,Bikes,37,61.2,124.9,7.6,730.0
BIKES_0048,Bikes,13,143.3,339.0,47.5,730.0
BIKES_0049,Bikes,8,286.5,365.0,98.1,730.0
BIKES_0050,Bikes,1,190.6,365.0,176.7,367.3
BIKES_0051,Bikes,1,365.0,365.0,27.7,392.7
BIKES_0052,Bikes,0,,,,
BIKES_0053,Bikes,2,365.0,365.0,135.5,730.0
BIKES_0054,Bikes,0,,,,
BIKES_0055,Bikes,6,162.9,179.2,102.2,730.0
BIKES_0056,Bikes,1,114.7,176.7,111.5,226.2
BIKES_0057,Bikes,9,132.7,222.8,14.1,730.0
BIKES_0058,Bikes,3,75.3,171.8,31.9,257.8
BIKES_0059,Bikes,3,328.1,365.0,98.6,730.0
BIKES_0060,Bikes,25,110.9,284.9,13.6,730.0
BIKES_0061,Bikes,3,182.2,365.0,51.7,598.2
BIKES_0062,Bikes,0,,,,
BIKES_0063,Bikes,0,,,,
BIKES_0064,Bikes,2,119.1,365.0,48.7,286.8
BIKES_0065,Bikes,193,129.7,365.0,124.9,730.0
BIKES_0066,Bikes,109,271.1,326.8,26.3,730.0
BIKES_0067,Bikes,7,350.4,365.0,100.1,730.0
BIKES_0068,Bikes,0,,,,
BIKES_0069,Bikes,0,,,,
BIKES_0070,Bikes,4,102.9,223.4,32.6,444.0
BIKES_0071,Bikes,0,,,,
BIKES_0072,Bikes,46,365.0,365.0,33.8,730.0
BIKES_0073,Bikes,0,,,,
BIKES_0074,Bikes,6,245.2,365.0,78.6,730.0
BIKES_0075,Bikes,1,135.8,365.0,17.4,153.2
BIKES_0076,Bikes,18,153.1,365.0,65.5,730.0
BIKES_0077,Bikes,7,248.5,365.0,75.0,730.0
BIKES_0078,Bikes,0,,,,
BIKES_0079,Bikes,0,,,,
BIKES_0080,Bikes,4,139.5,169.7,44.0,602.1
BIKES_0081,Bikes,6,241.6,365.0,205.7,730.0
BIKES_0082,Bikes,1,208.9,261.4,110.8,319.7
BIKES_0083,Bikes,2,121.1,231.0,128.4,370.6
BIKES_0084,Bikes,1,90.1,156.1,41.9,132.0
BIKES_0085,Bikes,3,365.0,365.0,60.0,730.0
BIKES_0086,Bikes,1,140.7,263.1,139.9,280.6
BIKES_0087,Bikes,1,320.7,365.0,293.5,614.2
BIKES_0088,Bikes,1,211.2,365.0,40.0,251.2
BIKES_0089,Bikes,16,231.5,365.0,34.4,730.0
BIKES_0090,Bikes,0,,,,
BIKES_0091,Bikes,1,142.4,325.5,65.1,207.5
BIKES_0092,Bikes,1,354.7,365.0,203.7,558.4
BIKES_0093,Bikes,7,307.2,365.0,65.8,730.0
BIKES_0094,Bikes,17,176.4,365.0,25.2,730.0
BIKES_0095,Bikes,1,204.4,365.0,111.8,316.3
BIKES_0096,Bikes,10,365.0,365.0,144.0,730.0
BIKES_0097,Bikes,8,162.7,239.5,48.9,730.0
BIKES_0098,Bikes,3,364.6,365.0,97.8,730.0
BIKES_0099,Bikes,13,320.6,365.0,100.4,730.0
BIKES_0100,Bikes,22,365.0,365.0,21.1,730.0
BIKES_0101,Bikes,0,,,,
BIKES_0102,Bikes,0,,,,
BIKES_0103,Bikes,1,287.0,315.7,91.4,378.4
BIKES_0104,Bikes,1,185.0,293.5,177.0,361.9
BIKES_0105,Bikes,4,151.4,311.2,98.6,704.0
BIKES_0106,Bikes,3,72.1,79.4,17.2,233.7
BIKES_0107,Bikes,1,258.6,365.0,99.0,357.6
BIKES_0108,Bikes,0,,,,
BIKES_0109,Bikes,1,104.2,259.5,17.6,121.8
BIKES_0110,Bikes,3,65.9,245.7,14.3,212.0
BIKES_0111,Bikes,1,233.6,281.2,57.2,290.9
BIKES_0112,Bikes,3,250.1,365.0,149.7,730.0
BIKES_0113,Bikes,311,303.9,365.0,96.5,730.0
BIKES_0114,Bikes,0,,,,
BIKES_0115,Bikes,9,102.8,178.9,106.0,730.0
BIKES_0116,Bikes,0,,,,
BIKES_0117,Bikes,12,52.2,86.5,49.4,675.4
BIKES_0118,Bikes,10,238.8,365.0,69.6,730.0
BIKES_0119,Bikes,10,96.5,160.1,26.8,730.0
BIKES_0120,Bikes,3,290.1,365.0,53.5,730.0
BIKES_0121,Bikes,13,254.4,292.0,71.5,730.0
BIKES_0122,Bikes,53,365.0,365.0,14.3,730.0
BIKES_0123,Bikes,1,184.4,365.0,100.6,285.0
BIKES_0124,Bikes,0,,,,
BIKES_0125,Bikes,34,198.3,275.7,31.2,730.0
BIKES_0126,Bikes,70,123.1,321.8,16.4,730.0
BIKES_0127,Bikes,2,211.1,338.5,44.0,466.2
BIKES_0128,Bikes,0,,,,
BIKES_0129,Bikes,1,226.0,365.0,31.4,257.5
BIKES_0130,Bikes,0,,,,
BIKES_0131,Bikes,9,189.7,365.0,138.9,730.0
BIKES_0132,Bikes,9,116.6,271.2,18.5,730.0
BIKES_0133,Bikes,82,110.9,300.9,12.0,730.0
BIKES_0134,Bikes,63,261.6,365.0,104.8,730.0
BIKES_0135,Bikes,1,191.5,365.0,13.8,205.3
BIKES_0136,Bikes,366,128.3,282.4,17.1,730.0
BIKES_0137,Bikes,5,113.4,172.1,77.4,644.4
BIKES_0138,Bikes,7,203.9,365.0,280.0,730.0
BIKES_0139,Bikes,1,365.0,365.0,215.7,580.7
BIKES_0140,Bikes,13,165.8,365.0,27.5,730.0
BIKES_0141,Bikes,1,365.0,365.0,118.6,483.6
BIKES_0142,Bikes,3,168.3,321.0,79.4,584.2
BIKES_0143,Bikes,5,318.2,365.0,68.3,730.0
BIKES_0144,Bikes,15,133.4,338.5,78.6,730.0
BIKES_0145,Bikes,2,203.3,365.0,62.3,469.0
BIKES_0146,Bikes,0,,,,
BIKE_COMPONENT_0001,Bike Components,0,,,,
BIKE_COMPONENT_0002,Bike Components,0,,,,
BIKE_COMPONENT_0003,Bike Components,0,,,,
BIKE_COMPONENT_0004,Bike Components,0,,,,
BIKE_COMPONENT_0005,Bike Components,6,176.2,295.2,39.7,730.0
BIKE_COMPONENT_0006,Bike Components,1,94.7,149.8,33.7,128.4
BIKE_COMPONENT_0007,Bike Components,0,,,,
BIKE_COMPONENT_0008,Bike Components,0,,,,
BIKE_COMPONENT_0009,Bike Components,1,360.7,365.0,38.2,398.9
BIKE_COMPONENT_0010,Bike Components,43,38.5,206.0,20.6,730.0
BIKE_COMPONENT_0011,Bike Components,1,92.9,230.4,15.7,108.6
BIKE_COMPONENT_0012,Bike Components,0,,,,
BIKE_COMPONENT_0013,Bike Components,0,,,,
BIKE_COMPONENT_0014,Bike Components,3,291.3,365.0,31.2,730.0
BIKE_COMPONENT_0015,Bike Components,1,101.1,182.7,13.7,114.8
BIKE_COMPONENT_0016,Bike Components,11,83.2,305.8,15.5,730.0
BIKE_COMPONENT_0017,Bike Components,1,119.8,243.6,19.2,139.0
BIKE_COMPONENT_0018,Bike Components,0,,,,
BIKE_COMPONENT_0019,Bike Components,7,100.1,196.7,8.2,709.2
BIKE_COMPONENT_0020,Bike Components,0,,,,
BIKE_COMPONENT_0021,Bike Components,1,63.3,166.7,52.8,116.1
BIKE_COMPONENT_0022,Bike Components,0,,,,
BIKE_COMPONENT_0023,Bike Components,20,48.1,58.7,8.1,730.0
BIKE_COMPONENT_0024,Bike Components,16,85.0,144.2,16.9,730.0
BIKE_COMPONENT_0025,Bike Components,0,,,,
BIKE_COMPONENT_0026,Bike Components,0,,,,
BIKE_COMPONENT_0027,Bike Components,0,,,,
BIKE_COMPONENT_0028,Bike Components,1,49.9,79.6,13.5,63.4
BIKE_COMPONENT_0029,Bike Components,1,146.1,364.5,141.0,287.0
BIKE_COMPONENT_0030,Bike Components,1,118.2,331.8,31.3,149.5
BIKE_COMPONENT_0031,Bike Components,1,85.1,279.7,14.2,99.3
BIKE_COMPONENT_0032,Bike Components,1,365.0,365.0,393.4,730.0
BIKE_COMPONENT_0033,Bike Components,1,150.9,273.4,89.5,240.4
BIKE_COMPONENT_0034,Bike Components,1,125.0,365.0,24.9,149.9
BIKE_COMPONENT_0035,Bike Components,0,,,,
BIKE_COMPONENT_0036,Bike Components,3,151.1,318.6,4.9,458.1
BIKE_COMPONENT_0037,Bike Components,1,221.6,322.2,16.9,238.5
BIKE_COMPONENT_0038,Bike Components,3,184.1,365.0,99.7,651.9
BIKE_COMPONENT_0039,Bike Components,0,,,,
BIKE_COMPONENT_0040,Bike Components,0,,,,
BIKE_COMPONENT_0041,Bike Components,0,,,,
BIKE_COMPONENT_0042,Bike Components,2,44.1,111.4,7.7,95.9
BIKE_COMPONENT_0043,Bike Components,0,,,,
BIKE_COMPONENT_0044,Bike Components,0,,,,
BIKE_COMPONENT_0045,Bike Components,23,159.0,339.5,39.6,730.0
BIKE_COMPONENT_0046,Bike Components,30,72.4,142.3,13.1,730.0
BIKE_COMPONENT_0047,Bike Components,2,225.7,365.0,137.9,589.4
BIKE_COMPONENT_0048,Bike Components,2,199.6,219.6,35.1,434.4
BIKE_COMPONENT_0049,Bike Components,6,84.5,92.9,50.5,557.3
BIKE_COMPONENT_0050,Bike Components,2,68.5,159.6,17.1,154.1
BIKE_COMPONENT_0051,Bike Components,0,,,,
BIKE_COMPONENT_0052,Bike Components,0,,,,
BIKE_COMPONENT_0053,Bike Components,0,,,,
BIKE_COMPONENT_0054,Bike Components,1,258.9,365.0,288.5,547.4
BIKE_COMPONENT_0055,Bike Components,2,72.6,233.2,12.9,158.2
BIKE_COMPONENT_0056,Bike Components,0,,,,
BIKE_COMPONENT_0057,Bike Components,1,110.6,202.4,13.4,124.0
BIKE_COMPONENT_0058,Bike Components,0,,,,
BIKE_COMPONENT_0059,Bike Components,2,138.3,365.0,16.2,292.8
BIKE_COMPONENT_0060,Bike Components,3,99.0,170.1,75.2,372.3
BIKE_COMPONENT_0061,Bike Components,0,,,,
BIKE_COMPONENT_0062,Bike Components,1,87.7,261.5,8.3,96.0
BIKE_COMPONENT_0063,Bike Components,1,188.7,365.0,29.7,218.4
BIKE_COMPONENT_0064,Bike Components,4,100.4,110.5,52.0,453.7
BIKE_COMPONENT_0065,Bike Components,0,,,,
BIKE_COMPONENT_0066,Bike Components,1,104.3,181.0,10.1,114.3
BIKE_COMPONENT_0067,Bike Components,0,,,,
BIKE_COMPONENT_0068,Bike Components,1,115.9,127.4,13.1,129.0
BIKE_COMPONENT_0069,Bike Components,0,,,,
BIKE_COMPONENT_0070,Bike Components,0,,,,
BIKE_COMPONENT_0071,Bike Components,0,,,,
BIKE_COMPONENT_0072,Bike Components,0,,,,
BIKE_COMPONENT_0073,Bike Components,0,,,,
BIKE_COMPONENT_0074,Bike Components,0,,,,
BIKE_COMPONENT_0075,Bike Components,0,,,,
BIKE_COMPONENT_0076,Bike Components,135,46.4,87.9,11.9,730.0
BIKE_COMPONENT_0077,Bike Components,1,113.4,342.8,18.0,131.4
BIKE_COMPONENT_0078,Bike Components,0,,,,
BIKE_COMPONENT_0079,Bike Components,1,115.8,310.1,50.6,166.3
BIKE_COMPONENT_0080,Bike Components,0,,,,
BIKE_COMPONENT_0081,Bike Components,0,,,,
BIKE_COMPONENT_0082,Bike Components,0,,,,
BIKE_COMPONENT_0083,Bike Components,13,101.3,349.1,6.3,730.0
BIKE_COMPONENT_0084,Bike Components,0,,,,
BIKE_COMPONENT_0085,Bike Components,0,,,,
BIKE_COMPONENT_0086,Bike Components,0,,,,
BIKE_COMPONENT_0087,Bike Components,0,,,,
BIKE_COMPONENT_0088,Bike Components,0,,,,
BIKE_COMPONENT_0089,Bike Components,0,,,,
BIKE_COMPONENT_0090,Bike Components,1,129.8,226.2,7.3,137.1
BIKE_COMPONENT_0091,Bike Components,2,125.4,292.1,89.6,340.4
BIKE_COMPONENT_0092,Bike Components,1,40.8,177.3,22.0,62.8
BIKE_COMPONENT_0093,Bike Components,0,,,,
BIKE_COMPONENT_0094,Bike Components,0,,,,
BIKE_COMPONENT_0095,Bike Components,1,146.3,365.0,59.9,206.2
BIKE_COMPONENT_0096,Bike Components,1,232.3,365.0,75.0,307.3
BIKE_COMPONENT_0097,Bike Components,1,112.5,323.4,80.9,193.4
BIKE_COMPONENT_0098,Bike Components,0,,,,
BIKE_COMPONENT_0099,Bike Components,12,164.6,365.0,43.4,730.0
BIKE_COMPONENT_0100,Bike Components,0,,,,
BIKE_COMPONENT_0101,Bike Components,0,,,,
BIKE_COMPONENT_0102,Bike Components,0,,,,
BIKE_COMPONENT_0103,Bike Components,1,44.4,60.7,14.6,59.0
BIKE_COMPONENT_0104,Bike Components,0,,,,
BIKE_COMPONENT_0105,Bike Components,0,,,,
BIKE_COMPONENT_0106,Bike Components,4,56.1,198.9,12.4,237.0
BIKE_COMPONENT_0107,Bike Components,0,,,,
BIKE_COMPONENT_0108,Bike Components,9,70.7,142.6,9.1,645.8
BIKE_COMPONENT_0109,Bike Components,0,,,,
BIKE_COMPONENT_0110,Bike Components,1,49.2,54.1,6.8,56.0
BIKE_COMPONENT_0111,Bike Components,0,,,,
BIKE_COMPONENT_0112,Bike Components,1,132.6,365.0,52.7,185.3
BIKE_COMPONENT_0113,Bike Components,0,,,,
BIKE_COMPONENT_0114,Bike Components,2,112.5,365.0,35.5,260.6
BIKE_COMPONENT_0115,Bike Components,8,120.1,159.1,8.6,730.0
BIKE_COMPONENT_0116,Bike Components,1,70.7,165.9,24.7,95.5
BIKE_COMPONENT_0117,Bike Components,0,,,,
BIKE_COMPONENT_0118,Bike Components,1,190.7,243.9,12.7,203.4
BIKE_COMPONENT_0119,Bike Components,4,129.0,141.9,8.8,524.8
BIKE_COMPONENT_0120,Bike Components,1,61.6,126.2,29.3,90.9
BIKE_COMPONENT_0121,Bike Components,1,310.0,365.0,35.7,345.7
BIKE_COMPONENT_0122,Bike Components,3,141.5,365.0,29.5,453.9
BIKE_COMPONENT_0123,Bike Components,0,,,,
BIKE_COMPONENT_0124,Bike Components,0,,,,
BIKE_COMPONENT_0125,Bike Components,1,104.3,266.7,18.5,122.8
BIKE_COMPONENT_0126,Bike Components,0,,,,
BIKE_COMPONENT_0127,Bike Components,0,,,,
BIKE_COMPONENT_0128,Bike Components,1,106.8,261.7,23.4,130.2
BIKE_COMPONENT_0129,Bike Components,0,,,,
BIKE_COMPONENT_0130,Bike Components,2,365.0,365.0,53.4,730.0
BIKE_COMPONENT_0131,Bike Components,1,40.6,73.7,7.5,48.1
BIKE_COMPONENT_0132,Bike Components,0,,,,
BIKE_COMPONENT_0133,Bike Components,1,172.7,365.0,46.7,219.5
BIKE_COMPONENT_0134,Bike Components,7,33.5,177.1,10.9,245.2
BIKE_COMPONENT_0135,Bike Components,1,166.6,365.0,61.6,228.2
BIKE_COMPONENT_0136,Bike Components,4,43.1,303.9,26.6,199.1
BIKE_COMPONENT_0137,Bike Components,1,365.0,365.0,96.7,461.7
BIKE_COMPONENT_0138,Bike Components,76,219.6,365.0,16.6,730.0
BIKE_COMPONENT_0139,Bike Components,1,365.0,365.0,180.4,545.4
BIKE_COMPONENT_0140,Bike Components,1,179.8,344.3,148.6,328.4
BIKE_COMPONENT_0141,Bike Components,2,74.8,328.8,33.4,183.0
BIKE_COMPONENT_0142,Bike Components,4,243.6,365.0,33.6,730.0
BIKE_COMPONENT_0143,Bike Components,1,303.8,365.0,9.1,312.9
BIKE_COMPONENT_0144,Bike Components,4,86.8,142.5,62.3,409.6
BIKE_COMPONENT_0145,Bike Components,0,,,,
BIKE_COMPONENT_0146,Bike Components,0,,,,
BIKE_COMPONENT_0147,Bike Components,0,,,,
BIKE_COMPONENT_0148,Bike Components,8,167.7,282.8,11.5,730.0
BIKE_COMPONENT_0149,Bike Components,1,70.3,104.4,25.7,96.0
BIKE_COMPONENT_0150,Bike Components,2,278.7,365.0,368.1,730.0
BIKE_COMPONENT_0151,Bike Components,0,,,,
BIKE_COMPONENT_0152,Bike Components,0,,,,
BIKE_COMPONENT_0153,Bike Components,0,,,,
BIKE_COMPONENT_0154,Bike Components,0,,,,
BIKE_COMPONENT_0155,Bike Components,0,,,,
BIKE_COMPONENT_0156,Bike Components,0,,,,
BIKE_COMPONENT_0157,Bike Components,0,,,,
BIKE_COMPONENT_0158,Bike Components,5,74.3,88.7,5.8,377.4
BIKE_COMPONENT_0159,Bike Components,0,,,,
BIKE_COMPONENT_0160,Bike Components,0,,,,
BIKE_COMPONENT_0161,Bike Components,2,223.8,365.0,56.2,503.7
BIKE_COMPONENT_0162,Bike Components,2,142.7,304.2,14.5,299.9
BIKE_COMPONENT_0163,Bike Components,60,210.4,365.0,48.0,730.0
BIKE_COMPONENT_0164,Bike Components,1,205.9,365.0,28.2,234.0
BIKE_COMPONENT_0165,Bike Components,0,,,,
BIKE_COMPONENT_0166,Bike Components,7,62.7,129.1,21.7,460.8
BIKE_COMPONENT_0167,Bike Components,0,,,,
BIKE_COMPONENT_0168,Bike Components,0,,,,
BIKE_COMPONENT_0169,Bike Components,68,201.6,365.0,23.1,730.0
BIKE_COMPONENT_0170,Bike Components,0,,,,
BIKE_COMPONENT_0171,Bike Components,0,,,,
BIKE_COMPONENT_0172,Bike Components,1,47.8,70.4,24.5,72.3
BIKE_COMPONENT_0173,Bike Components,0,,,,
BIKE_COMPONENT_0174,Bike Components,2,99.7,365.0,21.5,221.0
BIKE_COMPONENT_0175,Bike Components,1,90.2,365.0,16.4,106.6
BIKE_COMPONENT_0176,Bike Components,1,26.8,63.6,25.2,51.9
BIKE_COMPONENT_0177,Bike Components,0,,,,
BIKE_COMPONENT_0178,Bike Components,0,,,,
BIKE_COMPONENT_0179,Bike Components,1,48.2,116.1,25.7,73.8
BIKE_COMPONENT_0180,Bike Components,16,95.8,134.6,102.1,730.0
BIKE_COMPONENT_0181,Bike Components,1,108.1,137.5,139.6,247.6
BIKE_COMPONENT_0182,Bike Components,2,60.9,258.2,39.1,160.9
BIKE_COMPONENT_0183,Bike Components,0,,,,
BIKE_COMPONENT_0184,Bike Components,1,48.6,60.7,35.3,83.8
BIKE_COMPONENT_0185,Bike Components,0,,,,
BIKE_COMPONENT_0186,Bike Components,1,148.4,279.5,110.5,258.9
BIKE_COMPONENT_0187,Bike Components,1,100.8,162.8,15.3,116.1
BIKE_COMPONENT_0188,Bike Components,0,,,,
BIKE_COMPONENT_0189,Bike Components,1,365.0,365.0,138.1,503.1
BIKE_COMPONENT_0190,Bike Components,0,,,,
BIKE_COMPONENT_0191,Bike Components,0,,,,
BIKE_COMPONENT_0192,Bike Components,0,,,,
BIKE_COMPONENT_0193,Bike Components,1,186.5,213.3,15.7,202.2
BIKE_COMPONENT_0194,Bike Components,1,65.2,115.1,20.1,85.3
BIKE_COMPONENT_0195,Bike Components,1,75.7,173.4,22.4,98.1
BIKE_COMPONENT_0196,Bike Components,12,136.1,235.0,35.2,730.0
BIKE_COMPONENT_0197,Bike Components,1,112.3,268.9,48.8,161.1
BIKE_COMPONENT_0198,Bike Components,0,,,,
BIKE_COMPONENT_0199,Bike Components,0,,,,
BIKE_COMPONENT_0200,Bike Components,0,,,,
BIKE_COMPONENT_0201,Bike Components,0,,,,
BIKE_COMPONENT_0202,Bike Components,1,365.0,365.0,41.5,406.5
BIKE_COMPONENT_0203,Bike Components,4,161.7,365.0,38.6,685.5
BIKE_COMPONENT_0204,Bike Components,2,57.1,133.3,19.9,134.2
BIKE_COMPONENT_0205,Bike Components,12,365.0,365.0,80.5,730.0
BIKE_COMPONENT_0206,Bike Components,1,156.0,218.5,59.8,215.8
BIKE_COMPONENT_0207,Bike Components,1,94.5,223.0,14.4,108.9
BIKE_COMPONENT_0208,Bike Components,0,,,,
BIKE_COMPONENT_0209,Bike Components,0,,,,
BIKE_COMPONENT_0210,Bike Components,0,,,,
BIKE_COMPONENT_0211,Bike Components,1,145.6,309.1,14.9,160.4
BIKE_COMPONENT_0212,Bike Components,1,278.0,365.0,69.7,347.7
BIKE_COMPONENT_0213,Bike Components,8,48.4,226.0,28.2,415.1
BIKE_COMPONENT_0214,Bike Components,0,,,,
BIKE_COMPONENT_0215,Bike Components,0,,,,
BIKE_COMPONENT_0216,Bike Components,49,81.6,96.1,12.1,730.0
BIKE_COMPONENT_0217,Bike Components,1,96.9,240.9,32.5,129.5
BIKE_COMPONENT_0218,Bike Components,0,,,,
BIKE_COMPONENT_0219,Bike Components,0,,,,
BIKE_COMPONENT_0220,Bike Components,1,114.0,365.0,23.7,137.7
BIKE_COMPONENT_0221,Bike Components,0,,,,
BIKE_COMPONENT_0222,Bike Components,1,205.9,365.0,50.2,256.1
BIKE_COMPONENT_0223,Bike Components,2,33.4,71.2,13.5,80.2
BIKE_COMPONENT_0224,Bike Components,0,,,,
BIKE_COMPONENT_0225,Bike Components,35,71.0,165.8,39.3,730.0
BIKE_COMPONENT_0226,Bike Components,0,,,,
BIKE_COMPONENT_0227,Bike Components,0,,,,
BIKE_COMPONENT_0228,Bike Components,4,151.9,282.4,23.5,631.0
BIKE_COMPONENT_0229,Bike Components,0,,,,
BIKE_COMPONENT_0230,Bike Components,10,50.6,112.6,14.4,520.1
BIKE_COMPONENT_0231,Bike Components,0,,,,
BIKE_COMPONENT_0232,Bike Components,0,,,,
BIKE_COMPONENT_0233,Bike Components,0,,,,
BIKE_COMPONENT_0234,Bike Components,7,42.0,108.2,15.7,309.6
BIKE_COMPONENT_0235,Bike Components,1,276.4,365.0,68.3,344.7
BIKE_COMPONENT_0236,Bike Components,0,,,,
BIKE_COMPONENT_0237,Bike Components,1,120.8,194.3,7.0,127.8
BIKE_COMPONENT_0238,Bike Components,0,,,,
BIKE_COMPONENT_0239,Bike Components,0,,,,
BIKE_COMPONENT_0240,Bike Components,0,,,,
BIKE_COMPONENT_0241,Bike Components,0,,,,
BIKE_COMPONENT_0242,Bike Components,3,184.2,365.0,29.4,581.9
BIKE_COMPONENT_0243,Bike Components,2,130.9,365.0,7.1,269.0
BIKE_COMPONENT_0244,Bike Components,13,63.2,186.8,19.6,730.0
BIKE_COMPONENT_0245,Bike Components,0,,,,
BIKE_COMPONENT_0246,Bike Components,30,182.5,365.0,16.9,730.0
BIKE_COMPONENT_0247,Bike Components,0,,,,
BIKE_COMPONENT_0248,Bike Components,0,,,,
BIKE_COMPONENT_0249,Bike Components,0,,,,
BIKE_COMPONENT_0250,Bike Components,0,,,,
BIKE_COMPONENT_0251,Bike Components,1,150.9,365.0,49.9,200.8
BIKE_COMPONENT_0252,Bike Components,6,114.1,264.8,30.6,715.0
BIKE_COMPONENT_0253,Bike Components,0,,,,
BIKE_COMPONENT_0254,Bike Components,0,,,,
BIKE_COMPONENT_0255,Bike Components,0,,,,
BIKE_COMPONENT_0256,Bike Components,2,88.3,344.4,29.3,206.0
BIKE_COMPONENT_0257,Bike Components,0,,,,
BIKE_COMPONENT_0258,Bike Components,8,113.3,326.6,34.3,730.0
BIKE_COMPONENT_0259,Bike Components,0,,,,
BIKE_COMPONENT_0260,Bike Components,0,,,,
BIKE_COMPONENT_0261,Bike Components,0,,,,
BIKE_COMPONENT_0262,Bike Components,0,,,,
BIKE_COMPONENT_0263,Bike Components,7,113.0,245.1,12.8,730.0
BIKE_COMPONENT_0264,Bike Components,5,333.2,365.0,191.1,730.0
BIKE_COMPONENT_0265,Bike Components,1,120.0,303.6,30.8,150.9
BIKE_COMPONENT_0266,Bike Components,0,,,,
BIKE_COMPONENT_0267,Bike Components,0,,,,
BIKE_COMPONENT_0268,Bike Components,2,83.7,112.5,11.7,179.2
BIKE_COMPONENT_0269,Bike Components,0,,,,
BIKE_COMPONENT_0270,Bike Components,0,,,,
BIKE_COMPONENT_0271,Bike Components,0,,,,
BIKE_COMPONENT_0272,Bike Components,0,,,,
BIKE_COMPONENT_0273,Bike Components,0,,,,
BIKE_COMPONENT_0274,Bike Components,0,,,,
BIKE_COMPONENT_0275,Bike Components,2,200.5,230.1,8.9,409.9
BIKE_COMPONENT_0276,Bike Components,0,,,,
BIKE_COMPONENT_0277,Bike Components,0,,,,
BIKE_COMPONENT_0278,Bike Components,1,100.2,132.9,112.1,212.3
BIKE_COMPONENT_0279,Bike Components,2,175.3,365.0,33.4,384.0
BIKE_COMPONENT_0280,Bike Components,1,365.0,365.0,252.9,617.9
BIKE_COMPONENT_0281,Bike Components,7,167.7,268.8,71.5,730.0
BIKE_COMPONENT_0282,Bike Components,0,,,,
BIKE_COMPONENT_0283,Bike Components,0,,,,
BIKE_COMPONENT_0284,Bike Components,0,,,,
BIKE_COMPONENT_0285,Bike Components,1,68.4,242.6,26.8,95.2
BIKE_COMPONENT_0286,Bike Components,5,26.3,47.2,28.3,159.6
BIKE_COMPONENT_0287,Bike Components,3,67.7,234.9,5.9,208.9
BIKE_COMPONENT_0288,Bike Components,28,133.0,327.8,25.1,730.0
BIKE_COMPONENT_0289,Bike Components,6,57.4,151.7,19.4,364.0
BIKE_COMPONENT_0290,Bike Components,3,103.2,268.7,48.5,358.2
BIKE_COMPONENT_0291,Bike Components,8,196.7,266.6,8.4,730.0
BIKE_COMPONENT_0292,Bike Components,35,199.5,365.0,14.9,730.0
BIKE_COMPONENT_0293,Bike Components,39,29.6,68.5,15.0,730.0
BIKE_COMPONENT_0294,Bike Components,0,,,,
BIKE_COMPONENT_0295,Bike Components,12,170.6,365.0,46.7,730.0
BIKE_COMPONENT_0296,Bike Components,0,,,,
BIKE_COMPONENT_0297,Bike Components,0,,,,
BIKE_COMPONENT_0298,Bike Components,0,,,,
BIKE_COMPONENT_0299,Bike Components,1,158.0,288.5,108.3,266.3
BIKE_COMPONENT_0300,Bike Components,0,,,,
BIKE_COMPONENT_0301,Bike Components,31,136.9,354.9,40.0,730.0
BIKE_COMPONENT_0302,Bike Components,2,149.6,261.0,17.9,317.1
BIKE_COMPONENT_0303,Bike Components,0,,,,
BIKE_COMPONENT_0304,Bike Components,3,147.8,318.6,26.1,469.4
BIKE_COMPONENT_0305,Bike Components,0,,,,
BIKE_COMPONENT_0306,Bike Components,0,,,,
BIKE_COMPONENT_0307,Bike Components,4,188.2,365.0,36.7,730.0
BIKE_COMPONENT_0308,Bike Components,9,105.5,116.1,36.6,730.0
BIKE_COMPONENT_0309,Bike Components,1,100.5,261.6,7.1,107.6
BIKE_COMPONENT_0310,Bike Components,0,,,,
BIKE_COMPONENT_0311,Bike Components,0,,,,
BIKE_COMPONENT_0312,Bike Components,1,126.5,296.4,23.8,150.2
BIKE_COMPONENT_0313,Bike Components,0,,,,
BIKE_COMPONENT_0314,Bike Components,18,202.9,308.3,17.7,730.0
BIKE_COMPONENT_0315,Bike Components,4,71.6,254.9,66.9,353.3
BIKE_COMPONENT_0316,Bike Components,2,68.5,105.1,33.4,170.5
BIKE_COMPONENT_0317,Bike Components,23,302.9,333.2,65.3,730.0
BIKE_COMPONENT_0318,Bike Components,1,55.1,344.6,10.3,65.5
BIKE_COMPONENT_0319,Bike Components,2,114.0,234.8,58.3,286.3
BIKE_COMPONENT_0320,Bike Components,1,182.1,318.1,3.5,185.6
BIKE_COMPONENT_0321,Bike Components,1,84.2,365.0,17.6,101.9
BIKE_COMPONENT_0322,Bike Components,1,135.0,365.0,51.6,186.5
BIKE_COMPONENT_0323,Bike Components,0,,,,
BIKE_COMPONENT_0324,Bike Components,0,,,,
BIKE_COMPONENT_0325,Bike Components,3,67.9,282.3,7.9,211.5
BIKE_COMPONENT_0326,Bike Components,3,124.6,222.4,15.4,389.2
BIKE_COMPONENT_0327,Bike Components,2,18.6,54.3,17.8,54.9
BIKE_COMPONENT_0328,Bike Components,0,,,,
BIKE_COMPONENT_0329,Bike Components,0,,,,
BIKE_COMPONENT_0330,Bike Components,0,,,,
BIKE_COMPONENT_0331,Bike Components,1,191.6,365.0,16.9,208.4
BIKE_COMPONENT_0332,Bike Components,0,,,,
BIKE_COMPONENT_0333,Bike Components,0,,,,
BIKE_COMPONENT_0334,Bike Components,1,87.9,250.7,65.6,153.5
BIKE_COMPONENT_0335,Bike Components,1,365.0,365.0,43.4,408.4
BIKE_COMPONENT_0336,Bike Components,4,91.1,119.0,13.7,378.0
BIKE_COMPONENT_0337,Bike Components,2,86.1,332.6,11.4,183.6
BIKE_COMPONENT_0338,Bike Components,0,,,,
BIKE_COMPONENT_0339,Bike Components,0,,,,
BIKE_COMPONENT_0340,Bike Components,4,213.8,264.1,105.6,730.0
BIKE_COMPONENT_0341,Bike Components,6,64.6,224.7,14.7,402.3
BIKE_COMPONENT_0342,Bike Components,1,99.9,134.2,73.7,173.6
BIKE_COMPONENT_0343,Bike Components,1,147.7,365.0,63.6,211.3
BIKE_COMPONENT_0344,Bike Components,20,127.0,315.1,24.2,730.0
BIKE_COMPONENT_0345,Bike Components,0,,,,
BIKE_COMPONENT_0346,Bike Components,50,365.0,365.0,44.6,730.0
BIKE_COMPONENT_0347,Bike Components,0,,,,
BIKE_COMPONENT_0348,Bike Components,0,,,,
BIKE_COMPONENT_0349,Bike Components,0,,,,
BIKE_COMPONENT_0350,Bike Components,1,278.3,365.0,23.5,301.8
KAYAKS_AND_CAN_0001,Kayaks & Canoes,6,175.3,365.0,40.4,730.0
KAYAKS_AND_CAN_0002,Kayaks & Canoes,12,263.8,365.0,30.0,730.0
KAYAKS_AND_CAN_0003,Kayaks & Canoes,0,,,,
KAYAKS_AND_CAN_0004,Kayaks & Canoes,17,146.2,321.9,246.5,730.0
KAYAKS_AND_CAN_0005,Kayaks & Canoes,1,145.3,292.3,169.7,314.9
KAYAKS_AND_CAN_0006,Kayaks & Canoes,19,225.9,274.3,196.8,730.0
KAYAKS_AND_CAN_0007,Kayaks & Canoes,0,,,,
KAYAKS_AND_CAN_0008,Kayaks & Canoes,1,218.4,365.0,37.2,255.6
KAYAKS_AND_CAN_0009,Kayaks & Canoes,0,,,,
KAYAKS_AND_CAN_0010,Kayaks & Canoes,0,,,,
KAYAKS_AND_CAN_0011,Kayaks & Canoes,1,83.3,256.8,32.1,115.4
KAYAKS_AND_CAN_0012,Kayaks & Canoes,1,365.0,365.0,18.0,383.0
KAYAKS_AND_CAN_0013,Kayaks & Canoes,0,,,,
KAYAKS_AND_CAN_0014,Kayaks & Canoes,1,150.6,365.0,43.6,194.2
KAYAKS_AND_CAN_0015,Kayaks & Canoes,30,93.4,152.7,9.2,730.0
KAYAKS_AND_CAN_0016,Kayaks & Canoes,70,116.6,139.8,10.3,730.0
KAYAKS_AND_CAN_0017,Kayaks & Canoes,4,116.4,302.4,38.3,503.8
KAYAKS_AND_CAN_0018,Kayaks & Canoes,3,200.3,220.3,101.5,702.3
KAYAKS_AND_CAN_0019,Kayaks & Canoes,11,92.4,148.9,25.0,730.0
KAYAKS_AND_CAN_0020,Kayaks & Canoes,0,,,,
KAYAKS_AND_CAN_0021,Kayaks & Canoes,1,365.0,365.0,175.6,540.6
KAYAKS_AND_CAN_0022,Kayaks & Canoes,44,365.0,365.0,34.6,730.0
KAYAKS_AND_CAN_0023,Kayaks & Canoes,25,223.9,246.3,21.7,730.0
KAYAKS_AND_CAN_0024,Kayaks & Canoes,8,142.5,274.5,30.6,730.0
KAYAKS_AND_CAN_0025,Kayaks & Canoes,3,121.9,185.0,42.9,408.7
KAYAKS_AND_CAN_0026,Kayaks & Canoes,0,,,,
KAYAKS_AND_CAN_0027,Kayaks & Canoes,0,,,,
KAYAKS_AND_CAN_0028,Kayaks & Canoes,4,365.0,365.0,60.0,730.0
KAYAKS_AND_CAN_0029,Kayaks & Canoes,3,261.3,287.4,246.0,730.0
KAYAKS_AND_CAN_0030,Kayaks & Canoes,6,142.8,354.6,69.9,730.0
KAYAKS_AND_CAN_0031,Kayaks & Canoes,1,360.2,365.0,164.8,525.0
KAYAKS_AND_CAN_0032,Kayaks & Canoes,4,196.2,365.0,78.9,730.0
KAYAKS_AND_CAN_0033,Kayaks & Canoes,1,201.1,365.0,33.6,234.7
KAYAKS_AND_CAN_0034,Kayaks & Canoes,1,222.8,365.0,81.1,303.9
KAYAKS_AND_CAN_0035,Kayaks & Canoes,0,,,,
KAYAKS_AND_CAN_0036,Kayaks & Canoes,3,285.5,365.0,46.2,730.0
KAYAKS_AND_CAN_0037,Kayaks & Canoes,13,170.1,242.7,25.4,730.0
KAYAKS_AND_CAN_0038,Kayaks & Canoes,0,,,,
KAYAKS_AND_CAN_0039,Kayaks & Canoes,8,365.0,365.0,229.9,730.0
KAYAKS_AND_CAN_0040,Kayaks & Canoes,12,56.8,130.1,11.2,692.4
KAYAKS_AND_CAN_0041,Kayaks & Canoes,1,329.4,365.0,83.7,413.1
KAYAKS_AND_CAN_0042,Kayaks & Canoes,1,269.6,365.0,229.0,498.6
KAYAKS_AND_CAN_0043,Kayaks & Canoes,48,199.9,365.0,32.5,730.0
KAYAKS_AND_CAN_0044,Kayaks & Canoes,56,205.2,298.0,32.8,730.0
KAYAKS_AND_CAN_0045,Kayaks & Canoes,14,59.6,130.4,6.8,730.0
KAYAKS_AND_CAN_0046,Kayaks & Canoes,2,365.0,365.0,106.6,730.0
KAYAKS_AND_CAN_0047,Kayaks & Canoes,3,343.1,365.0,47.1,730.0
KAYAKS_AND_CAN_0048,Kayaks & Canoes,5,317.5,365.0,33.5,730.0
KAYAKS_AND_CAN_0049,Kayaks & Canoes,14,161.4,203.6,47.6,730.0
KAYAKS_AND_CAN_0050,Kayaks & Canoes,13,145.9,365.0,20.1,730.0
KAYAKS_AND_CAN_0051,Kayaks & Canoes,1,222.0,365.0,134.1,356.1
KAYAKS_AND_CAN_0052,Kayaks & Canoes,36,339.3,365.0,87.9,730.0
KAYAKS_AND_CAN_0053,Kayaks & Canoes,1,308.6,365.0,113.8,422.4
KAYAKS_AND_CAN_0054,Kayaks & Canoes,33,86.1,150.1,105.2,730.0
KAYAKS_AND_CAN_0055,Kayaks & Canoes,0,,,,
KAYAKS_AND_CAN_0056,Kayaks & Canoes,1,161.8,297.8,35.2,197.0
KAYAKS_AND_CAN_0057,Kayaks & Canoes,0,,,,
KAYAKS_AND_CAN_0058,Kayaks & Canoes,10,78.6,145.4,15.7,730.0
KAYAKS_AND_CAN_0059,Kayaks & Canoes,0,,,,
KAYAKS_AND_CAN_0060,Kayaks & Canoes,2,365.0,365.0,60.3,730.0
KAYAKS_AND_CAN_0061,Kayaks & Canoes,0,,,,
KAYAKS_AND_CAN_0062,Kayaks & Canoes,24,321.2,365.0,104.2,730.0
KAYAKS_AND_CAN_0063,Kayaks & Canoes,6,227.8,365.0,113.2,730.0
KAYAKS_AND_CAN_0064,Kayaks & Canoes,3,365.0,365.0,400.0,730.0
KAYAKS_AND_CAN_0065,Kayaks & Canoes,11,164.7,365.0,53.7,730.0
KAYAKS_AND_CAN_0066,Kayaks & Canoes,83,80.2,102.1,11.4,730.0
KAYAKS_AND_CAN_0067,Kayaks & Canoes,0,,,,
KAYAKS_AND_CAN_0068,Kayaks & Canoes,0,,,,
KAYAKS_AND_CAN_0069,Kayaks & Canoes,3,289.5,365.0,48.9,730.0
KAYAKS_AND_CAN_0070,Kayaks & Canoes,0,,,,
KAYAKS_AND_CAN_0071,Kayaks & Canoes,2,228.6,360.1,94.0,551.2
KAYAKS_AND_CAN_0072,Kayaks & Canoes,0,,,,
KAYAKS_AND_CAN_0073,Kayaks & Canoes,50,335.9,365.0,222.2,730.0
KAYAKS_AND_CAN_0074,Kayaks & Canoes,2,154.3,293.1,79.6,388.2
KAYAKS_AND_CAN_0075,Kayaks & Canoes,0,,,,
KAYAKS_AND_CAN_0076,Kayaks & Canoes,11,227.7,365.0,142.0,730.0
KAYAKS_AND_CAN_0077,Kayaks & Canoes,98,96.2,365.0,15.9,730.0
KAYAKS_AND_CAN_0078,Kayaks & Canoes,0,,,,
PADDLE_AND_SUP_0001,Paddle & SUP Accessories,28,83.6,365.0,16.3,730.0
PADDLE_AND_SUP_0002,Paddle & SUP Accessories,6,68.9,197.1,15.0,428.3
PADDLE_AND_SUP_0003,Paddle & SUP Accessories,1,45.5,97.2,24.8,70.3
PADDLE_AND_SUP_0004,Paddle & SUP Accessories,1,157.5,353.7,39.1,196.7
PADDLE_AND_SUP_0005,Paddle & SUP Accessories,0,,,,
PADDLE_AND_SUP_0006,Paddle & SUP Accessories,0,,,,
PADDLE_AND_SUP_0007,Paddle & SUP Accessories,2,120.8,155.8,21.6,263.2
PADDLE_AND_SUP_0008,Paddle & SUP Accessories,8,60.5,98.7,40.8,524.6
PADDLE_AND_SUP_0009,Paddle & SUP Accessories,9,105.1,228.6,36.3,730.0
PADDLE_AND_SUP_0010,Paddle & SUP Accessories,0,,,,
PADDLE_AND_SUP_0011,Paddle & SUP Accessories,10,16.2,45.3,17.0,178.6
PADDLE_AND_SUP_0012,Paddle & SUP Accessories,0,,,,
PADDLE_AND_SUP_0013,Paddle & SUP Accessories,1,92.2,101.4,17.5,109.6
PADDLE_AND_SUP_0014,Paddle & SUP Accessories,40,19.1,51.5,6.4,730.0
PADDLE_AND_SUP_0015,Paddle & SUP Accessories,11,52.4,104.4,10.0,586.2
PADDLE_AND_SUP_0016,Paddle & SUP Accessories,3,121.9,365.0,17.4,383.1
PADDLE_AND_SUP_0017,Paddle & SUP Accessories,0,,,,
PADDLE_AND_SUP_0018,Paddle & SUP Accessories,1,64.7,150.5,11.9,76.6
PADDLE_AND_SUP_0019,Paddle & SUP Accessories,0,,,,
PADDLE_AND_SUP_0020,Paddle & SUP Accessories,2,114.4,125.9,6.6,235.5
PADDLE_AND_SUP_0021,Paddle & SUP Accessories,1,32.2,56.0,21.2,53.4
PADDLE_AND_SUP_0022,Paddle & SUP Accessories,13,101.1,170.5,61.7,730.0
PADDLE_AND_SUP_0023,Paddle & SUP Accessories,0,,,,
PADDLE_AND_SUP_0024,Paddle & SUP Accessories,1,97.3,164.7,22.2,119.5
PADDLE_AND_SUP_0025,Paddle & SUP Accessories,1,134.9,283.4,52.7,187.6
PADDLE_AND_SUP_0026,Paddle & SUP Accessories,2,100.8,194.0,23.6,225.3
PADDLE_AND_SUP_0027,Paddle & SUP Accessories,8,36.2,73.2,52.3,342.3
PADDLE_AND_SUP_0028,Paddle & SUP Accessories,2,295.5,365.0,44.4,635.5
PADDLE_AND_SUP_0029,Paddle & SUP Accessories,4,38.0,81.8,8.7,160.5
PADDLE_AND_SUP_0030,Paddle & SUP Accessories,6,52.4,103.1,12.7,327.0
PADDLE_AND_SUP_0031,Paddle & SUP Accessories,4,25.4,76.7,25.7,127.3
PADDLE_AND_SUP_0032,Paddle & SUP Accessories,0,,,,
PADDLE_AND_SUP_0033,Paddle & SUP Accessories,1,145.9,344.3,33.3,179.1
PADDLE_AND_SUP_0034,Paddle & SUP Accessories,1,45.3,88.0,26.4,71.7
PADDLE_AND_SUP_0035,Paddle & SUP Accessories,13,16.3,40.1,24.1,236.0
PADDLE_AND_SUP_0036,Paddle & SUP Accessories,12,91.7,283.4,16.4,730.0
PADDLE_AND_SUP_0037,Paddle & SUP Accessories,13,161.1,365.0,16.5,730.0
PADDLE_AND_SUP_0038,Paddle & SUP Accessories,5,170.5,365.0,13.8,730.0
PADDLE_AND_SUP_0039,Paddle & SUP Accessories,1,104.0,365.0,16.0,119.9
PADDLE_AND_SUP_0040,Paddle & SUP Accessories,1,61.6,112.6,10.6,72.2
PADDLE_AND_SUP_0041,Paddle & SUP Accessories,1,85.6,334.0,16.9,102.5
PADDLE_AND_SUP_0042,Paddle & SUP Accessories,1,116.5,302.8,44.0,160.5
PADDLE_AND_SUP_0043,Paddle & SUP Accessories,31,110.8,121.9,37.5,730.0
PADDLE_AND_SUP_0044,Paddle & SUP Accessories,0,,,,
PADDLE_AND_SUP_0045,Paddle & SUP Accessories,2,31.3,38.8,29.3,91.9
PADDLE_AND_SUP_0046,Paddle & SUP Accessories,1,205.6,365.0,53.9,259.5
PADDLE_AND_SUP_0047,Paddle & SUP Accessories,51,22.8,40.3,25.4,730.0
PADDLE_AND_SUP_0048,Paddle & SUP Accessories,1,134.4,265.2,26.0,160.4
PADDLE_AND_SUP_0049,Paddle & SUP Accessories,1,60.0,86.0,31.9,92.0
PADDLE_AND_SUP_0050,Paddle & SUP Accessories,0,,,,
PADDLE_AND_SUP_0051,Paddle & SUP Accessories,1,120.2,268.1,13.6,133.8
PADDLE_AND_SUP_0052,Paddle & SUP Accessories,2,246.6,365.0,64.4,557.7
PADDLE_AND_SUP_0053,Paddle & SUP Accessories,11,15.6,20.9,13.6,185.6
PADDLE_AND_SUP_0054,Paddle & SUP Accessories,0,,,,
PADDLE_AND_SUP_0055,Paddle & SUP Accessories,0,,,,
PADDLE_AND_SUP_0056,Paddle & SUP Accessories,3,177.6,195.3,47.2,580.0
PADDLE_AND_SUP_0057,Paddle & SUP Accessories,5,118.8,365.0,32.3,626.4
PADDLE_AND_SUP_0058,Paddle & SUP Accessories,2,129.0,272.0,87.4,345.5
PADDLE_AND_SUP_0059,Paddle & SUP Accessories,1,19.9,89.6,20.8,40.8
PADDLE_AND_SUP_0060,Paddle & SUP Accessories,0,,,,
PADDLE_AND_SUP_0061,Paddle & SUP Accessories,0,,,,
PADDLE_AND_SUP_0062,Paddle & SUP Accessories,0,,,,
PADDLE_AND_SUP_0063,Paddle & SUP Accessories,0,,,,
PADDLE_AND_SUP_0064,Paddle & SUP Accessories,0,,,,
PADDLE_AND_SUP_0065,Paddle & SUP Accessories,2,87.9,364.0,21.9,197.8
PADDLE_AND_SUP_0066,Paddle & SUP Accessories,73,50.7,185.1,18.0,730.0
PADDLE_AND_SUP_0067,Paddle & SUP Accessories,39,100.1,230.1,17.5,730.0
PADDLE_AND_SUP_0068,Paddle & SUP Accessories,0,,,,
PADDLE_AND_SUP_0069,Paddle & SUP Accessories,89,73.6,80.9,19.0,730.0
PADDLE_AND_SUP_0070,Paddle & SUP Accessories,22,108.0,236.0,23.5,730.0
PADDLE_AND_SUP_0071,Paddle & SUP Accessories,22,113.4,365.0,9.2,730.0
PADDLE_AND_SUP_0072,Paddle & SUP Accessories,76,121.2,299.2,15.2,730.0
PADDLE_AND_SUP_0073,Paddle & SUP Accessories,1,73.8,201.9,11.7,85.5
PADDLE_AND_SUP_0074,Paddle & SUP Accessories,5,37.5,102.1,14.8,202.6
PADDLE_AND_SUP_0075,Paddle & SUP Accessories,0,,,,
PADDLE_AND_SUP_0076,Paddle & SUP Accessories,1,171.9,365.0,42.1,214.0
PADDLE_AND_SUP_0077,Paddle & SUP Accessories,1,117.8,233.7,14.2,132.0
PADDLE_AND_SUP_0078,Paddle & SUP Accessories,2,131.4,326.4,45.6,308.3
PADDLE_AND_SUP_0079,Paddle & SUP Accessories,1,365.0,365.0,58.2,423.2
PADDLE_AND_SUP_0080,Paddle & SUP Accessories,0,,,,
PADDLE_AND_SUP_0081,Paddle & SUP Accessories,0,,,,
PADDLE_AND_SUP_0082,Paddle & SUP Accessories,0,,,,
PADDLE_AND_SUP_0083,Paddle & SUP Accessories,0,,,,
PADDLE_AND_SUP_0084,Paddle & SUP Accessories,0,,,,
PADDLE_AND_SUP_0085,Paddle & SUP Accessories,1,242.0,266.2,28.6,270.6
PADDLE_AND_SUP_0086,Paddle & SUP Accessories,1,18.1,34.8,7.4,25.4
PADDLE_AND_SUP_0087,Paddle & SUP Accessories,2,103.2,172.4,17.8,224.3
PADDLE_AND_SUP_0088,Paddle & SUP Accessories,1,73.4,111.1,28.8,102.2
PADDLE_AND_SUP_0089,Paddle & SUP Accessories,11,78.6,208.0,31.1,730.0
PADDLE_AND_SUP_0090,Paddle & SUP Accessories,1,157.4,268.0,99.8,257.2
PADDLE_AND_SUP_0091,Paddle & SUP Accessories,5,105.2,365.0,22.3,548.4
PADDLE_AND_SUP_0092,Paddle & SUP Accessories,0,,,,
PADDLE_AND_SUP_0093,Paddle & SUP Accessories,55,63.0,132.8,7.6,730.0
PADDLE_AND_SUP_0094,Paddle & SUP Accessories,0,,,,
PADDLE_AND_SUP_0095,Paddle & SUP Accessories,1,79.1,118.2,9.4,88.5
PADDLE_AND_SUP_0096,Paddle & SUP Accessories,12,30.5,63.0,15.4,382.0
PADDLE_AND_SUP_0097,Paddle & SUP Accessories,1,131.7,365.0,11.7,143.4
PADDLE_AND_SUP_0098,Paddle & SUP Accessories,5,63.3,306.5,12.7,329.1
PADDLE_AND_SUP_0099,Paddle & SUP Accessories,0,,,,
PADDLE_AND_SUP_0100,Paddle & SUP Accessories,7,68.3,182.1,37.0,515.4
PADDLE_AND_SUP_0101,Paddle & SUP Accessories,1,273.6,365.0,33.7,307.3
PADDLE_AND_SUP_0102,Paddle & SUP Accessories,0,,,,
PADDLE_AND_SUP_0103,Paddle & SUP Accessories,4,65.7,196.1,29.7,292.4
PADDLE_AND_SUP_0104,Paddle & SUP Accessories,12,19.4,41.3,12.7,245.2
PADDLE_AND_SUP_0105,Paddle & SUP Accessories,3,64.1,218.8,20.3,212.5
PADDLE_AND_SUP_0106,Paddle & SUP Accessories,1,143.4,365.0,42.0,185.4
PADDLE_AND_SUP_0107,Paddle & SUP Accessories,28,126.0,209.7,15.3,730.0
PADDLE_AND_SUP_0108,Paddle & SUP Accessories,0,,,,
PADDLE_AND_SUP_0109,Paddle & SUP Accessories,1,60.0,66.0,13.5,73.4
PADDLE_AND_SUP_0110,Paddle & SUP Accessories,18,27.9,39.6,23.4,526.4
PADDLE_AND_SUP_0111,Paddle & SUP Accessories,21,106.4,275.2,21.9,730.0
PADDLE_AND_SUP_0112,Paddle & SUP Accessories,1,102.3,206.5,37.7,140.1
PADDLE_AND_SUP_0113,Paddle & SUP Accessories,0,,,,
PADDLE_AND_SUP_0114,Paddle & SUP Accessories,14,207.4,365.0,6.4,730.0
PADDLE_AND_SUP_0115,Paddle & SUP Accessories,8,38.0,42.5,29.0,332.9
PADDLE_AND_SUP_0116,Paddle & SUP Accessories,0,,,,
PADDLE_AND_SUP_0117,Paddle & SUP Accessories,17,76.8,103.6,20.4,730.0
PADDLE_AND_SUP_0118,Paddle & SUP Accessories,0,,,,
PADDLE_AND_SUP_0119,Paddle & SUP Accessories,1,164.8,269.2,33.8,198.6
PADDLE_AND_SUP_0120,Paddle & SUP Accessories,1,202.1,365.0,57.6,259.7
PADDLE_AND_SUP_0121,Paddle & SUP Accessories,0,,,,
PADDLE_AND_SUP_0122,Paddle & SUP Accessories,0,,,,
PADDLE_AND_SUP_0123,Paddle & SUP Accessories,104,48.0,70.5,22.9,730.0
PADDLE_AND_SUP_0124,Paddle & SUP Accessories,1,56.0,105.1,20.0,76.0
PADDLE_AND_SUP_0125,Paddle & SUP Accessories,7,53.7,69.3,41.2,417.3
PADDLE_AND_SUP_0126,Paddle & SUP Accessories,13,38.8,121.7,43.2,548.1
PADDLE_AND_SUP_0127,Paddle & SUP Accessories,4,38.4,167.2,17.9,171.5
PADDLE_AND_SUP_0128,Paddle & SUP Accessories,12,159.2,296.6,106.3,730.0
PADDLE_AND_SUP_0129,Paddle & SUP Accessories,5,78.5,308.9,39.0,431.4
PADDLE_AND_SUP_0130,Paddle & SUP Accessories,0,,,,
PADDLE_AND_SUP_0131,Paddle & SUP Accessories,17,12.0,24.7,4.9,209.0
PADDLE_AND_SUP_0132,Paddle & SUP Accessories,1,94.6,290.5,52.9,147.4
PADDLE_AND_SUP_0133,Paddle & SUP Accessories,0,,,,
PADDLE_AND_SUP_0134,Paddle & SUP Accessories,2,233.2,365.0,121.6,588.0
PADDLE_AND_SUP_0135,Paddle & SUP Accessories,1,168.3,365.0,22.8,191.0
PADDLE_AND_SUP_0136,Paddle & SUP Accessories,1,94.6,246.6,27.4,122.0
PADDLE_AND_SUP_0137,Paddle & SUP Accessories,0,,,,
PADDLE_AND_SUP_0138,Paddle & SUP Accessories,0,,,,
PADDLE_AND_SUP_0139,Paddle & SUP Accessories,22,69.4,274.2,13.5,730.0
PADDLE_AND_SUP_0140,Paddle & SUP Accessories,10,22.1,63.0,20.9,241.9
PADDLE_AND_SUP_0141,Paddle & SUP Accessories,13,52.8,90.0,14.3,701.0
PADDLE_AND_SUP_0142,Paddle & SUP Accessories,8,60.6,66.7,22.5,507.4
PADDLE_AND_SUP_0143,Paddle & SUP Accessories,16,66.4,88.0,17.5,730.0
PADDLE_AND_SUP_0144,Paddle & SUP Accessories,2,221.4,243.5,10.1,452.9
PADDLE_AND_SUP_0145,Paddle & SUP Accessories,0,,,,
PADDLE_AND_SUP_0146,Paddle & SUP Accessories,1,177.3,365.0,24.3,201.6
PADDLE_AND_SUP_0147,Paddle & SUP Accessories,1,165.4,252.8,79.3,244.7
PADDLE_AND_SUP_0148,Paddle & SUP Accessories,1,86.2,246.8,38.4,124.6
PADDLE_AND_SUP_0149,Paddle & SUP Accessories,0,,,,
PADDLE_AND_SUP_0150,Paddle & SUP Accessories,18,67.3,75.2,5.2,730.0
PADDLE_AND_SUP_0151,Paddle & SUP Accessories,0,,,,
PADDLE_AND_SUP_0152,Paddle & SUP Accessories,3,215.1,365.0,81.0,726.4
PADDLE_AND_SUP_0153,Paddle & SUP Accessories,0,,,,
PADDLE_AND_SUP_0154,Paddle & SUP Accessories,0,,,,
PADDLE_AND_SUP_0155,Paddle & SUP Accessories,4,183.1,365.0,14.8,730.0
PADDLE_AND_SUP_0156,Paddle & SUP Accessories,0,,,,
PADDLE_AND_SUP_0157,Paddle & SUP Accessories,0,,,,
PADDLE_AND_SUP_0158,Paddle & SUP Accessories,21,30.3,127.2,10.2,647.2
PADDLE_AND_SUP_0159,Paddle & SUP Accessories,3,114.8,129.4,19.4,364.0
CAMPING_AND_SH_0001,Camping & Shelter,0,,,,
CAMPING_AND_SH_0002,Camping & Shelter,0,,,,
CAMPING_AND_SH_0003,Camping & Shelter,1,151.7,365.0,34.9,186.6
CAMPING_AND_SH_0004,Camping & Shelter,1,68.7,94.8,13.1,81.8
CAMPING_AND_SH_0005,Camping & Shelter,2,51.0,120.5,44.8,146.7
CAMPING_AND_SH_0006,Camping & Shelter,0,,,,
CAMPING_AND_SH_0007,Camping & Shelter,0,,,,
CAMPING_AND_SH_0008,Camping & Shelter,0,,,,
CAMPING_AND_SH_0009,Camping & Shelter,4,53.3,162.8,13.9,227.0
CAMPING_AND_SH_0010,Camping & Shelter,6,151.6,267.0,20.1,730.0
CAMPING_AND_SH_0011,Camping & Shelter,0,,,,
CAMPING_AND_SH_0012,Camping & Shelter,0,,,,
CAMPING_AND_SH_0013,Camping & Shelter,1,74.3,295.5,12.6,86.9
CAMPING_AND_SH_0014,Camping & Shelter,0,,,,
CAMPING_AND_SH_0015,Camping & Shelter,11,112.2,206.8,137.5,730.0
CAMPING_AND_SH_0016,Camping & Shelter,3,298.7,365.0,62.8,730.0
CAMPING_AND_SH_0017,Camping & Shelter,2,103.4,311.1,11.3,218.0
CAMPING_AND_SH_0018,Camping & Shelter,15,90.6,365.0,13.3,730.0
CAMPING_AND_SH_0019,Camping & Shelter,1,172.6,365.0,28.1,200.7
CAMPING_AND_SH_0020,Camping & Shelter,0,,,,
CAMPING_AND_SH_0021,Camping & Shelter,23,147.8,322.0,26.7,730.0
CAMPING_AND_SH_0022,Camping & Shelter,0,,,,
CAMPING_AND_SH_0023,Camping & Shelter,34,172.4,280.7,9.8,730.0
CAMPING_AND_SH_0024,Camping & Shelter,0,,,,
CAMPING_AND_SH_0025,Camping & Shelter,29,129.8,168.8,28.2,730.0
CAMPING_AND_SH_0026,Camping & Shelter,133,150.5,208.3,8.9,730.0
CAMPING_AND_SH_0027,Camping & Shelter,19,125.9,365.0,7.4,730.0
CAMPING_AND_SH_0028,Camping & Shelter,4,181.9,356.9,7.9,730.0
CAMPING_AND_SH_0029,Camping & Shelter,1,52.2,148.3,4.7,56.9
CAMPING_AND_SH_0030,Camping & Shelter,1,253.7,365.0,118.3,372.0
CAMPING_AND_SH_0031,Camping & Shelter,0,,,,
CAMPING_AND_SH_0032,Camping & Shelter,3,126.0,365.0,9.0,387.0
CAMPING_AND_SH_0033,Camping & Shelter,11,125.7,288.2,15.5,730.0
CAMPING_AND_SH_0034,Camping & Shelter,0,,,,
CAMPING_AND_SH_0035,Camping & Shelter,0,,,,
CAMPING_AND_SH_0036,Camping & Shelter,1,209.5,365.0,27.2,236.7
CAMPING_AND_SH_0037,Camping & Shelter,7,94.5,110.2,43.2,704.7
CAMPING_AND_SH_0038,Camping & Shelter,9,139.7,175.7,23.6,730.0
CAMPING_AND_SH_0039,Camping & Shelter,105,121.0,138.9,36.3,730.0
CAMPING_AND_SH_0040,Camping & Shelter,0,,,,
CAMPING_AND_SH_0041,Camping & Shelter,0,,,,
CAMPING_AND_SH_0042,Camping & Shelter,0,,,,
CAMPING_AND_SH_0043,Camping & Shelter,2,46.0,58.2,6.7,98.8
CAMPING_AND_SH_0044,Camping & Shelter,0,,,,
CAMPING_AND_SH_0045,Camping & Shelter,1,179.8,224.2,29.4,209.2
CAMPING_AND_SH_0046,Camping & Shelter,0,,,,
CAMPING_AND_SH_0047,Camping & Shelter,12,111.1,365.0,196.8,730.0
CAMPING_AND_SH_0048,Camping & Shelter,1,174.6,365.0,55.3,229.9
CAMPING_AND_SH_0049,Camping & Shelter,1,270.8,365.0,45.0,315.8
CAMPING_AND_SH_0050,Camping & Shelter,1,174.9,365.0,224.6,399.5
CAMPING_AND_SH_0051,Camping & Shelter,1,327.1,365.0,120.5,447.6
CAMPING_AND_SH_0052,Camping & Shelter,2,40.4,116.3,3.8,84.6
CAMPING_AND_SH_0053,Camping & Shelter,2,97.2,167.2,3.6,198.1
CAMPING_AND_SH_0054,Camping & Shelter,8,210.5,365.0,42.6,730.0
CAMPING_AND_SH_0055,Camping & Shelter,57,154.6,237.1,29.3,730.0
CAMPING_AND_SH_0056,Camping & Shelter,1,76.3,181.8,23.1,99.4
CAMPING_AND_SH_0057,Camping & Shelter,6,159.2,233.7,131.4,730.0
CAMPING_AND_SH_0058,Camping & Shelter,0,,,,
CAMPING_AND_SH_0059,Camping & Shelter,1,171.1,365.0,43.2,214.3
CAMPING_AND_SH_0060,Camping & Shelter,10,93.9,194.2,25.5,730.0
CAMPING_AND_SH_0061,Camping & Shelter,1,108.0,225.5,161.3,269.3
CAMPING_AND_SH_0062,Camping & Shelter,4,138.6,187.4,14.3,568.8
CAMPING_AND_SH_0063,Camping & Shelter,0,,,,
CAMPING_AND_SH_0064,Camping & Shelter,1,350.2,365.0,93.2,443.4
CAMPING_AND_SH_0065,Camping & Shelter,1,72.7,224.4,34.3,106.9
CAMPING_AND_SH_0066,Camping & Shelter,1,130.4,253.4,76.3,206.8
CAMPING_AND_SH_0067,Camping & Shelter,3,173.2,365.0,19.5,539.2
CAMPING_AND_SH_0068,Camping & Shelter,1,136.5,299.7,8.3,144.8
CAMPING_AND_SH_0069,Camping & Shelter,0,,,,
CAMPING_AND_SH_0070,Camping & Shelter,4,153.8,365.0,27.3,642.3
CAMPING_AND_SH_0071,Camping & Shelter,0,,,,
CAMPING_AND_SH_0072,Camping & Shelter,5,43.4,81.4,62.5,279.6
CAMPING_AND_SH_0073,Camping & Shelter,1,218.3,365.0,182.1,400.4
CAMPING_AND_SH_0074,Camping & Shelter,1,146.2,365.0,5.7,151.8
CAMPING_AND_SH_0075,Camping & Shelter,25,60.7,181.1,51.1,730.0
CAMPING_AND_SH_0076,Camping & Shelter,0,,,,
CAMPING_AND_SH_0077,Camping & Shelter,0,,,,
CAMPING_AND_SH_0078,Camping & Shelter,8,173.2,365.0,40.6,730.0
CAMPING_AND_SH_0079,Camping & Shelter,1,178.8,365.0,21.3,200.1
CAMPING_AND_SH_0080,Camping & Shelter,0,,,,
CAMPING_AND_SH_0081,Camping & Shelter,0,,,,
CAMPING_AND_SH_0082,Camping & Shelter,179,25.1,50.6,8.6,730.0
CAMPING_AND_SH_0083,Camping & Shelter,2,101.9,132.3,27.9,231.8
CAMPING_AND_SH_0084,Camping & Shelter,2,83.5,107.5,20.4,187.4
CAMPING_AND_SH_0085,Camping & Shelter,2,184.4,365.0,26.9,395.7
CAMPING_AND_SH_0086,Camping & Shelter,0,,,,
CAMPING_AND_SH_0087,Camping & Shelter,0,,,,
CAMPING_AND_SH_0088,Camping & Shelter,92,127.6,159.9,19.5,730.0
CAMPING_AND_SH_0089,Camping & Shelter,1,81.1,236.2,5.5,86.6
CAMPING_AND_SH_0090,Camping & Shelter,0,,,,
CAMPING_AND_SH_0091,Camping & Shelter,95,57.0,99.9,39.3,730.0
CAMPING_AND_SH_0092,Camping & Shelter,7,93.2,210.6,17.9,670.6
CAMPING_AND_SH_0093,Camping & Shelter,1,63.7,198.2,45.4,109.0
CAMPING_AND_SH_0094,Camping & Shelter,0,,,,
CAMPING_AND_SH_0095,Camping & Shelter,10,109.0,333.4,46.6,730.0
CAMPING_AND_SH_0096,Camping & Shelter,10,266.7,365.0,46.6,730.0
CAMPING_AND_SH_0097,Camping & Shelter,1,121.6,221.7,32.0,153.5
CAMPING_AND_SH_0098,Camping & Shelter,3,246.0,365.0,70.9,730.0
CAMPING_AND_SH_0099,Camping & Shelter,0,,,,
CAMPING_AND_SH_0100,Camping & Shelter,0,,,,
CAMPING_AND_SH_0101,Camping & Shelter,0,,,,
CAMPING_AND_SH_0102,Camping & Shelter,0,,,,
CAMPING_AND_SH_0103,Camping & Shelter,1,271.0,365.0,63.8,334.8
CAMPING_AND_SH_0104,Camping & Shelter,4,43.3,174.8,32.3,205.5
CAMPING_AND_SH_0105,Camping & Shelter,9,89.9,98.8,21.1,730.0
CAMPING_AND_SH_0106,Camping & Shelter,3,125.3,230.5,13.0,388.9
CAMPING_AND_SH_0107,Camping & Shelter,3,185.7,365.0,13.4,570.4
CAMPING_AND_SH_0108,Camping & Shelter,1,121.8,171.3,52.7,174.5
CAMPING_AND_SH_0109,Camping & Shelter,0,,,,
CAMPING_AND_SH_0110,Camping & Shelter,0,,,,
CAMPING_AND_SH_0111,Camping & Shelter,3,144.2,185.6,17.7,450.4
CAMPING_AND_SH_0112,Camping & Shelter,1,88.4,344.1,47.1,135.6
CAMPING_AND_SH_0113,Camping & Shelter,0,,,,
CAMPING_AND_SH_0114,Camping & Shelter,1,117.6,318.2,145.4,263.0
CAMPING_AND_SH_0115,Camping & Shelter,28,167.0,365.0,11.2,730.0
CAMPING_AND_SH_0116,Camping & Shelter,1,147.2,171.6,77.2,224.4
CAMPING_AND_SH_0117,Camping & Shelter,4,89.1,365.0,31.9,388.1
CAMPING_AND_SH_0118,Camping & Shelter,1,345.7,365.0,218.7,564.4
CAMPING_AND_SH_0119,Camping & Shelter,0,,,,
CAMPING_AND_SH_0120,Camping & Shelter,4,178.3,308.9,82.7,730.0
CAMPING_AND_SH_0121,Camping & Shelter,5,128.6,365.0,44.7,687.7
CAMPING_AND_SH_0122,Camping & Shelter,4,77.3,107.8,6.6,315.9
CAMPING_AND_SH_0123,Camping & Shelter,0,,,,
CAMPING_AND_SH_0124,Camping & Shelter,4,183.0,365.0,80.7,730.0
CAMPING_AND_SH_0125,Camping & Shelter,1,114.3,365.0,26.9,141.2
CAMPING_AND_SH_0126,Camping & Shelter,5,234.4,257.9,107.7,730.0
CAMPING_AND_SH_0127,Camping & Shelter,0,,,,
CAMPING_AND_SH_0128,Camping & Shelter,37,41.7,76.1,33.5,730.0
CAMPING_AND_SH_0129,Camping & Shelter,0,,,,
CAMPING_AND_SH_0130,Camping & Shelter,2,365.0,365.0,182.2,730.0
CAMPING_AND_SH_0131,Camping & Shelter,6,178.5,208.2,45.9,730.0
CAMPING_AND_SH_0132,Camping & Shelter,7,58.8,73.1,18.9,430.7
CAMPING_AND_SH_0133,Camping & Shelter,5,227.5,285.8,41.6,730.0
CAMPING_AND_SH_0134,Camping & Shelter,5,77.0,128.4,13.4,398.3
CAMPING_AND_SH_0135,Camping & Shelter,0,,,,
CAMPING_AND_SH_0136,Camping & Shelter,0,,,,
CAMPING_AND_SH_0137,Camping & Shelter,0,,,,
CAMPING_AND_SH_0138,Camping & Shelter,0,,,,
CAMPING_AND_SH_0139,Camping & Shelter,126,55.7,155.2,34.5,730.0
CAMPING_AND_SH_0140,Camping & Shelter,8,41.5,172.6,20.5,352.9
CAMPING_AND_SH_0141,Camping & Shelter,10,56.1,68.2,23.1,584.1
CAMPING_AND_SH_0142,Camping & Shelter,1,93.4,196.3,25.1,118.5
CAMPING_AND_SH_0143,Camping & Shelter,11,173.7,365.0,18.8,730.0
CAMPING_AND_SH_0144,Camping & Shelter,3,199.4,365.0,88.1,686.3
CAMPING_AND_SH_0145,Camping & Shelter,1,256.6,365.0,64.6,321.3
CAMPING_AND_SH_0146,Camping & Shelter,1,155.6,365.0,35.4,191.0
CAMPING_AND_SH_0147,Camping & Shelter,1,73.7,167.6,10.8,84.5
CAMPING_AND_SH_0148,Camping & Shelter,2,285.2,365.0,94.9,665.2
CAMPING_AND_SH_0149,Camping & Shelter,0,,,,
CAMPING_AND_SH_0150,Camping & Shelter,0,,,,
CAMPING_AND_SH_0151,Camping & Shelter,100,150.9,334.1,15.2,730.0
CAMPING_AND_SH_0152,Camping & Shelter,2,126.9,139.6,67.5,321.4
CAMPING_AND_SH_0153,Camping & Shelter,10,71.9,130.9,21.3,730.0
CAMPING_AND_SH_0154,Camping & Shelter,0,,,,
CAMPING_AND_SH_0155,Camping & Shelter,4,108.8,233.0,13.0,448.4
SLEEP_SYSTEMS_0001,Sleep Systems,0,,,,
SLEEP_SYSTEMS_0002,Sleep Systems,7,180.3,365.0,106.2,730.0
SLEEP_SYSTEMS_0003,Sleep Systems,1,216.9,365.0,49.9,266.8
SLEEP_SYSTEMS_0004,Sleep Systems,6,254.9,365.0,30.1,730.0
SLEEP_SYSTEMS_0005,Sleep Systems,24,193.7,365.0,31.1,730.0
SLEEP_SYSTEMS_0006,Sleep Systems,3,81.1,190.6,5.7,248.9
SLEEP_SYSTEMS_0007,Sleep Systems,4,103.6,156.2,25.7,440.2
SLEEP_SYSTEMS_0008,Sleep Systems,1,247.2,365.0,44.6,291.7
SLEEP_SYSTEMS_0009,Sleep Systems,2,193.2,325.8,97.1,483.4
SLEEP_SYSTEMS_0010,Sleep Systems,1,116.7,135.6,30.7,147.4
SLEEP_SYSTEMS_0011,Sleep Systems,1,250.6,275.6,47.7,298.3
SLEEP_SYSTEMS_0012,Sleep Systems,7,175.6,365.0,74.8,730.0
SLEEP_SYSTEMS_0013,Sleep Systems,1,90.7,220.6,10.1,100.8
SLEEP_SYSTEMS_0014,Sleep Systems,1,45.2,106.6,22.0,67.2
SLEEP_SYSTEMS_0015,Sleep Systems,18,137.5,365.0,108.3,730.0
SLEEP_SYSTEMS_0016,Sleep Systems,0,,,,
SLEEP_SYSTEMS_0017,Sleep Systems,2,131.5,288.0,11.8,274.9
SLEEP_SYSTEMS_0018,Sleep Systems,0,,,,
SLEEP_SYSTEMS_0019,Sleep Systems,4,192.0,365.0,60.0,730.0
SLEEP_SYSTEMS_0020,Sleep Systems,16,74.5,199.3,11.4,730.0
SLEEP_SYSTEMS_0021,Sleep Systems,1,365.0,365.0,68.3,433.3
SLEEP_SYSTEMS_0022,Sleep Systems,23,178.0,365.0,15.9,730.0
SLEEP_SYSTEMS_0023,Sleep Systems,1,69.1,111.4,22.4,91.5
SLEEP_SYSTEMS_0024,Sleep Systems,6,171.0,365.0,7.1,730.0
SLEEP_SYSTEMS_0025,Sleep Systems,17,320.5,365.0,40.5,730.0
SLEEP_SYSTEMS_0026,Sleep Systems,5,219.6,365.0,82.5,730.0
SLEEP_SYSTEMS_0027,Sleep Systems,3,105.3,255.9,18.6,334.4
SLEEP_SYSTEMS_0028,Sleep Systems,7,154.4,235.4,5.9,730.0
SLEEP_SYSTEMS_0029,Sleep Systems,12,106.1,304.6,13.1,730.0
SLEEP_SYSTEMS_0030,Sleep Systems,8,85.0,365.0,29.3,709.0
SLEEP_SYSTEMS_0031,Sleep Systems,2,61.8,129.6,7.7,131.3
SLEEP_SYSTEMS_0032,Sleep Systems,1,236.1,327.8,4.4,240.5
SLEEP_SYSTEMS_0033,Sleep Systems,5,107.0,332.4,31.5,566.3
SLEEP_SYSTEMS_0034,Sleep Systems,13,137.7,167.1,16.3,730.0
SLEEP_SYSTEMS_0035,Sleep Systems,0,,,,
SLEEP_SYSTEMS_0036,Sleep Systems,3,113.0,277.3,60.5,399.6
SLEEP_SYSTEMS_0037,Sleep Systems,1,110.3,365.0,23.8,134.1
SLEEP_SYSTEMS_0038,Sleep Systems,1,246.9,365.0,25.1,272.0
SLEEP_SYSTEMS_0039,Sleep Systems,1,278.6,317.0,34.9,313.5
SLEEP_SYSTEMS_0040,Sleep Systems,1,345.3,365.0,38.4,383.7
SLEEP_SYSTEMS_0041,Sleep Systems,0,,,,
SLEEP_SYSTEMS_0042,Sleep Systems,1,104.8,201.3,17.5,122.3
SLEEP_SYSTEMS_0043,Sleep Systems,1,365.0,365.0,46.7,411.7
SLEEP_SYSTEMS_0044,Sleep Systems,1,112.4,253.8,16.1,128.5
SLEEP_SYSTEMS_0045,Sleep Systems,11,162.3,178.6,73.6,730.0
SLEEP_SYSTEMS_0046,Sleep Systems,32,151.1,222.7,9.3,730.0
SLEEP_SYSTEMS_0047,Sleep Systems,4,112.5,363.6,61.1,511.0
SLEEP_SYSTEMS_0048,Sleep Systems,8,325.9,365.0,268.5,730.0
SLEEP_SYSTEMS_0049,Sleep Systems,8,114.1,295.3,174.6,730.0
SLEEP_SYSTEMS_0050,Sleep Systems,38,103.3,113.8,17.8,730.0
SLEEP_SYSTEMS_0051,Sleep Systems,0,,,,
SLEEP_SYSTEMS_0052,Sleep Systems,0,,,,
SLEEP_SYSTEMS_0053,Sleep Systems,11,140.2,339.0,41.0,730.0
SLEEP_SYSTEMS_0054,Sleep Systems,1,106.8,365.0,50.5,157.3
SLEEP_SYSTEMS_0055,Sleep Systems,7,136.8,365.0,50.9,730.0
SLEEP_SYSTEMS_0056,Sleep Systems,46,224.0,365.0,50.9,730.0
SLEEP_SYSTEMS_0057,Sleep Systems,16,172.0,365.0,149.7,730.0
SLEEP_SYSTEMS_0058,Sleep Systems,1,126.1,365.0,20.8,146.9
SLEEP_SYSTEMS_0059,Sleep Systems,6,152.4,355.1,100.6,730.0
SLEEP_SYSTEMS_0060,Sleep Systems,0,,,,
SLEEP_SYSTEMS_0061,Sleep Systems,51,63.7,90.1,10.7,730.0
SLEEP_SYSTEMS_0062,Sleep Systems,3,138.4,365.0,34.5,449.6
SLEEP_SYSTEMS_0063,Sleep Systems,16,188.0,365.0,28.0,730.0
SLEEP_SYSTEMS_0064,Sleep Systems,0,,,,
SLEEP_SYSTEMS_0065,Sleep Systems,0,,,,
SLEEP_SYSTEMS_0066,Sleep Systems,16,144.5,159.0,11.7,730.0
SLEEP_SYSTEMS_0067,Sleep Systems,1,128.8,141.6,13.2,142.0
SLEEP_SYSTEMS_0068,Sleep Systems,9,255.9,365.0,78.6,730.0
SLEEP_SYSTEMS_0069,Sleep Systems,58,146.2,216.7,33.8,730.0
SLEEP_SYSTEMS_0070,Sleep Systems,11,205.8,322.4,10.4,730.0
SLEEP_SYSTEMS_0071,Sleep Systems,2,275.7,365.0,69.0,620.3
SLEEP_SYSTEMS_0072,Sleep Systems,31,108.2,365.0,16.5,730.0
SLEEP_SYSTEMS_0073,Sleep Systems,14,351.3,365.0,28.2,730.0
SLEEP_SYSTEMS_0074,Sleep Systems,9,365.0,365.0,66.4,730.0
SLEEP_SYSTEMS_0075,Sleep Systems,1,258.3,365.0,27.4,285.7
SLEEP_SYSTEMS_0076,Sleep Systems,6,134.3,147.7,43.9,730.0
SLEEP_SYSTEMS_0077,Sleep Systems,4,107.8,365.0,25.5,456.8
SLEEP_SYSTEMS_0078,Sleep Systems,1,98.4,192.0,19.4,117.8
SLEEP_SYSTEMS_0079,Sleep Systems,1,260.0,365.0,47.0,307.0
SLEEP_SYSTEMS_0080,Sleep Systems,1,136.7,184.1,21.2,158.0
SLEEP_SYSTEMS_0081,Sleep Systems,0,,,,
SLEEP_SYSTEMS_0082,Sleep Systems,2,132.0,198.0,41.2,305.2
SLEEP_SYSTEMS_0083,Sleep Systems,0,,,,
SLEEP_SYSTEMS_0084,Sleep Systems,0,,,,
SLEEP_SYSTEMS_0085,Sleep Systems,0,,,,
SLEEP_SYSTEMS_0086,Sleep Systems,1,132.7,293.7,13.0,145.8
SLEEP_SYSTEMS_0087,Sleep Systems,0,,,,
SLEEP_SYSTEMS_0088,Sleep Systems,0,,,,
SLEEP_SYSTEMS_0089,Sleep Systems,0,,,,
SLEEP_SYSTEMS_0090,Sleep Systems,8,162.3,361.6,12.9,730.0
SLEEP_SYSTEMS_0091,Sleep Systems,0,,,,
SLEEP_SYSTEMS_0092,Sleep Systems,8,70.9,114.7,15.5,583.0
SLEEP_SYSTEMS_0093,Sleep Systems,6,160.2,365.0,33.8,730.0
SLEEP_SYSTEMS_0094,Sleep Systems,3,133.6,252.3,77.1,478.0
SLEEP_SYSTEMS_0095,Sleep Systems,15,109.3,302.6,19.6,730.0
SLEEP_SYSTEMS_0096,Sleep Systems,49,30.9,124.7,9.3,730.0
SLEEP_SYSTEMS_0097,Sleep Systems,1,118.4,365.0,97.6,216.0
SLEEP_SYSTEMS_0098,Sleep Systems,0,,,,
SLEEP_SYSTEMS_0099,Sleep Systems,62,273.1,365.0,97.4,730.0
SLEEP_SYSTEMS_0100,Sleep Systems,102,117.5,169.9,18.2,730.0
SLEEP_SYSTEMS_0101,Sleep Systems,4,141.3,229.8,113.8,678.9
SLEEP_SYSTEMS_0102,Sleep Systems,0,,,,
SLEEP_SYSTEMS_0103,Sleep Systems,3,126.6,317.0,24.9,404.6
SLEEP_SYSTEMS_0104,Sleep Systems,38,121.7,207.6,55.4,730.0
SLEEP_SYSTEMS_0105,Sleep Systems,13,83.5,136.3,11.1,730.0
SLEEP_SYSTEMS_0106,Sleep Systems,0,,,,
SLEEP_SYSTEMS_0107,Sleep Systems,0,,,,
SLEEP_SYSTEMS_0108,Sleep Systems,2,203.5,330.8,11.2,418.2
SLEEP_SYSTEMS_0109,Sleep Systems,0,,,,
SLEEP_SYSTEMS_0110,Sleep Systems,46,80.0,177.8,18.3,730.0
SLEEP_SYSTEMS_0111,Sleep Systems,2,306.1,365.0,62.4,674.5
SLEEP_SYSTEMS_0112,Sleep Systems,0,,,,
SLEEP_SYSTEMS_0113,Sleep Systems,5,137.4,365.0,82.3,730.0
SLEEP_SYSTEMS_0114,Sleep Systems,0,,,,
SLEEP_SYSTEMS_0115,Sleep Systems,1,283.2,365.0,112.1,395.3
SLEEP_SYSTEMS_0116,Sleep Systems,1,100.0,171.7,6.1,106.1
SLEEP_SYSTEMS_0117,Sleep Systems,0,,,,
SLEEP_SYSTEMS_0118,Sleep Systems,30,87.1,254.7,26.1,730.0
SLEEP_SYSTEMS_0119,Sleep Systems,24,210.1,365.0,17.6,730.0
SLEEP_SYSTEMS_0120,Sleep Systems,4,199.4,365.0,4.0,730.0
CLIMBING_GEAR_0001,Climbing Gear,24,33.9,56.1,8.6,730.0
CLIMBING_GEAR_0002,Climbing Gear,2,173.3,365.0,117.8,464.4
CLIMBING_GEAR_0003,Climbing Gear,3,69.5,365.0,25.6,234.0
CLIMBING_GEAR_0004,Climbing Gear,0,,,,
CLIMBING_GEAR_0005,Climbing Gear,1,53.1,96.9,9.9,63.0
CLIMBING_GEAR_0006,Climbing Gear,1,61.4,203.7,82.6,144.0
CLIMBING_GEAR_0007,Climbing Gear,3,178.8,350.0,8.1,544.4
CLIMBING_GEAR_0008,Climbing Gear,9,33.5,67.2,13.3,314.9
CLIMBING_GEAR_0009,Climbing Gear,1,221.1,365.0,71.7,292.8
CLIMBING_GEAR_0010,Climbing Gear,1,29.8,67.1,11.6,41.4
CLIMBING_GEAR_0011,Climbing Gear,0,,,,
CLIMBING_GEAR_0012,Climbing Gear,30,129.6,365.0,12.9,730.0
CLIMBING_GEAR_0013,Climbing Gear,3,83.9,138.7,19.2,270.8
CLIMBING_GEAR_0014,Climbing Gear,0,,,,
CLIMBING_GEAR_0015,Climbing Gear,2,104.0,265.9,9.7,217.7
CLIMBING_GEAR_0016,Climbing Gear,1,88.3,221.8,12.1,100.4
CLIMBING_GEAR_0017,Climbing Gear,5,134.4,189.5,9.2,681.4
CLIMBING_GEAR_0018,Climbing Gear,0,,,,
CLIMBING_GEAR_0019,Climbing Gear,6,183.0,318.5,33.9,730.0
CLIMBING_GEAR_0020,Climbing Gear,1,184.3,365.0,17.0,201.3
CLIMBING_GEAR_0021,Climbing Gear,0,,,,
CLIMBING_GEAR_0022,Climbing Gear,7,97.2,365.0,20.8,701.1
CLIMBING_GEAR_0023,Climbing Gear,3,107.0,328.5,37.7,358.8
CLIMBING_GEAR_0024,Climbing Gear,0,,,,
CLIMBING_GEAR_0025,Climbing Gear,0,,,,
CLIMBING_GEAR_0026,Climbing Gear,7,136.6,365.0,27.8,730.0
CLIMBING_GEAR_0027,Climbing Gear,5,86.3,365.0,17.4,449.1
CLIMBING_GEAR_0028,Climbing Gear,0,,,,
CLIMBING_GEAR_0029,Climbing Gear,0,,,,
CLIMBING_GEAR_0030,Climbing Gear,7,169.0,304.0,11.5,730.0
CLIMBING_GEAR_0031,Climbing Gear,2,69.8,92.5,8.6,148.2
CLIMBING_GEAR_0032,Climbing Gear,0,,,,
CLIMBING_GEAR_0033,Climbing Gear,0,,,,
CLIMBING_GEAR_0034,Climbing Gear,0,,,,
CLIMBING_GEAR_0035,Climbing Gear,0,,,,
CLIMBING_GEAR_0036,Climbing Gear,1,165.9,252.1,97.8,263.7
CLIMBING_GEAR_0037,Climbing Gear,2,107.3,136.0,22.1,236.7
CLIMBING_GEAR_0038,Climbing Gear,0,,,,
CLIMBING_GEAR_0039,Climbing Gear,1,39.5,136.2,15.9,55.3
CLIMBING_GEAR_0040,Climbing Gear,0,,,,
CLIMBING_GEAR_0041,Climbing Gear,1,38.2,42.1,11.7,49.9
CLIMBING_GEAR_0042,Climbing Gear,0,,,,
CLIMBING_GEAR_0043,Climbing Gear,11,95.4,196.0,18.3,730.0
CLIMBING_GEAR_0044,Climbing Gear,1,94.9,365.0,12.0,106.9
CLIMBING_GEAR_0045,Climbing Gear,1,61.8,178.5,19.5,81.4
CLIMBING_GEAR_0046,Climbing Gear,11,143.9,181.9,29.0,730.0
CLIMBING_GEAR_0047,Climbing Gear,0,,,,
CLIMBING_GEAR_0048,Climbing Gear,0,,,,
CLIMBING_GEAR_0049,Climbing Gear,0,,,,
CLIMBING_GEAR_0050,Climbing Gear,1,176.0,328.2,48.1,224.1
CLIMBING_GEAR_0051,Climbing Gear,0,,,,
CLIMBING_GEAR_0052,Climbing Gear,21,184.3,365.0,19.8,730.0
CLIMBING_GEAR_0053,Climbing Gear,2,26.6,29.3,17.8,71.0
CLIMBING_GEAR_0054,Climbing Gear,5,196.3,365.0,28.2,730.0
CLIMBING_GEAR_0055,Climbing Gear,0,,,,
CLIMBING_GEAR_0056,Climbing Gear,0,,,,
CLIMBING_GEAR_0057,Climbing Gear,0,,,,
CLIMBING_GEAR_0058,Climbing Gear,91,62.8,181.4,21.3,730.0
CLIMBING_GEAR_0059,Climbing Gear,1,65.7,206.2,26.5,92.2
CLIMBING_GEAR_0060,Climbing Gear,3,61.1,212.2,9.8,193.1
CLIMBING_GEAR_0061,Climbing Gear,87,123.7,343.9,13.7,730.0
CLIMBING_GEAR_0062,Climbing Gear,4,49.6,54.6,14.3,212.7
CLIMBING_GEAR_0063,Climbing Gear,0,,,,
CLIMBING_GEAR_0064,Climbing Gear,2,190.5,308.7,13.5,394.6
CLIMBING_GEAR_0065,Climbing Gear,6,48.8,53.7,4.6,297.2
CLIMBING_GEAR_0066,Climbing Gear,1,123.1,237.3,8.4,131.5
CLIMBING_GEAR_0067,Climbing Gear,9,309.7,365.0,31.0,730.0
CLIMBING_GEAR_0068,Climbing Gear,0,,,,
CLIMBING_GEAR_0069,Climbing Gear,1,141.9,264.7,14.1,155.9
CLIMBING_GEAR_0070,Climbing Gear,1,113.2,365.0,35.1,148.3
CLIMBING_GEAR_0071,Climbing Gear,0,,,,
CLIMBING_GEAR_0072,Climbing Gear,7,33.8,78.8,24.6,261.5
CLIMBING_GEAR_0073,Climbing Gear,1,112.3,171.4,24.4,136.7
CLIMBING_GEAR_0074,Climbing Gear,13,356.8,365.0,49.8,730.0
CLIMBING_GEAR_0075,Climbing Gear,0,,,,
CLIMBING_GEAR_0076,Climbing Gear,19,43.1,87.5,9.1,730.0
CLIMBING_GEAR_0077,Climbing Gear,7,114.3,273.6,43.8,730.0
CLIMBING_GEAR_0078,Climbing Gear,0,,,,
CLIMBING_GEAR_0079,Climbing Gear,4,212.3,233.5,81.2,730.0
CLIMBING_GEAR_0080,Climbing Gear,0,,,,
CLIMBING_GEAR_0081,Climbing Gear,4,92.2,189.0,12.7,381.6
CLIMBING_GEAR_0082,Climbing Gear,1,58.6,147.2,9.1,67.6
CLIMBING_GEAR_0083,Climbing Gear,0,,,,
CLIMBING_GEAR_0084,Climbing Gear,21,14.9,40.1,30.9,344.4
CLIMBING_GEAR_0085,Climbing Gear,1,131.0,144.1,48.5,179.5
CLIMBING_GEAR_0086,Climbing Gear,93,95.4,365.0,32.5,730.0
CLIMBING_GEAR_0087,Climbing Gear,0,,,,
CLIMBING_GEAR_0088,Climbing Gear,0,,,,
CLIMBING_GEAR_0089,Climbing Gear,12,199.2,303.3,73.4,730.0
CLIMBING_GEAR_0090,Climbing Gear,6,108.4,365.0,29.4,680.1
CLIMBING_GEAR_0091,Climbing Gear,8,36.7,42.0,31.3,325.2
CLIMBING_GEAR_0092,Climbing Gear,1,142.1,223.7,9.5,151.6
CLIMBING_GEAR_0093,Climbing Gear,32,33.7,64.4,103.0,730.0
CLIMBING_GEAR_0094,Climbing Gear,1,126.1,206.0,40.3,166.5
CLIMBING_GEAR_0095,Climbing Gear,0,,,,
CLIMBING_GEAR_0096,Climbing Gear,0,,,,
CLIMBING_GEAR_0097,Climbing Gear,1,214.8,365.0,46.7,261.4
CLIMBING_GEAR_0098,Climbing Gear,0,,,,
CLIMBING_GEAR_0099,Climbing Gear,3,66.4,79.3,8.9,208.2
CLIMBING_GEAR_0100,Climbing Gear,4,192.7,365.0,23.1,730.0
CLIMBING_GEAR_0101,Climbing Gear,8,130.6,194.1,11.1,730.0
CLIMBING_GEAR_0102,Climbing Gear,3,20.0,36.1,15.5,75.4
CLIMBING_GEAR_0103,Climbing Gear,6,73.9,94.3,16.1,459.3
CLIMBING_GEAR_0104,Climbing Gear,1,162.4,194.1,22.0,184.4
CLIMBING_GEAR_0105,Climbing Gear,0,,,,
CLIMBING_GEAR_0106,Climbing Gear,0,,,,
CLIMBING_GEAR_0107,Climbing Gear,3,119.7,184.6,28.3,387.4
CLIMBING_GEAR_0108,Climbing Gear,3,309.7,365.0,22.9,730.0
CLIMBING_GEAR_0109,Climbing Gear,0,,,,
CLIMBING_GEAR_0110,Climbing Gear,0,,,,
CLIMBING_GEAR_0111,Climbing Gear,22,56.4,101.0,20.2,730.0
CLIMBING_GEAR_0112,Climbing Gear,7,133.3,282.8,34.3,730.0
CLIMBING_GEAR_0113,Climbing Gear,1,246.8,365.0,145.0,391.8
CLIMBING_GEAR_0114,Climbing Gear,0,,,,
CLIMBING_GEAR_0115,Climbing Gear,130,63.0,96.2,11.9,730.0
CLIMBING_GEAR_0116,Climbing Gear,0,,,,
CLIMBING_GEAR_0117,Climbing Gear,5,65.2,153.9,10.9,337.0
CLIMBING_GEAR_0118,Climbing Gear,41,106.3,231.3,28.5,730.0
CLIMBING_GEAR_0119,Climbing Gear,0,,,,
CLIMBING_GEAR_0120,Climbing Gear,32,32.7,261.8,35.2,730.0
CLIMBING_GEAR_0121,Climbing Gear,0,,,,
CLIMBING_GEAR_0122,Climbing Gear,7,127.6,292.6,16.6,730.0
CLIMBING_GEAR_0123,Climbing Gear,6,78.5,227.9,30.6,501.8
CLIMBING_GEAR_0124,Climbing Gear,4,150.2,365.0,29.2,630.0
CLIMBING_GEAR_0125,Climbing Gear,0,,,,
CLIMBING_GEAR_0126,Climbing Gear,64,56.9,250.5,23.7,730.0
CLIMBING_GEAR_0127,Climbing Gear,1,114.8,243.3,13.1,128.0
CLIMBING_GEAR_0128,Climbing Gear,6,365.0,365.0,88.5,730.0
CLIMBING_GEAR_0129,Climbing Gear,9,73.0,197.1,29.5,686.8
CLIMBING_GEAR_0130,Climbing Gear,4,38.6,76.8,25.6,180.2
CLIMBING_GEAR_0131,Climbing Gear,1,267.4,365.0,67.9,335.3
CLIMBING_GEAR_0132,Climbing Gear,2,143.8,365.0,22.8,310.3
CLIMBING_GEAR_0133,Climbing Gear,0,,,,
CLIMBING_GEAR_0134,Climbing Gear,1,37.0,42.4,8.4,45.4
CLIMBING_GEAR_0135,Climbing Gear,2,95.4,228.1,31.7,222.5
CLIMBING_GEAR_0136,Climbing Gear,2,86.5,173.1,20.8,193.8
CLIMBING_GEAR_0137,Climbing Gear,3,180.9,365.0,20.9,563.6
CLIMBING_GEAR_0138,Climbing Gear,15,158.1,365.0,7.9,730.0
CLIMBING_GEAR_0139,Climbing Gear,0,,,,
CLIMBING_GEAR_0140,Climbing Gear,0,,,,
CLIMBING_GEAR_0141,Climbing Gear,0,,,,
CLIMBING_GEAR_0142,Climbing Gear,0,,,,
CLIMBING_GEAR_0143,Climbing Gear,0,,,,
CLIMBING_GEAR_0144,Climbing Gear,1,55.1,137.8,23.6,78.7
CLIMBING_GEAR_0145,Climbing Gear,31,104.7,365.0,37.5,730.0
CLIMBING_GEAR_0146,Climbing Gear,0,,,,
CLIMBING_GEAR_0147,Climbing Gear,0,,,,
CLIMBING_GEAR_0148,Climbing Gear,1,120.2,207.5,5.7,125.9
CLIMBING_GEAR_0149,Climbing Gear,86,96.4,246.4,6.8,730.0
CLIMBING_GEAR_0150,Climbing Gear,10,65.7,204.4,95.3,730.0
CLIMBING_GEAR_0151,Climbing Gear,1,101.7,164.8,86.2,187.9
CLIMBING_GEAR_0152,Climbing Gear,1,187.3,365.0,16.7,204.0
CLIMBING_GEAR_0153,Climbing Gear,1,337.7,365.0,65.3,403.0
CLIMBING_GEAR_0154,Climbing Gear,0,,,,
CLIMBING_GEAR_0155,Climbing Gear,1,33.4,66.2,8.7,42.1
CLIMBING_GEAR_0156,Climbing Gear,2,94.7,285.9,17.8,207.3
CLIMBING_GEAR_0157,Climbing Gear,11,51.1,83.3,5.0,567.1
CLIMBING_GEAR_0158,Climbing Gear,0,,,,
CLIMBING_GEAR_0159,Climbing Gear,2,63.2,143.8,7.5,133.8
CLIMBING_GEAR_0160,Climbing Gear,1,293.5,365.0,21.3,314.8
CLIMBING_GEAR_0161,Climbing Gear,1,217.1,361.4,49.7,266.8
CLIMBING_GEAR_0162,Climbing Gear,3,123.2,173.4,18.2,387.8
CLIMBING_GEAR_0163,Climbing Gear,1,225.5,365.0,19.5,245.1
CLIMBING_GEAR_0164,Climbing Gear,0,,,,
CLIMBING_GEAR_0165,Climbing Gear,0,,,,
CLIMBING_GEAR_0166,Climbing Gear,24,78.3,124.7,23.7,730.0
CLIMBING_GEAR_0167,Climbing Gear,1,201.2,365.0,28.4,229.6
CLIMBING_GEAR_0168,Climbing Gear,1,71.6,89.4,9.9,81.4
CLIMBING_GEAR_0169,Climbing Gear,2,97.5,298.4,16.3,211.3
CLIMBING_GEAR_0170,Climbing Gear,8,65.1,85.5,21.0,542.0
CLIMBING_GEAR_0171,Climbing Gear,0,,,,
CLIMBING_GEAR_0172,Climbing Gear,2,32.0,35.2,18.4,82.5
CLIMBING_GEAR_0173,Climbing Gear,1,28.7,98.0,7.9,36.6
CLIMBING_GEAR_0174,Climbing Gear,0,,,,
CLIMBING_GEAR_0175,Climbing Gear,7,25.1,28.4,26.1,201.8
CLIMBING_GEAR_0176,Climbing Gear,6,58.7,365.0,9.7,361.8
CLIMBING_GEAR_0177,Climbing Gear,1,134.1,252.1,21.3,155.4
CLIMBING_GEAR_0178,Climbing Gear,52,84.6,237.6,47.4,730.0
CLIMBING_GEAR_0179,Climbing Gear,0,,,,
CLIMBING_GEAR_0180,Climbing Gear,0,,,,
CLIMBING_GEAR_0181,Climbing Gear,0,,,,
CLIMBING_GEAR_0182,Climbing Gear,6,97.9,282.9,17.9,605.3
CLIMBING_GEAR_0183,Climbing Gear,2,41.8,95.4,25.7,109.2
CLIMBING_GEAR_0184,Climbing Gear,1,174.5,191.9,77.0,251.4
CLIMBING_GEAR_0185,Climbing Gear,4,95.3,109.2,13.6,394.6
CLIMBING_GEAR_0186,Climbing Gear,115,117.4,365.0,57.0,730.0
CLIMBING_GEAR_0187,Climbing Gear,1,122.7,328.4,25.4,148.1
CLIMBING_GEAR_0188,Climbing Gear,0,,,,
CLIMBING_GEAR_0189,Climbing Gear,9,88.8,365.0,20.5,730.0
CLIMBING_GEAR_0190,Climbing Gear,1,87.2,179.4,20.9,108.1
CLIMBING_GEAR_0191,Climbing Gear,7,129.4,365.0,66.0,730.0
CLIMBING_GEAR_0192,Climbing Gear,2,118.8,292.1,20.3,257.9
CLIMBING_GEAR_0193,Climbing Gear,1,52.8,142.9,59.6,112.4
CLIMBING_GEAR_0194,Climbing Gear,0,,,,
CLIMBING_GEAR_0195,Climbing Gear,1,126.3,365.0,12.6,138.9
CLIMBING_GEAR_0196,Climbing Gear,1,34.9,46.1,31.8,66.7
CLIMBING_GEAR_0197,Climbing Gear,7,86.0,271.7,21.5,623.4
CLIMBING_GEAR_0198,Climbing Gear,0,,,,
CLIMBING_GEAR_0199,Climbing Gear,0,,,,
CLIMBING_GEAR_0200,Climbing Gear,0,,,,
CLIMBING_GEAR_0201,Climbing Gear,7,40.5,102.7,13.9,297.6
CLIMBING_GEAR_0202,Climbing Gear,3,72.9,116.3,9.4,228.3
CLIMBING_GEAR_0203,Climbing Gear,0,,,,
CLIMBING_GEAR_0204,Climbing Gear,2,46.7,61.1,9.8,103.3
CLIMBING_GEAR_0205,Climbing Gear,0,,,,
CLIMBING_GEAR_0206,Climbing Gear,97,118.2,173.4,5.9,730.0
CLIMBING_GEAR_0207,Climbing Gear,1,54.4,231.0,19.5,73.9
CLIMBING_GEAR_0208,Climbing Gear,31,71.8,164.0,15.6,730.0
CLIMBING_GEAR_0209,Climbing Gear,0,,,,
CLIMBING_GEAR_0210,Climbing Gear,2,108.3,365.0,47.9,264.5
CLIMBING_GEAR_0211,Climbing Gear,0,,,,
CLIMBING_GEAR_0212,Climbing Gear,0,,,,
CLIMBING_GEAR_0213,Climbing Gear,1,92.2,149.0,13.9,106.1
CLIMBING_GEAR_0214,Climbing Gear,4,170.8,365.0,7.3,690.3
CLIMBING_GEAR_0215,Climbing Gear,4,57.6,94.0,11.2,241.8
CLIMBING_GEAR_0216,Climbing Gear,1,76.6,158.5,29.3,105.9
CLIMBING_GEAR_0217,Climbing Gear,0,,,,
CLIMBING_GEAR_0218,Climbing Gear,1,245.5,365.0,75.9,321.3
CLIMBING_GEAR_0219,Climbing Gear,0,,,,
CLIMBING_GEAR_0220,Climbing Gear,1,56.1,205.6,45.4,101.5
CLIMBING_GEAR_0221,Climbing Gear,3,181.9,348.8,13.7,559.5
CLIMBING_GEAR_0222,Climbing Gear,1,106.9,365.0,58.6,165.5
CLIMBING_GEAR_0223,Climbing Gear,5,45.6,101.8,31.7,259.6
CLIMBING_GEAR_0224,Climbing Gear,22,61.8,204.4,15.8,730.0
CLIMBING_GEAR_0225,Climbing Gear,0,,,,
CLIMBING_GEAR_0226,Climbing Gear,1,173.3,365.0,45.9,219.2
CLIMBING_GEAR_0227,Climbing Gear,0,,,,
CLIMBING_GEAR_0228,Climbing Gear,1,196.8,350.2,89.1,285.9
CLIMBING_GEAR_0229,Climbing Gear,3,82.6,131.7,10.3,257.9
CLIMBING_GEAR_0230,Climbing Gear,3,89.0,157.6,16.0,283.0
CLIMBING_GEAR_0231,Climbing Gear,7,131.3,365.0,13.2,730.0
CLIMBING_GEAR_0232,Climbing Gear,6,143.8,191.6,45.5,730.0
PACKS_AND_LUGG_0001,Packs & Luggage,0,,,,
PACKS_AND_LUGG_0002,Packs & Luggage,1,63.9,245.9,6.6,70.5
PACKS_AND_LUGG_0003,Packs & Luggage,2,108.9,347.0,18.0,235.9
PACKS_AND_LUGG_0004,Packs & Luggage,2,60.1,124.9,12.2,132.5
PACKS_AND_LUGG_0005,Packs & Luggage,0,,,,
PACKS_AND_LUGG_0006,Packs & Luggage,3,259.5,365.0,125.6,730.0
PACKS_AND_LUGG_0007,Packs & Luggage,2,146.2,365.0,68.5,360.9
PACKS_AND_LUGG_0008,Packs & Luggage,8,126.8,365.0,7.5,730.0
PACKS_AND_LUGG_0009,Packs & Luggage,1,75.0,171.7,15.4,90.4
PACKS_AND_LUGG_0010,Packs & Luggage,4,254.4,365.0,109.1,730.0
PACKS_AND_LUGG_0011,Packs & Luggage,1,365.0,365.0,48.9,413.9
PACKS_AND_LUGG_0012,Packs & Luggage,0,,,,
PACKS_AND_LUGG_0013,Packs & Luggage,0,,,,
PACKS_AND_LUGG_0014,Packs & Luggage,16,138.3,365.0,93.7,730.0
PACKS_AND_LUGG_0015,Packs & Luggage,6,130.3,365.0,40.2,730.0
PACKS_AND_LUGG_0016,Packs & Luggage,30,220.2,365.0,54.5,730.0
PACKS_AND_LUGG_0017,Packs & Luggage,0,,,,
PACKS_AND_LUGG_0018,Packs & Luggage,0,,,,
PACKS_AND_LUGG_0019,Packs & Luggage,1,150.4,272.8,49.9,200.3
PACKS_AND_LUGG_0020,Packs & Luggage,0,,,,
PACKS_AND_LUGG_0021,Packs & Luggage,7,131.9,365.0,5.9,730.0
PACKS_AND_LUGG_0022,Packs & Luggage,1,136.8,301.0,30.9,167.7
PACKS_AND_LUGG_0023,Packs & Luggage,26,96.4,236.0,30.8,730.0
PACKS_AND_LUGG_0024,Packs & Luggage,4,156.9,319.1,17.3,644.9
PACKS_AND_LUGG_0025,Packs & Luggage,7,88.6,97.5,20.5,641.0
PACKS_AND_LUGG_0026,Packs & Luggage,14,269.4,365.0,87.8,730.0
PACKS_AND_LUGG_0027,Packs & Luggage,2,185.4,365.0,48.0,418.9
PACKS_AND_LUGG_0028,Packs & Luggage,1,164.0,180.9,12.2,176.2
PACKS_AND_LUGG_0029,Packs & Luggage,0,,,,
PACKS_AND_LUGG_0030,Packs & Luggage,0,,,,
PACKS_AND_LUGG_0031,Packs & Luggage,1,120.1,365.0,17.4,137.5
PACKS_AND_LUGG_0032,Packs & Luggage,1,46.1,88.6,28.4,74.5
PACKS_AND_LUGG_0033,Packs & Luggage,1,61.4,161.5,18.3,79.7
PACKS_AND_LUGG_0034,Packs & Luggage,4,94.4,318.0,33.8,411.3
PACKS_AND_LUGG_0035,Packs & Luggage,29,162.2,365.0,32.1,730.0
PACKS_AND_LUGG_0036,Packs & Luggage,9,147.1,187.1,159.5,730.0
PACKS_AND_LUGG_0037,Packs & Luggage,2,144.4,191.8,45.7,334.4
PACKS_AND_LUGG_0038,Packs & Luggage,1,53.7,109.7,39.9,93.6
PACKS_AND_LUGG_0039,Packs & Luggage,2,105.7,116.3,11.2,222.6
PACKS_AND_LUGG_0040,Packs & Luggage,0,,,,
PACKS_AND_LUGG_0041,Packs & Luggage,6,165.3,309.2,26.1,730.0
PACKS_AND_LUGG_0042,Packs & Luggage,0,,,,
PACKS_AND_LUGG_0043,Packs & Luggage,0,,,,
PACKS_AND_LUGG_0044,Packs & Luggage,11,44.5,195.8,12.0,501.3
PACKS_AND_LUGG_0045,Packs & Luggage,7,203.4,287.3,43.7,730.0
PACKS_AND_LUGG_0046,Packs & Luggage,3,132.0,162.0,24.8,420.9
PACKS_AND_LUGG_0047,Packs & Luggage,14,76.9,266.0,25.4,730.0
PACKS_AND_LUGG_0048,Packs & Luggage,24,143.8,365.0,11.8,730.0
PACKS_AND_LUGG_0049,Packs & Luggage,28,365.0,365.0,26.3,730.0
PACKS_AND_LUGG_0050,Packs & Luggage,0,,,,
PACKS_AND_LUGG_0051,Packs & Luggage,24,184.0,238.7,29.2,730.0
PACKS_AND_LUGG_0052,Packs & Luggage,0,,,,
PACKS_AND_LUGG_0053,Packs & Luggage,4,85.8,124.6,20.0,363.3
PACKS_AND_LUGG_0054,Packs & Luggage,0,,,,
PACKS_AND_LUGG_0055,Packs & Luggage,70,112.6,308.0,11.1,730.0
PACKS_AND_LUGG_0056,Packs & Luggage,4,151.5,241.9,3.8,609.7
PACKS_AND_LUGG_0057,Packs & Luggage,10,66.5,235.4,48.3,712.9
PACKS_AND_LUGG_0058,Packs & Luggage,0,,,,
PACKS_AND_LUGG_0059,Packs & Luggage,0,,,,
PACKS_AND_LUGG_0060,Packs & Luggage,27,251.8,365.0,72.9,730.0
PACKS_AND_LUGG_0061,Packs & Luggage,0,,,,
PACKS_AND_LUGG_0062,Packs & Luggage,9,100.2,158.6,59.1,730.0
PACKS_AND_LUGG_0063,Packs & Luggage,4,133.5,339.1,22.5,556.5
PACKS_AND_LUGG_0064,Packs & Luggage,7,94.3,272.3,40.2,700.0
PACKS_AND_LUGG_0065,Packs & Luggage,0,,,,
PACKS_AND_LUGG_0066,Packs & Luggage,0,,,,
PACKS_AND_LUGG_0067,Packs & Luggage,0,,,,
PACKS_AND_LUGG_0068,Packs & Luggage,0,,,,
PACKS_AND_LUGG_0069,Packs & Luggage,1,192.6,344.7,72.0,264.6
PACKS_AND_LUGG_0070,Packs & Luggage,1,63.6,238.6,6.8,70.4
PACKS_AND_LUGG_0071,Packs & Luggage,9,190.0,365.0,18.2,730.0
PACKS_AND_LUGG_0072,Packs & Luggage,133,209.1,365.0,26.8,730.0
PACKS_AND_LUGG_0073,Packs & Luggage,0,,,,
PACKS_AND_LUGG_0074,Packs & Luggage,2,56.9,97.2,69.8,183.5
PACKS_AND_LUGG_0075,Packs & Luggage,22,159.2,245.6,6.0,730.0
PACKS_AND_LUGG_0076,Packs & Luggage,1,317.1,365.0,33.8,350.9
PACKS_AND_LUGG_0077,Packs & Luggage,4,191.0,365.0,191.5,730.0
PACKS_AND_LUGG_0078,Packs & Luggage,16,30.3,90.1,9.0,494.3
PACKS_AND_LUGG_0079,Packs & Luggage,52,164.2,365.0,40.4,730.0
PACKS_AND_LUGG_0080,Packs & Luggage,1,71.8,289.5,7.0,78.8
PACKS_AND_LUGG_0081,Packs & Luggage,1,62.6,154.8,13.4,75.9
PACKS_AND_LUGG_0082,Packs & Luggage,2,209.2,365.0,16.9,435.2
PACKS_AND_LUGG_0083,Packs & Luggage,13,137.2,365.0,38.2,730.0
PACKS_AND_LUGG_0084,Packs & Luggage,11,50.7,147.8,26.9,584.3
PACKS_AND_LUGG_0085,Packs & Luggage,1,33.7,108.7,45.9,79.6
PACKS_AND_LUGG_0086,Packs & Luggage,4,216.1,329.9,16.9,730.0
PACKS_AND_LUGG_0087,Packs & Luggage,13,197.2,365.0,75.3,730.0
PACKS_AND_LUGG_0088,Packs & Luggage,1,180.7,296.5,73.1,253.8
PACKS_AND_LUGG_0089,Packs & Luggage,6,140.9,316.0,10.3,730.0
PACKS_AND_LUGG_0090,Packs & Luggage,0,,,,
PACKS_AND_LUGG_0091,Packs & Luggage,1,91.6,216.0,37.5,129.1
PACKS_AND_LUGG_0092,Packs & Luggage,0,,,,
PACKS_AND_LUGG_0093,Packs & Luggage,1,134.7,365.0,41.2,176.0
PACKS_AND_LUGG_0094,Packs & Luggage,3,110.6,176.8,25.1,356.8
PACKS_AND_LUGG_0095,Packs & Luggage,0,,,,
PACKS_AND_LUGG_0096,Packs & Luggage,0,,,,
PACKS_AND_LUGG_0097,Packs & Luggage,9,100.5,233.1,7.9,730.0
PACKS_AND_LUGG_0098,Packs & Luggage,1,241.8,365.0,28.8,270.6
PACKS_AND_LUGG_0099,Packs & Luggage,1,88.2,97.0,9.3,97.5
PACKS_AND_LUGG_0100,Packs & Luggage,3,128.2,261.0,16.4,400.9
PACKS_AND_LUGG_0101,Packs & Luggage,1,185.7,365.0,50.9,236.6
PACKS_AND_LUGG_0102,Packs & Luggage,5,74.5,162.4,50.5,423.0
PACKS_AND_LUGG_0103,Packs & Luggage,1,63.6,126.4,43.1,106.7
PACKS_AND_LUGG_0104,Packs & Luggage,12,221.6,365.0,87.0,730.0
PACKS_AND_LUGG_0105,Packs & Luggage,34,104.8,129.3,21.9,730.0
PACKS_AND_LUGG_0106,Packs & Luggage,1,164.0,365.0,122.4,286.4
PACKS_AND_LUGG_0107,Packs & Luggage,7,350.5,365.0,83.0,730.0
PACKS_AND_LUGG_0108,Packs & Luggage,48,181.4,365.0,48.2,730.0
PACKS_AND_LUGG_0109,Packs & Luggage,1,141.3,365.0,16.3,157.7
PACKS_AND_LUGG_0110,Packs & Luggage,0,,,,
PACKS_AND_LUGG_0111,Packs & Luggage,0,,,,
PACKS_AND_LUGG_0112,Packs & Luggage,0,,,,
PACKS_AND_LUGG_0113,Packs & Luggage,1,106.7,117.4,6.0,112.8
PACKS_AND_LUGG_0114,Packs & Luggage,5,231.1,365.0,73.9,730.0
PACKS_AND_LUGG_0115,Packs & Luggage,0,,,,
PACKS_AND_LUGG_0116,Packs & Luggage,25,103.4,159.8,20.6,730.0
PACKS_AND_LUGG_0117,Packs & Luggage,0,,,,
PACKS_AND_LUGG_0118,Packs & Luggage,1,155.4,365.0,142.7,298.1
PACKS_AND_LUGG_0119,Packs & Luggage,3,140.2,268.6,36.1,456.7
PACKS_AND_LUGG_0120,Packs & Luggage,32,26.8,85.3,32.1,730.0
PACKS_AND_LUGG_0121,Packs & Luggage,3,214.0,365.0,33.2,675.1
PACKS_AND_LUGG_0122,Packs & Luggage,0,,,,
PACKS_AND_LUGG_0123,Packs & Luggage,4,256.7,297.0,44.0,730.0
PACKS_AND_LUGG_0124,Packs & Luggage,13,192.9,297.2,67.3,730.0
PACKS_AND_LUGG_0125,Packs & Luggage,6,234.8,365.0,67.3,730.0
PACKS_AND_LUGG_0126,Packs & Luggage,29,76.2,108.5,23.6,730.0
PACKS_AND_LUGG_0127,Packs & Luggage,2,186.6,269.7,13.6,386.7
SNOW_OUTERWEAR_0001,Snow Outerwear,1,128.0,140.8,59.5,187.5
SNOW_OUTERWEAR_0002,Snow Outerwear,3,307.9,365.0,17.1,730.0
SNOW_OUTERWEAR_0003,Snow Outerwear,1,90.2,101.8,30.5,120.7
SNOW_OUTERWEAR_0004,Snow Outerwear,67,77.2,127.0,7.2,730.0
SNOW_OUTERWEAR_0005,Snow Outerwear,1,48.7,74.5,12.5,61.2
SNOW_OUTERWEAR_0006,Snow Outerwear,0,,,,
SNOW_OUTERWEAR_0007,Snow Outerwear,41,103.8,234.4,32.9,730.0
SNOW_OUTERWEAR_0008,Snow Outerwear,0,,,,
SNOW_OUTERWEAR_0009,Snow Outerwear,0,,,,
SNOW_OUTERWEAR_0010,Snow Outerwear,7,96.9,273.0,68.2,730.0
SNOW_OUTERWEAR_0011,Snow Outerwear,10,190.8,365.0,31.7,730.0
SNOW_OUTERWEAR_0012,Snow Outerwear,0,,,,
SNOW_OUTERWEAR_0013,Snow Outerwear,1,225.2,365.0,71.4,296.6
SNOW_OUTERWEAR_0014,Snow Outerwear,7,86.1,191.5,25.6,628.4
SNOW_OUTERWEAR_0015,Snow Outerwear,1,138.7,308.9,51.2,189.9
SNOW_OUTERWEAR_0016,Snow Outerwear,0,,,,
SNOW_OUTERWEAR_0017,Snow Outerwear,1,274.4,365.0,72.9,347.3
SNOW_OUTERWEAR_0018,Snow Outerwear,0,,,,
SNOW_OUTERWEAR_0019,Snow Outerwear,0,,,,
SNOW_OUTERWEAR_0020,Snow Outerwear,2,73.6,122.8,31.7,178.9
SNOW_OUTERWEAR_0021,Snow Outerwear,0,,,,
SNOW_OUTERWEAR_0022,Snow Outerwear,1,59.7,173.5,7.0,66.7
SNOW_OUTERWEAR_0023,Snow Outerwear,8,104.2,238.5,59.2,730.0
SNOW_OUTERWEAR_0024,Snow Outerwear,0,,,,
SNOW_OUTERWEAR_0025,Snow Outerwear,4,158.6,362.1,167.8,730.0
SNOW_OUTERWEAR_0026,Snow Outerwear,2,139.6,223.2,22.6,301.8
SNOW_OUTERWEAR_0027,Snow Outerwear,3,96.9,109.3,10.9,301.5
SNOW_OUTERWEAR_0028,Snow Outerwear,12,237.0,365.0,87.5,730.0
SNOW_OUTERWEAR_0029,Snow Outerwear,3,295.1,365.0,67.4,730.0
SNOW_OUTERWEAR_0030,Snow Outerwear,1,303.3,365.0,33.2,336.5
SNOW_OUTERWEAR_0031,Snow Outerwear,6,147.0,365.0,140.8,730.0
SNOW_OUTERWEAR_0032,Snow Outerwear,1,139.2,264.8,61.3,200.5
SNOW_OUTERWEAR_0033,Snow Outerwear,3,61.0,341.8,23.2,206.1
SNOW_OUTERWEAR_0034,Snow Outerwear,2,64.2,222.7,15.9,144.3
SNOW_OUTERWEAR_0035,Snow Outerwear,1,365.0,365.0,203.5,568.5
SNOW_OUTERWEAR_0036,Snow Outerwear,1,136.5,280.8,44.7,181.2
SNOW_OUTERWEAR_0037,Snow Outerwear,0,,,,
SNOW_OUTERWEAR_0038,Snow Outerwear,1,90.8,195.3,21.4,112.2
SNOW_OUTERWEAR_0039,Snow Outerwear,6,59.7,127.3,41.1,399.5
SNOW_OUTERWEAR_0040,Snow Outerwear,30,211.3,365.0,189.7,730.0
SNOW_OUTERWEAR_0041,Snow Outerwear,0,,,,
SNOW_OUTERWEAR_0042,Snow Outerwear,0,,,,
SNOW_OUTERWEAR_0043,Snow Outerwear,10,151.0,349.7,51.8,730.0
SNOW_OUTERWEAR_0044,Snow Outerwear,13,173.0,365.0,20.1,730.0
SNOW_OUTERWEAR_0045,Snow Outerwear,9,47.6,109.4,18.1,446.8
SNOW_OUTERWEAR_0046,Snow Outerwear,1,60.2,254.8,16.5,76.7
SNOW_OUTERWEAR_0047,Snow Outerwear,3,80.2,227.2,10.1,250.7
SNOW_OUTERWEAR_0048,Snow Outerwear,1,101.2,192.3,5.2,106.4
SNOW_OUTERWEAR_0049,Snow Outerwear,0,,,,
SNOW_OUTERWEAR_0050,Snow Outerwear,0,,,,
SNOW_OUTERWEAR_0051,Snow Outerwear,0,,,,
SNOW_OUTERWEAR_0052,Snow Outerwear,0,,,,
SNOW_OUTERWEAR_0053,Snow Outerwear,1,32.3,80.4,11.6,44.0
SNOW_OUTERWEAR_0054,Snow Outerwear,1,30.8,48.3,25.7,56.5
SNOW_OUTERWEAR_0055,Snow Outerwear,11,103.2,309.8,44.5,730.0
SNOW_OUTERWEAR_0056,Snow Outerwear,9,147.7,365.0,20.0,730.0
SNOW_OUTERWEAR_0057,Snow Outerwear,0,,,,
SNOW_OUTERWEAR_0058,Snow Outerwear,10,60.7,109.6,21.0,627.8
SNOW_OUTERWEAR_0059,Snow Outerwear,7,120.5,365.0,14.6,730.0
SNOW_OUTERWEAR_0060,Snow Outerwear,2,110.7,158.8,37.4,258.8
SNOW_OUTERWEAR_0061,Snow Outerwear,23,143.1,277.7,8.0,730.0
SNOW_OUTERWEAR_0062,Snow Outerwear,0,,,,
SNOW_OUTERWEAR_0063,Snow Outerwear,2,173.9,279.0,68.3,416.1
SNOW_OUTERWEAR_0064,Snow Outerwear,2,109.4,225.7,14.0,232.8
SNOW_OUTERWEAR_0065,Snow Outerwear,7,39.0,121.5,35.9,308.6
SNOW_OUTERWEAR_0066,Snow Outerwear,2,100.0,321.5,4.1,204.1
SNOW_OUTERWEAR_0067,Snow Outerwear,0,,,,
SNOW_OUTERWEAR_0068,Snow Outerwear,0,,,,
SNOW_OUTERWEAR_0069,Snow Outerwear,0,,,,
SNOW_OUTERWEAR_0070,Snow Outerwear,0,,,,
SNOW_OUTERWEAR_0071,Snow Outerwear,2,132.4,344.6,11.1,275.9
SNOW_OUTERWEAR_0072,Snow Outerwear,1,86.2,154.2,12.1,98.2
SNOW_OUTERWEAR_0073,Snow Outerwear,2,22.8,112.0,43.6,89.1
SNOW_OUTERWEAR_0074,Snow Outerwear,1,70.0,163.4,48.5,118.6
SNOW_OUTERWEAR_0075,Snow Outerwear,0,,,,
SNOW_OUTERWEAR_0076,Snow Outerwear,7,69.7,76.7,20.2,508.2
SNOW_OUTERWEAR_0077,Snow Outerwear,7,175.8,365.0,77.6,730.0
SNOW_OUTERWEAR_0078,Snow Outerwear,0,,,,
SNOW_OUTERWEAR_0079,Snow Outerwear,1,183.0,365.0,45.0,228.0
SNOW_OUTERWEAR_0080,Snow Outerwear,0,,,,
SNOW_OUTERWEAR_0081,Snow Outerwear,0,,,,
SNOW_OUTERWEAR_0082,Snow Outerwear,0,,,,
SNOW_OUTERWEAR_0083,Snow Outerwear,2,249.0,273.9,57.4,555.3
SNOW_OUTERWEAR_0084,Snow Outerwear,1,93.8,194.7,24.7,118.5
SNOW_OUTERWEAR_0085,Snow Outerwear,2,50.8,78.1,28.3,129.8
SNOW_OUTERWEAR_0086,Snow Outerwear,3,112.5,365.0,76.7,414.1
SNOW_OUTERWEAR_0087,Snow Outerwear,3,326.3,365.0,223.9,730.0
SNOW_OUTERWEAR_0088,Snow Outerwear,0,,,,
SNOW_OUTERWEAR_0089,Snow Outerwear,1,127.1,365.0,8.0,135.1
SNOW_OUTERWEAR_0090,Snow Outerwear,1,64.9,166.9,62.8,127.7
SNOW_OUTERWEAR_0091,Snow Outerwear,2,71.5,139.6,15.2,158.2
SNOW_OUTERWEAR_0092,Snow Outerwear,1,78.5,215.1,14.2,92.7
SNOW_OUTERWEAR_0093,Snow Outerwear,9,74.3,200.7,7.8,676.4
SNOW_OUTERWEAR_0094,Snow Outerwear,0,,,,
SNOW_OUTERWEAR_0095,Snow Outerwear,0,,,,
SNOW_OUTERWEAR_0096,Snow Outerwear,72,77.2,330.4,22.0,730.0
SNOW_OUTERWEAR_0097,Snow Outerwear,0,,,,
SNOW_OUTERWEAR_0098,Snow Outerwear,13,115.5,365.0,11.9,730.0
SNOW_OUTERWEAR_0099,Snow Outerwear,0,,,,
SNOW_OUTERWEAR_0100,Snow Outerwear,5,101.0,365.0,15.4,520.3
SNOW_OUTERWEAR_0101,Snow Outerwear,0,,,,
SNOW_OUTERWEAR_0102,Snow Outerwear,1,96.4,232.1,40.0,136.4
SNOW_OUTERWEAR_0103,Snow Outerwear,20,89.6,199.6,7.3,730.0
SNOW_OUTERWEAR_0104,Snow Outerwear,0,,,,
SNOW_OUTERWEAR_0105,Snow Outerwear,0,,,,
SNOW_OUTERWEAR_0106,Snow Outerwear,2,115.6,258.3,15.4,246.6
SNOW_OUTERWEAR_0107,Snow Outerwear,0,,,,
SNOW_OUTERWEAR_0108,Snow Outerwear,1,101.7,229.2,12.1,113.8
SNOW_OUTERWEAR_0109,Snow Outerwear,0,,,,
SNOW_OUTERWEAR_0110,Snow Outerwear,0,,,,
SNOW_OUTERWEAR_0111,Snow Outerwear,0,,,,
SNOW_OUTERWEAR_0112,Snow Outerwear,2,274.4,365.0,72.1,620.8
SNOW_OUTERWEAR_0113,Snow Outerwear,4,152.8,365.0,174.4,730.0
SNOW_OUTERWEAR_0114,Snow Outerwear,1,187.4,365.0,57.6,245.0
SNOW_OUTERWEAR_0115,Snow Outerwear,19,139.7,365.0,120.6,730.0
SNOW_OUTERWEAR_0116,Snow Outerwear,0,,,,
SNOW_OUTERWEAR_0117,Snow Outerwear,1,160.0,365.0,57.5,217.5
SNOW_OUTERWEAR_0118,Snow Outerwear,0,,,,
SNOW_OUTERWEAR_0119,Snow Outerwear,21,86.5,106.1,183.0,730.0
SNOW_OUTERWEAR_0120,Snow Outerwear,0,,,,
SNOW_OUTERWEAR_0121,Snow Outerwear,1,152.9,285.9,37.7,190.6
SNOW_OUTERWEAR_0122,Snow Outerwear,14,77.0,158.3,5.6,730.0
SNOW_OUTERWEAR_0123,Snow Outerwear,0,,,,
SNOW_OUTERWEAR_0124,Snow Outerwear,0,,,,
SNOW_OUTERWEAR_0125,Snow Outerwear,3,63.2,242.6,11.8,201.3
SNOW_OUTERWEAR_0126,Snow Outerwear,3,94.0,301.0,15.3,297.3
SNOW_OUTERWEAR_0127,Snow Outerwear,1,150.4,309.6,9.2,159.7
SNOW_OUTERWEAR_0128,Snow Outerwear,109,111.9,249.0,46.8,730.0
SNOW_OUTERWEAR_0129,Snow Outerwear,8,58.9,296.1,17.2,488.3
SNOW_OUTERWEAR_0130,Snow Outerwear,1,103.7,186.0,106.2,209.8
SNOW_OUTERWEAR_0131,Snow Outerwear,1,113.4,308.4,9.7,123.2
SNOW_OUTERWEAR_0132,Snow Outerwear,0,,,,
SNOW_OUTERWEAR_0133,Snow Outerwear,6,347.0,365.0,77.2,730.0
SNOW_OUTERWEAR_0134,Snow Outerwear,0,,,,
SNOW_OUTERWEAR_0135,Snow Outerwear,1,79.7,339.9,14.4,94.1
SNOW_OUTERWEAR_0136,Snow Outerwear,1,132.1,365.0,25.7,157.8
SNOW_OUTERWEAR_0137,Snow Outerwear,1,64.0,217.9,11.6,75.7
SNOW_OUTERWEAR_0138,Snow Outerwear,0,,,,
SNOW_OUTERWEAR_0139,Snow Outerwear,11,138.4,329.1,14.8,730.0
SNOW_OUTERWEAR_0140,Snow Outerwear,0,,,,
SNOW_OUTERWEAR_0141,Snow Outerwear,0,,,,
SNOW_OUTERWEAR_0142,Snow Outerwear,1,134.1,164.3,27.9,162.0
SNOW_OUTERWEAR_0143,Snow Outerwear,9,116.0,256.4,23.8,730.0
SNOW_OUTERWEAR_0144,Snow Outerwear,0,,,,
SNOW_OUTERWEAR_0145,Snow Outerwear,0,,,,
SNOW_OUTERWEAR_0146,Snow Outerwear,3,134.9,365.0,253.7,658.5
SNOW_OUTERWEAR_0147,Snow Outerwear,0,,,,
SNOW_OUTERWEAR_0148,Snow Outerwear,0,,,,
SNOW_OUTERWEAR_0149,Snow Outerwear,1,136.0,318.0,36.7,172.7
SNOW_OUTERWEAR_0150,Snow Outerwear,2,43.0,151.9,16.4,102.4
SNOW_OUTERWEAR_0151,Snow Outerwear,0,,,,
SNOW_OUTERWEAR_0152,Snow Outerwear,0,,,,
SNOW_OUTERWEAR_0153,Snow Outerwear,7,26.9,59.9,24.9,213.4
SNOW_OUTERWEAR_0154,Snow Outerwear,7,79.4,203.8,33.8,589.7
SNOW_OUTERWEAR_0155,Snow Outerwear,0,,,,
SNOW_OUTERWEAR_0156,Snow Outerwear,0,,,,
SNOW_OUTERWEAR_0157,Snow Outerwear,1,49.2,160.9,8.0,57.2
SNOW_OUTERWEAR_0158,Snow Outerwear,0,,,,
SNOW_OUTERWEAR_0159,Snow Outerwear,20,78.0,219.8,23.1,730.0
SNOW_OUTERWEAR_0160,Snow Outerwear,0,,,,
SNOW_OUTERWEAR_0161,Snow Outerwear,0,,,,
SNOW_OUTERWEAR_0162,Snow Outerwear,0,,,,
SNOW_OUTERWEAR_0163,Snow Outerwear,1,232.3,365.0,64.6,296.9
SNOW_OUTERWEAR_0164,Snow Outerwear,3,93.8,103.2,21.9,303.4
SNOW_OUTERWEAR_0165,Snow Outerwear,1,62.6,90.6,12.0,74.7
SNOW_OUTERWEAR_0166,Snow Outerwear,1,89.4,247.1,38.4,127.9
SNOW_OUTERWEAR_0167,Snow Outerwear,3,166.5,365.0,13.0,512.6
SNOW_OUTERWEAR_0168,Snow Outerwear,13,60.3,92.1,12.3,730.0
SNOW_OUTERWEAR_0169,Snow Outerwear,0,,,,
SNOW_OUTERWEAR_0170,Snow Outerwear,2,139.0,260.6,33.3,311.2
SNOW_OUTERWEAR_0171,Snow Outerwear,4,51.1,111.2,16.5,220.9
SNOW_OUTERWEAR_0172,Snow Outerwear,1,119.2,310.6,37.3,156.5
SNOW_OUTERWEAR_0173,Snow Outerwear,0,,,,
SNOW_OUTERWEAR_0174,Snow Outerwear,0,,,,
SNOW_OUTERWEAR_0175,Snow Outerwear,0,,,,
SNOW_OUTERWEAR_0176,Snow Outerwear,0,,,,
SNOW_OUTERWEAR_0177,Snow Outerwear,0,,,,
SNOW_OUTERWEAR_0178,Snow Outerwear,0,,,,
SNOW_OUTERWEAR_0179,Snow Outerwear,4,165.4,365.0,34.8,696.2
SNOW_OUTERWEAR_0180,Snow Outerwear,0,,,,
SNOW_OUTERWEAR_0181,Snow Outerwear,1,143.9,226.7,47.6,191.5
SNOW_OUTERWEAR_0182,Snow Outerwear,0,,,,
SNOW_OUTERWEAR_0183,Snow Outerwear,1,68.8,162.5,14.9,83.7
SNOW_OUTERWEAR_0184,Snow Outerwear,1,62.0,120.5,58.3,120.3
SNOW_OUTERWEAR_0185,Snow Outerwear,216,97.4,229.4,8.6,730.0
SNOW_OUTERWEAR_0186,Snow Outerwear,1,231.9,255.0,164.2,396.1
SNOW_OUTERWEAR_0187,Snow Outerwear,0,,,,
SNOW_OUTERWEAR_0188,Snow Outerwear,0,,,,
SNOW_OUTERWEAR_0189,Snow Outerwear,1,48.1,183.3,16.5,64.6
SNOW_OUTERWEAR_0190,Snow Outerwear,1,99.9,224.4,102.2,202.1
SNOW_OUTERWEAR_0191,Snow Outerwear,15,222.6,244.8,120.3,730.0
SNOW_OUTERWEAR_0192,Snow Outerwear,7,93.3,196.3,10.0,662.8
SNOW_OUTERWEAR_0193,Snow Outerwear,20,90.2,256.2,10.6,730.0
SNOW_OUTERWEAR_0194,Snow Outerwear,0,,,,
SNOW_OUTERWEAR_0195,Snow Outerwear,43,36.2,67.1,8.3,730.0
SNOW_OUTERWEAR_0196,Snow Outerwear,3,229.9,365.0,43.3,730.0
SNOW_OUTERWEAR_0197,Snow Outerwear,0,,,,
SNOW_OUTERWEAR_0198,Snow Outerwear,0,,,,
SNOW_OUTERWEAR_0199,Snow Outerwear,3,291.0,365.0,50.9,730.0
SNOW_OUTERWEAR_0200,Snow Outerwear,1,44.9,55.8,13.5,58.4
SNOW_OUTERWEAR_0201,Snow Outerwear,5,78.1,197.2,12.3,402.6
SNOW_OUTERWEAR_0202,Snow Outerwear,0,,,,
SNOW_OUTERWEAR_0203,Snow Outerwear,1,67.2,120.4,8.7,75.8
SNOW_OUTERWEAR_0204,Snow Outerwear,0,,,,
SNOW_OUTERWEAR_0205,Snow Outerwear,2,99.1,200.1,10.6,208.7
SNOW_OUTERWEAR_0206,Snow Outerwear,2,31.4,100.7,24.2,86.9
SNOW_OUTERWEAR_0207,Snow Outerwear,2,343.6,365.0,37.6,724.9
SNOW_OUTERWEAR_0208,Snow Outerwear,0,,,,
SNOW_OUTERWEAR_0209,Snow Outerwear,0,,,,
SNOW_OUTERWEAR_0210,Snow Outerwear,0,,,,
SNOW_OUTERWEAR_0211,Snow Outerwear,2,100.0,355.1,19.2,219.3
SNOW_OUTERWEAR_0212,Snow Outerwear,0,,,,
SNOW_OUTERWEAR_0213,Snow Outerwear,2,56.2,78.7,12.8,125.3
SNOW_OUTERWEAR_0214,Snow Outerwear,4,197.7,311.8,34.8,730.0
SNOW_OUTERWEAR_0215,Snow Outerwear,1,73.2,141.4,17.4,90.5
SNOW_OUTERWEAR_0216,Snow Outerwear,1,71.1,350.8,29.3,100.4
SNOW_OUTERWEAR_0217,Snow Outerwear,0,,,,
SNOW_OUTERWEAR_0218,Snow Outerwear,0,,,,
SNOW_OUTERWEAR_0219,Snow Outerwear,0,,,,
SNOW_OUTERWEAR_0220,Snow Outerwear,1,97.9,274.1,15.8,113.7
SNOW_OUTERWEAR_0221,Snow Outerwear,0,,,,
SNOW_OUTERWEAR_0222,Snow Outerwear,2,93.9,200.2,8.1,195.9
SNOW_OUTERWEAR_0223,Snow Outerwear,23,98.7,232.9,5.8,730.0
SNOW_OUTERWEAR_0224,Snow Outerwear,2,155.2,297.0,115.3,425.8
SNOW_OUTERWEAR_0225,Snow Outerwear,2,365.0,365.0,379.6,730.0
SNOW_OUTERWEAR_0226,Snow Outerwear,0,,,,
SNOW_OUTERWEAR_0227,Snow Outerwear,1,136.3,365.0,15.5,151.8
SNOW_OUTERWEAR_0228,Snow Outerwear,0,,,,
SNOW_OUTERWEAR_0229,Snow Outerwear,1,64.0,114.4,15.6,79.6
SNOW_OUTERWEAR_0230,Snow Outerwear,0,,,,
SNOW_OUTERWEAR_0231,Snow Outerwear,1,85.2,93.7,23.5,108.7
SNOW_OUTERWEAR_0232,Snow Outerwear,2,44.4,73.3,20.7,109.5
SNOW_OUTERWEAR_0233,Snow Outerwear,0,,,,
SNOW_OUTERWEAR_0234,Snow Outerwear,0,,,,
SNOW_OUTERWEAR_0235,Snow Outerwear,0,,,,
SNOW_OUTERWEAR_0236,Snow Outerwear,3,120.6,225.8,11.1,373.0
SNOW_OUTERWEAR_0237,Snow Outerwear,2,77.8,85.6,7.5,163.1
SNOW_OUTERWEAR_0238,Snow Outerwear,2,104.7,135.0,44.9,254.3
SNOW_OUTERWEAR_0239,Snow Outerwear,1,117.9,129.7,31.3,149.2
SNOW_OUTERWEAR_0240,Snow Outerwear,1,365.0,365.0,39.2,404.2
SNOW_OUTERWEAR_0241,Snow Outerwear,1,32.4,70.5,11.1,43.6
SNOW_OUTERWEAR_0242,Snow Outerwear,0,,,,
SNOW_OUTERWEAR_0243,Snow Outerwear,1,29.4,154.4,9.1,38.5
SNOW_OUTERWEAR_0244,Snow Outerwear,0,,,,
SNOW_OUTERWEAR_0245,Snow Outerwear,0,,,,
SNOW_OUTERWEAR_0246,Snow Outerwear,54,79.6,186.7,18.9,730.0
SNOW_OUTERWEAR_0247,Snow Outerwear,0,,,,
SNOW_OUTERWEAR_0248,Snow Outerwear,4,178.0,362.4,41.4,730.0
SNOW_OUTERWEAR_0249,Snow Outerwear,7,64.9,130.6,18.8,473.1
SNOW_OUTERWEAR_0250,Snow Outerwear,4,153.0,365.0,17.4,629.3
SNOW_OUTERWEAR_0251,Snow Outerwear,4,52.8,246.0,37.6,248.6
SNOW_OUTERWEAR_0252,Snow Outerwear,2,86.8,365.0,38.6,212.2
SNOW_OUTERWEAR_0253,Snow Outerwear,0,,,,
SNOW_OUTERWEAR_0254,Snow Outerwear,30,78.0,105.2,20.4,730.0
SNOW_OUTERWEAR_0255,Snow Outerwear,5,121.3,287.2,47.8,654.1
SNOW_OUTERWEAR_0256,Snow Outerwear,11,197.8,247.4,152.6,730.0
SNOW_OUTERWEAR_0257,Snow Outerwear,0,,,,
SNOW_OUTERWEAR_0258,Snow Outerwear,1,113.7,271.5,138.5,252.2
TECHNICAL_OUTE_0001,Technical Outerwear,12,52.7,92.8,10.1,642.6
TECHNICAL_OUTE_0002,Technical Outerwear,2,121.8,138.4,13.8,257.4
TECHNICAL_OUTE_0003,Technical Outerwear,0,,,,
TECHNICAL_OUTE_0004,Technical Outerwear,2,46.0,111.7,47.6,139.7
TECHNICAL_OUTE_0005,Technical Outerwear,1,98.6,322.4,54.7,153.4
TECHNICAL_OUTE_0006,Technical Outerwear,1,60.1,137.5,34.5,94.6
TECHNICAL_OUTE_0007,Technical Outerwear,0,,,,
TECHNICAL_OUTE_0008,Technical Outerwear,6,109.8,207.7,20.9,679.6
TECHNICAL_OUTE_0009,Technical Outerwear,5,108.9,365.0,10.7,555.1
TECHNICAL_OUTE_0010,Technical Outerwear,3,117.5,365.0,7.5,360.1
TECHNICAL_OUTE_0011,Technical Outerwear,0,,,,
TECHNICAL_OUTE_0012,Technical Outerwear,9,186.0,365.0,84.8,730.0
TECHNICAL_OUTE_0013,Technical Outerwear,25,31.5,51.5,29.1,730.0
TECHNICAL_OUTE_0014,Technical Outerwear,3,53.4,97.8,16.5,176.7
TECHNICAL_OUTE_0015,Technical Outerwear,21,69.9,89.6,31.9,730.0
TECHNICAL_OUTE_0016,Technical Outerwear,4,241.6,265.8,63.7,730.0
TECHNICAL_OUTE_0017,Technical Outerwear,1,60.5,154.5,9.3,69.8
TECHNICAL_OUTE_0018,Technical Outerwear,11,69.4,78.4,9.6,730.0
TECHNICAL_OUTE_0019,Technical Outerwear,1,139.9,365.0,67.2,207.0
TECHNICAL_OUTE_0020,Technical Outerwear,0,,,,
TECHNICAL_OUTE_0021,Technical Outerwear,8,98.5,230.4,14.5,730.0
TECHNICAL_OUTE_0022,Technical Outerwear,42,100.1,302.4,5.1,730.0
TECHNICAL_OUTE_0023,Technical Outerwear,1,46.3,95.0,23.3,69.6
TECHNICAL_OUTE_0024,Technical Outerwear,1,81.2,187.3,6.6,87.7
TECHNICAL_OUTE_0025,Technical Outerwear,0,,,,
TECHNICAL_OUTE_0026,Technical Outerwear,15,136.6,163.0,37.8,730.0
TECHNICAL_OUTE_0027,Technical Outerwear,3,107.8,121.7,40.4,363.8
TECHNICAL_OUTE_0028,Technical Outerwear,3,149.8,175.0,52.9,502.2
TECHNICAL_OUTE_0029,Technical Outerwear,31,106.6,286.4,50.1,730.0
TECHNICAL_OUTE_0030,Technical Outerwear,31,32.2,80.4,19.3,730.0
TECHNICAL_OUTE_0031,Technical Outerwear,0,,,,
TECHNICAL_OUTE_0032,Technical Outerwear,7,63.1,155.8,7.5,449.2
TECHNICAL_OUTE_0033,Technical Outerwear,1,190.5,289.5,60.5,251.0
TECHNICAL_OUTE_0034,Technical Outerwear,9,45.9,178.3,24.1,437.6
TECHNICAL_OUTE_0035,Technical Outerwear,33,127.1,363.6,38.4,730.0
TECHNICAL_OUTE_0036,Technical Outerwear,1,50.8,181.5,20.0,70.8
TECHNICAL_OUTE_0037,Technical Outerwear,0,,,,
TECHNICAL_OUTE_0038,Technical Outerwear,4,63.5,320.0,6.4,260.6
TECHNICAL_OUTE_0039,Technical Outerwear,0,,,,
TECHNICAL_OUTE_0040,Technical Outerwear,90,71.5,78.6,9.4,730.0
TECHNICAL_OUTE_0041,Technical Outerwear,141,136.8,365.0,11.6,730.0
TECHNICAL_OUTE_0042,Technical Outerwear,0,,,,
TECHNICAL_OUTE_0043,Technical Outerwear,20,96.3,186.7,6.8,730.0
TECHNICAL_OUTE_0044,Technical Outerwear,34,21.6,52.2,12.2,730.0
TECHNICAL_OUTE_0045,Technical Outerwear,7,61.3,86.8,11.2,440.2
TECHNICAL_OUTE_0046,Technical Outerwear,0,,,,
TECHNICAL_OUTE_0047,Technical Outerwear,0,,,,
TECHNICAL_OUTE_0048,Technical Outerwear,15,155.5,365.0,13.8,730.0
TECHNICAL_OUTE_0049,Technical Outerwear,0,,,,
TECHNICAL_OUTE_0050,Technical Outerwear,3,187.6,365.0,40.4,603.2
TECHNICAL_OUTE_0051,Technical Outerwear,1,179.1,365.0,8.5,187.6
TECHNICAL_OUTE_0052,Technical Outerwear,0,,,,
TECHNICAL_OUTE_0053,Technical Outerwear,2,269.1,323.6,38.7,576.8
TECHNICAL_OUTE_0054,Technical Outerwear,0,,,,
TECHNICAL_OUTE_0055,Technical Outerwear,4,246.6,365.0,46.9,730.0
TECHNICAL_OUTE_0056,Technical Outerwear,2,82.0,199.7,74.3,238.3
TECHNICAL_OUTE_0057,Technical Outerwear,20,103.7,141.2,44.8,730.0
TECHNICAL_OUTE_0058,Technical Outerwear,1,64.1,142.2,11.6,75.6
TECHNICAL_OUTE_0059,Technical Outerwear,11,98.4,365.0,23.6,730.0
TECHNICAL_OUTE_0060,Technical Outerwear,1,183.0,300.4,14.9,197.9
TECHNICAL_OUTE_0061,Technical Outerwear,1,84.0,136.5,7.2,91.2
TECHNICAL_OUTE_0062,Technical Outerwear,2,113.9,254.0,47.6,275.4
TECHNICAL_OUTE_0063,Technical Outerwear,2,152.6,324.7,27.3,332.5
TECHNICAL_OUTE_0064,Technical Outerwear,1,296.6,365.0,41.4,338.0
TECHNICAL_OUTE_0065,Technical Outerwear,1,68.8,237.9,40.3,109.1
TECHNICAL_OUTE_0066,Technical Outerwear,1,354.0,365.0,36.0,390.0
TECHNICAL_OUTE_0067,Technical Outerwear,25,81.0,218.8,8.7,730.0
TECHNICAL_OUTE_0068,Technical Outerwear,5,192.4,304.5,62.6,730.0
TECHNICAL_OUTE_0069,Technical Outerwear,12,167.2,365.0,146.1,730.0
TECHNICAL_OUTE_0070,Technical Outerwear,5,27.2,127.1,19.0,155.0
TECHNICAL_OUTE_0071,Technical Outerwear,0,,,,
TECHNICAL_OUTE_0072,Technical Outerwear,0,,,,
TECHNICAL_OUTE_0073,Technical Outerwear,2,112.6,339.9,5.9,231.0
TECHNICAL_OUTE_0074,Technical Outerwear,0,,,,
TECHNICAL_OUTE_0075,Technical Outerwear,10,198.7,240.2,103.8,730.0
TECHNICAL_OUTE_0076,Technical Outerwear,10,49.4,124.2,17.9,511.6
TECHNICAL_OUTE_0077,Technical Outerwear,3,288.3,317.1,78.4,730.0
TECHNICAL_OUTE_0078,Technical Outerwear,4,46.0,80.7,54.0,238.0
TECHNICAL_OUTE_0079,Technical Outerwear,1,129.6,365.0,8.4,138.0
TECHNICAL_OUTE_0080,Technical Outerwear,1,237.0,365.0,57.4,294.4
TECHNICAL_OUTE_0081,Technical Outerwear,0,,,,
TECHNICAL_OUTE_0082,Technical Outerwear,7,87.6,184.1,26.2,639.1
TECHNICAL_OUTE_0083,Technical Outerwear,14,34.5,120.8,15.4,498.4
TECHNICAL_OUTE_0084,Technical Outerwear,9,82.8,365.0,18.1,730.0
TECHNICAL_OUTE_0085,Technical Outerwear,1,215.3,297.0,93.6,308.9
TECHNICAL_OUTE_0086,Technical Outerwear,7,292.1,365.0,22.8,730.0
TECHNICAL_OUTE_0087,Technical Outerwear,1,33.5,71.0,68.2,101.7
TECHNICAL_OUTE_0088,Technical Outerwear,2,91.6,149.2,15.5,198.8
TECHNICAL_OUTE_0089,Technical Outerwear,3,55.8,104.9,16.3,183.8
TECHNICAL_OUTE_0090,Technical Outerwear,11,70.1,103.6,13.4,730.0
TECHNICAL_OUTE_0091,Technical Outerwear,0,,,,
TECHNICAL_OUTE_0092,Technical Outerwear,8,120.5,365.0,16.3,730.0
TECHNICAL_OUTE_0093,Technical Outerwear,0,,,,
TECHNICAL_OUTE_0094,Technical Outerwear,0,,,,
TECHNICAL_OUTE_0095,Technical Outerwear,0,,,,
TECHNICAL_OUTE_0096,Technical Outerwear,11,275.8,365.0,81.7,730.0
TECHNICAL_OUTE_0097,Technical Outerwear,60,148.6,217.1,8.9,730.0
TECHNICAL_OUTE_0098,Technical Outerwear,15,19.1,38.9,29.1,315.6
TECHNICAL_OUTE_0099,Technical Outerwear,3,224.0,251.3,21.8,693.6
TECHNICAL_OUTE_0100,Technical Outerwear,6,205.4,329.0,110.3,730.0
TECHNICAL_OUTE_0101,Technical Outerwear,1,90.8,110.8,20.6,111.4
TECHNICAL_OUTE_0102,Technical Outerwear,3,55.6,94.0,9.5,176.4
TECHNICAL_OUTE_0103,Technical Outerwear,1,229.9,365.0,43.2,273.0
TECHNICAL_OUTE_0104,Technical Outerwear,8,60.2,209.5,18.5,499.9
TECHNICAL_OUTE_0105,Technical Outerwear,6,43.0,47.4,85.9,344.2
TECHNICAL_OUTE_0106,Technical Outerwear,0,,,,
TECHNICAL_OUTE_0107,Technical Outerwear,6,91.1,140.6,7.9,554.7
TECHNICAL_OUTE_0108,Technical Outerwear,7,38.1,74.2,33.2,299.6
TECHNICAL_OUTE_0109,Technical Outerwear,1,94.1,365.0,22.5,116.7
TECHNICAL_OUTE_0110,Technical Outerwear,34,79.3,365.0,14.9,730.0
TECHNICAL_OUTE_0111,Technical Outerwear,1,122.0,223.3,9.4,131.4
TECHNICAL_OUTE_0112,Technical Outerwear,2,365.0,365.0,64.1,730.0
TECHNICAL_OUTE_0113,Technical Outerwear,17,207.3,228.0,81.7,730.0
TECHNICAL_OUTE_0114,Technical Outerwear,0,,,,
TECHNICAL_OUTE_0115,Technical Outerwear,0,,,,
TECHNICAL_OUTE_0116,Technical Outerwear,0,,,,
TECHNICAL_OUTE_0117,Technical Outerwear,0,,,,
TECHNICAL_OUTE_0118,Technical Outerwear,1,199.2,343.6,12.3,211.5
TECHNICAL_OUTE_0119,Technical Outerwear,16,148.6,365.0,31.6,730.0
TECHNICAL_OUTE_0120,Technical Outerwear,1,195.9,365.0,88.0,283.9
TECHNICAL_OUTE_0121,Technical Outerwear,1,66.2,118.3,6.8,73.0
TECHNICAL_OUTE_0122,Technical Outerwear,1,198.1,365.0,12.5,210.7
TECHNICAL_OUTE_0123,Technical Outerwear,16,88.8,217.1,8.2,730.0
TECHNICAL_OUTE_0124,Technical Outerwear,2,55.7,103.9,32.0,143.4
TECHNICAL_OUTE_0125,Technical Outerwear,126,130.6,303.1,18.7,730.0
TECHNICAL_OUTE_0126,Technical Outerwear,0,,,,
TECHNICAL_OUTE_0127,Technical Outerwear,2,95.3,216.9,10.5,201.1
TECHNICAL_OUTE_0128,Technical Outerwear,12,82.4,289.8,22.0,730.0
TECHNICAL_OUTE_0129,Technical Outerwear,1,64.3,70.8,15.5,79.8
TECHNICAL_OUTE_0130,Technical Outerwear,0,,,,
TECHNICAL_OUTE_0131,Technical Outerwear,29,112.9,365.0,12.4,730.0
TECHNICAL_OUTE_0132,Technical Outerwear,1,171.6,365.0,58.9,230.5
TECHNICAL_OUTE_0133,Technical Outerwear,1,365.0,365.0,115.4,480.4
TECHNICAL_OUTE_0134,Technical Outerwear,1,260.6,365.0,44.7,305.3
TECHNICAL_OUTE_0135,Technical Outerwear,1,102.5,133.2,22.4,124.9
TECHNICAL_OUTE_0136,Technical Outerwear,5,96.3,192.7,27.3,509.0
TECHNICAL_OUTE_0137,Technical Outerwear,2,121.5,299.8,22.7,265.8
TECHNICAL_OUTE_0138,Technical Outerwear,0,,,,
TECHNICAL_OUTE_0139,Technical Outerwear,19,22.2,24.4,25.7,447.3
TECHNICAL_OUTE_0140,Technical Outerwear,30,124.7,188.9,19.1,730.0
TECHNICAL_OUTE_0141,Technical Outerwear,0,,,,
TECHNICAL_OUTE_0142,Technical Outerwear,4,365.0,365.0,39.9,730.0
TECHNICAL_OUTE_0143,Technical Outerwear,0,,,,
TECHNICAL_OUTE_0144,Technical Outerwear,0,,,,
TECHNICAL_OUTE_0145,Technical Outerwear,36,136.6,150.3,155.0,730.0
TECHNICAL_OUTE_0146,Technical Outerwear,4,153.4,250.6,11.1,624.7
TECHNICAL_OUTE_0147,Technical Outerwear,4,158.6,365.0,24.3,658.6
TECHNICAL_OUTE_0148,Technical Outerwear,2,66.8,100.5,43.5,177.0
TECHNICAL_OUTE_0149,Technical Outerwear,0,,,,
TECHNICAL_OUTE_0150,Technical Outerwear,8,72.6,131.9,75.5,655.9
TECHNICAL_OUTE_0151,Technical Outerwear,1,89.1,283.9,79.7,168.8
TECHNICAL_OUTE_0152,Technical Outerwear,31,132.6,299.4,19.9,730.0
TECHNICAL_OUTE_0153,Technical Outerwear,5,169.3,304.5,8.6,730.0
TECHNICAL_OUTE_0154,Technical Outerwear,50,104.1,159.8,28.7,730.0
TECHNICAL_OUTE_0155,Technical Outerwear,48,23.9,41.7,13.8,730.0
TECHNICAL_OUTE_0156,Technical Outerwear,7,365.0,365.0,141.7,730.0
TECHNICAL_OUTE_0157,Technical Outerwear,6,102.3,195.8,13.9,628.0
TECHNICAL_OUTE_0158,Technical Outerwear,0,,,,
TECHNICAL_OUTE_0159,Technical Outerwear,28,218.6,365.0,20.4,730.0
TECHNICAL_OUTE_0160,Technical Outerwear,3,53.6,137.1,12.3,173.0
TECHNICAL_OUTE_0161,Technical Outerwear,0,,,,
TECHNICAL_OUTE_0162,Technical Outerwear,1,76.7,230.6,5.3,82.0
TECHNICAL_OUTE_0163,Technical Outerwear,1,54.8,63.1,19.1,73.9
TECHNICAL_OUTE_0164,Technical Outerwear,10,356.4,365.0,22.4,730.0
TECHNICAL_OUTE_0165,Technical Outerwear,48,108.2,119.1,31.2,730.0
TECHNICAL_OUTE_0166,Technical Outerwear,0,,,,
TECHNICAL_OUTE_0167,Technical Outerwear,1,173.8,365.0,10.6,184.4
TECHNICAL_OUTE_0168,Technical Outerwear,1,88.2,157.3,30.0,118.2
TECHNICAL_OUTE_0169,Technical Outerwear,21,278.6,365.0,3.9,730.0
TECHNICAL_OUTE_0170,Technical Outerwear,1,60.4,101.0,27.1,87.5
TECHNICAL_OUTE_0171,Technical Outerwear,1,166.4,365.0,17.6,184.0
TECHNICAL_OUTE_0172,Technical Outerwear,0,,,,
TECHNICAL_OUTE_0173,Technical Outerwear,1,79.5,172.8,19.2,98.6
TECHNICAL_OUTE_0174,Technical Outerwear,1,333.0,365.0,38.0,371.0
TECHNICAL_OUTE_0175,Technical Outerwear,3,71.5,306.5,10.5,224.9
TECHNICAL_OUTE_0176,Technical Outerwear,0,,,,
TECHNICAL_OUTE_0177,Technical Outerwear,5,44.6,92.0,24.5,247.3
TECHNICAL_OUTE_0178,Technical Outerwear,13,229.4,365.0,9.8,730.0
TECHNICAL_OUTE_0179,Technical Outerwear,1,238.3,365.0,9.9,248.2
TECHNICAL_OUTE_0180,Technical Outerwear,1,161.1,365.0,76.6,237.7
TECHNICAL_OUTE_0181,Technical Outerwear,42,37.5,72.9,62.4,730.0
TECHNICAL_OUTE_0182,Technical Outerwear,9,60.6,101.9,7.6,553.5
TECHNICAL_OUTE_0183,Technical Outerwear,27,164.0,365.0,9.0,730.0
TECHNICAL_OUTE_0184,Technical Outerwear,4,177.7,365.0,12.7,723.4
TECHNICAL_OUTE_0185,Technical Outerwear,7,56.2,165.8,24.2,417.4
TECHNICAL_OUTE_0186,Technical Outerwear,1,227.4,365.0,202.9,430.4
TECHNICAL_OUTE_0187,Technical Outerwear,29,154.8,365.0,17.2,730.0
TECHNICAL_OUTE_0188,Technical Outerwear,1,160.3,256.6,81.6,241.9
TECHNICAL_OUTE_0189,Technical Outerwear,1,87.0,111.7,16.3,103.4
TECHNICAL_OUTE_0190,Technical Outerwear,0,,,,
TECHNICAL_OUTE_0191,Technical Outerwear,0,,,,
TECHNICAL_OUTE_0192,Technical Outerwear,3,235.5,365.0,128.9,730.0
TECHNICAL_OUTE_0193,Technical Outerwear,1,99.4,365.0,14.6,114.1
TECHNICAL_OUTE_0194,Technical Outerwear,9,85.8,94.4,38.6,730.0
MIDLAYER_AND_F_0001,Midlayer & Fleece,26,10.4,35.8,15.0,284.5
MIDLAYER_AND_F_0002,Midlayer & Fleece,16,44.7,53.4,18.3,730.0
MIDLAYER_AND_F_0003,Midlayer & Fleece,147,87.2,283.5,22.8,730.0
MIDLAYER_AND_F_0004,Midlayer & Fleece,0,,,,
MIDLAYER_AND_F_0005,Midlayer & Fleece,0,,,,
MIDLAYER_AND_F_0006,Midlayer & Fleece,2,41.5,59.2,26.4,109.5
MIDLAYER_AND_F_0007,Midlayer & Fleece,0,,,,
MIDLAYER_AND_F_0008,Midlayer & Fleece,1,79.7,222.2,16.7,96.4
MIDLAYER_AND_F_0009,Midlayer & Fleece,2,56.3,188.9,14.4,127.1
MIDLAYER_AND_F_0010,Midlayer & Fleece,1,47.0,168.8,15.6,62.6
MIDLAYER_AND_F_0011,Midlayer & Fleece,1,124.6,214.7,72.4,196.9
MIDLAYER_AND_F_0012,Midlayer & Fleece,545,64.3,273.8,13.8,730.0
MIDLAYER_AND_F_0013,Midlayer & Fleece,18,85.2,98.9,40.1,730.0
MIDLAYER_AND_F_0014,Midlayer & Fleece,10,46.8,80.1,8.9,477.2
MIDLAYER_AND_F_0015,Midlayer & Fleece,0,,,,
MIDLAYER_AND_F_0016,Midlayer & Fleece,19,104.4,117.2,33.7,730.0
MIDLAYER_AND_F_0017,Midlayer & Fleece,1,365.0,365.0,67.9,432.9
MIDLAYER_AND_F_0018,Midlayer & Fleece,0,,,,
MIDLAYER_AND_F_0019,Midlayer & Fleece,0,,,,
MIDLAYER_AND_F_0020,Midlayer & Fleece,1,191.3,365.0,18.2,209.5
MIDLAYER_AND_F_0021,Midlayer & Fleece,0,,,,
MIDLAYER_AND_F_0022,Midlayer & Fleece,0,,,,
MIDLAYER_AND_F_0023,Midlayer & Fleece,1,204.6,365.0,30.2,234.8
MIDLAYER_AND_F_0024,Midlayer & Fleece,2,88.9,123.8,27.5,205.2
MIDLAYER_AND_F_0025,Midlayer & Fleece,10,40.5,81.0,71.3,476.2
MIDLAYER_AND_F_0026,Midlayer & Fleece,5,72.5,195.4,13.0,375.6
MIDLAYER_AND_F_0027,Midlayer & Fleece,1,197.4,365.0,58.0,255.4
MIDLAYER_AND_F_0028,Midlayer & Fleece,13,78.2,155.7,33.4,730.0
MIDLAYER_AND_F_0029,Midlayer & Fleece,0,,,,
MIDLAYER_AND_F_0030,Midlayer & Fleece,3,365.0,365.0,115.6,730.0
MIDLAYER_AND_F_0031,Midlayer & Fleece,20,28.2,51.1,16.9,580.1
MIDLAYER_AND_F_0032,Midlayer & Fleece,2,54.4,113.9,14.9,123.7
MIDLAYER_AND_F_0033,Midlayer & Fleece,5,48.3,112.6,19.2,260.8
MIDLAYER_AND_F_0034,Midlayer & Fleece,0,,,,
MIDLAYER_AND_F_0035,Midlayer & Fleece,3,108.3,178.1,39.4,364.3
MIDLAYER_AND_F_0036,Midlayer & Fleece,5,154.6,170.1,21.8,730.0
MIDLAYER_AND_F_0037,Midlayer & Fleece,0,,,,
MIDLAYER_AND_F_0038,Midlayer & Fleece,18,82.1,141.7,16.4,730.0
MIDLAYER_AND_F_0039,Midlayer & Fleece,16,49.8,150.3,21.8,730.0
MIDLAYER_AND_F_0040,Midlayer & Fleece,3,223.1,365.0,149.4,730.0
MIDLAYER_AND_F_0041,Midlayer & Fleece,2,33.8,61.1,9.1,76.6
MIDLAYER_AND_F_0042,Midlayer & Fleece,25,88.8,206.1,38.7,730.0
MIDLAYER_AND_F_0043,Midlayer & Fleece,20,25.9,39.7,10.2,527.5
MIDLAYER_AND_F_0044,Midlayer & Fleece,2,328.9,365.0,52.2,710.0
MIDLAYER_AND_F_0045,Midlayer & Fleece,0,,,,
MIDLAYER_AND_F_0046,Midlayer & Fleece,0,,,,
MIDLAYER_AND_F_0047,Midlayer & Fleece,0,,,,
MIDLAYER_AND_F_0048,Midlayer & Fleece,1,133.0,252.4,28.6,161.6
MIDLAYER_AND_F_0049,Midlayer & Fleece,1,98.3,208.4,20.7,119.0
MIDLAYER_AND_F_0050,Midlayer & Fleece,1,118.8,148.6,25.8,144.7
MIDLAYER_AND_F_0051,Midlayer & Fleece,3,23.9,65.4,32.3,104.1
MIDLAYER_AND_F_0052,Midlayer & Fleece,3,180.2,360.7,5.1,545.6
MIDLAYER_AND_F_0053,Midlayer & Fleece,0,,,,
MIDLAYER_AND_F_0054,Midlayer & Fleece,1,47.3,113.9,12.4,59.7
MIDLAYER_AND_F_0055,Midlayer & Fleece,4,97.1,133.6,49.7,438.0
MIDLAYER_AND_F_0056,Midlayer & Fleece,1,106.5,219.7,11.4,117.9
MIDLAYER_AND_F_0057,Midlayer & Fleece,67,43.2,79.4,9.4,730.0
MIDLAYER_AND_F_0058,Midlayer & Fleece,0,,,,
MIDLAYER_AND_F_0059,Midlayer & Fleece,0,,,,
MIDLAYER_AND_F_0060,Midlayer & Fleece,16,70.8,139.3,36.7,730.0
MIDLAYER_AND_F_0061,Midlayer & Fleece,0,,,,
MIDLAYER_AND_F_0062,Midlayer & Fleece,0,,,,
MIDLAYER_AND_F_0063,Midlayer & Fleece,10,63.8,135.3,9.0,646.9
MIDLAYER_AND_F_0064,Midlayer & Fleece,4,50.0,144.6,36.5,236.6
MIDLAYER_AND_F_0065,Midlayer & Fleece,1,87.9,365.0,25.7,113.6
MIDLAYER_AND_F_0066,Midlayer & Fleece,13,60.1,115.0,21.9,730.0
MIDLAYER_AND_F_0067,Midlayer & Fleece,0,,,,
MIDLAYER_AND_F_0068,Midlayer & Fleece,9,166.2,323.1,39.7,730.0
MIDLAYER_AND_F_0069,Midlayer & Fleece,1,56.3,160.5,15.0,71.3
MIDLAYER_AND_F_0070,Midlayer & Fleece,11,224.4,365.0,69.6,730.0
MIDLAYER_AND_F_0071,Midlayer & Fleece,2,83.8,228.7,33.2,200.8
MIDLAYER_AND_F_0072,Midlayer & Fleece,0,,,,
MIDLAYER_AND_F_0073,Midlayer & Fleece,3,64.4,139.6,29.8,223.1
MIDLAYER_AND_F_0074,Midlayer & Fleece,2,50.9,57.0,15.1,116.9
MIDLAYER_AND_F_0075,Midlayer & Fleece,0,,,,
MIDLAYER_AND_F_0076,Midlayer & Fleece,2,261.0,365.0,18.5,540.5
MIDLAYER_AND_F_0077,Midlayer & Fleece,7,135.2,337.4,12.3,730.0
MIDLAYER_AND_F_0078,Midlayer & Fleece,115,74.5,112.2,15.7,730.0
MIDLAYER_AND_F_0079,Midlayer & Fleece,0,,,,
MIDLAYER_AND_F_0080,Midlayer & Fleece,0,,,,
MIDLAYER_AND_F_0081,Midlayer & Fleece,1,185.3,365.0,113.5,298.8
MIDLAYER_AND_F_0082,Midlayer & Fleece,5,110.7,240.4,55.7,609.5
MIDLAYER_AND_F_0083,Midlayer & Fleece,13,119.0,163.2,18.4,730.0
MIDLAYER_AND_F_0084,Midlayer & Fleece,0,,,,
MIDLAYER_AND_F_0085,Midlayer & Fleece,5,116.7,267.9,17.3,600.9
MIDLAYER_AND_F_0086,Midlayer & Fleece,32,77.3,200.1,11.7,730.0
MIDLAYER_AND_F_0087,Midlayer & Fleece,42,34.3,55.6,8.3,730.0
MIDLAYER_AND_F_0088,Midlayer & Fleece,2,63.2,246.6,25.2,151.5
MIDLAYER_AND_F_0089,Midlayer & Fleece,0,,,,
MIDLAYER_AND_F_0090,Midlayer & Fleece,4,59.4,142.6,6.9,244.6
MIDLAYER_AND_F_0091,Midlayer & Fleece,0,,,,
MIDLAYER_AND_F_0092,Midlayer & Fleece,5,104.2,114.6,43.8,564.8
MIDLAYER_AND_F_0093,Midlayer & Fleece,0,,,,
MIDLAYER_AND_F_0094,Midlayer & Fleece,5,91.4,189.7,13.6,470.4
MIDLAYER_AND_F_0095,Midlayer & Fleece,6,58.7,153.4,21.8,374.1
MIDLAYER_AND_F_0096,Midlayer & Fleece,10,70.8,97.0,8.9,717.2
MIDLAYER_AND_F_0097,Midlayer & Fleece,13,51.4,133.7,22.6,690.6
MIDLAYER_AND_F_0098,Midlayer & Fleece,31,176.2,365.0,12.7,730.0
MIDLAYER_AND_F_0099,Midlayer & Fleece,0,,,,
MIDLAYER_AND_F_0100,Midlayer & Fleece,0,,,,
MIDLAYER_AND_F_0101,Midlayer & Fleece,11,159.1,303.1,64.0,730.0
MIDLAYER_AND_F_0102,Midlayer & Fleece,12,86.6,172.0,16.1,730.0
MIDLAYER_AND_F_0103,Midlayer & Fleece,0,,,,
MIDLAYER_AND_F_0104,Midlayer & Fleece,0,,,,
MIDLAYER_AND_F_0105,Midlayer & Fleece,2,80.8,242.2,8.0,169.6
MIDLAYER_AND_F_0106,Midlayer & Fleece,1,278.2,365.0,55.9,334.1
MIDLAYER_AND_F_0107,Midlayer & Fleece,0,,,,
MIDLAYER_AND_F_0108,Midlayer & Fleece,4,117.4,251.7,18.3,488.0
MIDLAYER_AND_F_0109,Midlayer & Fleece,1,27.7,38.8,30.4,58.1
MIDLAYER_AND_F_0110,Midlayer & Fleece,16,72.4,97.0,20.8,730.0
MIDLAYER_AND_F_0111,Midlayer & Fleece,13,27.6,58.4,16.4,375.3
MIDLAYER_AND_F_0112,Midlayer & Fleece,0,,,,
MIDLAYER_AND_F_0113,Midlayer & Fleece,10,133.6,146.9,9.2,730.0
MIDLAYER_AND_F_0114,Midlayer & Fleece,0,,,,
MIDLAYER_AND_F_0115,Midlayer & Fleece,4,134.4,365.0,18.1,555.7
MIDLAYER_AND_F_0116,Midlayer & Fleece,0,,,,
MIDLAYER_AND_F_0117,Midlayer & Fleece,0,,,,
MIDLAYER_AND_F_0118,Midlayer & Fleece,1,67.8,224.1,76.8,144.6
MIDLAYER_AND_F_0119,Midlayer & Fleece,0,,,,
MIDLAYER_AND_F_0120,Midlayer & Fleece,5,31.4,168.3,44.8,201.8
MIDLAYER_AND_F_0121,Midlayer & Fleece,0,,,,
MIDLAYER_AND_F_0122,Midlayer & Fleece,0,,,,
MIDLAYER_AND_F_0123,Midlayer & Fleece,42,82.7,186.2,29.5,730.0
MIDLAYER_AND_F_0124,Midlayer & Fleece,3,16.4,20.4,11.1,60.3
MIDLAYER_AND_F_0125,Midlayer & Fleece,0,,,,
MIDLAYER_AND_F_0126,Midlayer & Fleece,3,235.0,365.0,59.1,730.0
MIDLAYER_AND_F_0127,Midlayer & Fleece,7,40.6,90.9,13.0,297.0
MIDLAYER_AND_F_0128,Midlayer & Fleece,1,61.6,283.6,17.8,79.4
MIDLAYER_AND_F_0129,Midlayer & Fleece,0,,,,
MIDLAYER_AND_F_0130,Midlayer & Fleece,1,108.2,324.7,33.9,142.1
MIDLAYER_AND_F_0131,Midlayer & Fleece,0,,,,
MIDLAYER_AND_F_0132,Midlayer & Fleece,49,52.5,187.9,14.4,730.0
MIDLAYER_AND_F_0133,Midlayer & Fleece,9,55.1,202.9,22.8,518.7
MIDLAYER_AND_F_0134,Midlayer & Fleece,0,,,,
MIDLAYER_AND_F_0135,Midlayer & Fleece,0,,,,
MIDLAYER_AND_F_0136,Midlayer & Fleece,1,206.2,365.0,12.9,219.1
MIDLAYER_AND_F_0137,Midlayer & Fleece,0,,,,
MIDLAYER_AND_F_0138,Midlayer & Fleece,6,53.2,73.9,29.1,348.1
MIDLAYER_AND_F_0139,Midlayer & Fleece,14,28.7,45.3,13.6,415.7
MIDLAYER_AND_F_0140,Midlayer & Fleece,18,135.0,351.2,27.9,730.0
MIDLAYER_AND_F_0141,Midlayer & Fleece,0,,,,
MIDLAYER_AND_F_0142,Midlayer & Fleece,0,,,,
MIDLAYER_AND_F_0143,Midlayer & Fleece,0,,,,
MIDLAYER_AND_F_0144,Midlayer & Fleece,25,82.2,115.9,29.8,730.0
MIDLAYER_AND_F_0145,Midlayer & Fleece,0,,,,
MIDLAYER_AND_F_0146,Midlayer & Fleece,43,63.4,110.3,25.8,730.0
MIDLAYER_AND_F_0147,Midlayer & Fleece,6,41.2,132.0,12.9,260.1
MIDLAYER_AND_F_0148,Midlayer & Fleece,1,65.8,299.0,8.9,74.7
MIDLAYER_AND_F_0149,Midlayer & Fleece,5,70.7,254.0,72.5,425.8
MIDLAYER_AND_F_0150,Midlayer & Fleece,1,91.1,168.6,33.6,124.7
MIDLAYER_AND_F_0151,Midlayer & Fleece,7,246.6,365.0,206.1,730.0
MIDLAYER_AND_F_0152,Midlayer & Fleece,0,,,,
MIDLAYER_AND_F_0153,Midlayer & Fleece,19,92.4,202.2,17.5,730.0
MIDLAYER_AND_F_0154,Midlayer & Fleece,3,119.5,290.2,23.0,381.6
MIDLAYER_AND_F_0155,Midlayer & Fleece,5,23.3,117.9,83.6,200.3
MIDLAYER_AND_F_0156,Midlayer & Fleece,13,182.1,365.0,31.2,730.0
MIDLAYER_AND_F_0157,Midlayer & Fleece,3,67.9,74.6,39.4,243.0
MIDLAYER_AND_F_0158,Midlayer & Fleece,11,90.8,100.2,8.7,730.0
MIDLAYER_AND_F_0159,Midlayer & Fleece,0,,,,
MIDLAYER_AND_F_0160,Midlayer & Fleece,17,103.0,365.0,11.6,730.0
MIDLAYER_AND_F_0161,Midlayer & Fleece,25,203.1,348.3,27.0,730.0
MIDLAYER_AND_F_0162,Midlayer & Fleece,1,270.8,365.0,37.8,308.7
MIDLAYER_AND_F_0163,Midlayer & Fleece,15,135.0,259.1,80.1,730.0
MIDLAYER_AND_F_0164,Midlayer & Fleece,0,,,,
MIDLAYER_AND_F_0165,Midlayer & Fleece,4,40.2,56.7,18.1,178.9
MIDLAYER_AND_F_0166,Midlayer & Fleece,7,72.0,255.5,18.9,522.6
MIDLAYER_AND_F_0167,Midlayer & Fleece,4,97.9,165.5,27.5,419.1
MIDLAYER_AND_F_0168,Midlayer & Fleece,0,,,,
MIDLAYER_AND_F_0169,Midlayer & Fleece,0,,,,
MIDLAYER_AND_F_0170,Midlayer & Fleece,0,,,,
MIDLAYER_AND_F_0171,Midlayer & Fleece,1,44.2,103.2,12.1,56.3
MIDLAYER_AND_F_0172,Midlayer & Fleece,0,,,,
MIDLAYER_AND_F_0173,Midlayer & Fleece,0,,,,
MIDLAYER_AND_F_0174,Midlayer & Fleece,0,,,,
MIDLAYER_AND_F_0175,Midlayer & Fleece,17,138.5,357.8,12.7,730.0
MIDLAYER_AND_F_0176,Midlayer & Fleece,2,67.0,109.6,13.7,147.8
MIDLAYER_AND_F_0177,Midlayer & Fleece,1,38.6,148.2,15.1,53.7
MIDLAYER_AND_F_0178,Midlayer & Fleece,1,24.9,125.3,35.7,60.6
MIDLAYER_AND_F_0179,Midlayer & Fleece,1,60.8,169.5,17.2,78.0
MIDLAYER_AND_F_0180,Midlayer & Fleece,10,365.0,365.0,48.6,730.0
MIDLAYER_AND_F_0181,Midlayer & Fleece,5,70.2,200.0,23.7,374.6
MIDLAYER_AND_F_0182,Midlayer & Fleece,2,131.1,365.0,12.1,274.3
MIDLAYER_AND_F_0183,Midlayer & Fleece,0,,,,
MIDLAYER_AND_F_0184,Midlayer & Fleece,1,176.3,365.0,27.9,204.2
MIDLAYER_AND_F_0185,Midlayer & Fleece,2,27.2,45.0,31.0,85.4
MIDLAYER_AND_F_0186,Midlayer & Fleece,0,,,,
MIDLAYER_AND_F_0187,Midlayer & Fleece,6,191.9,365.0,11.9,730.0
MIDLAYER_AND_F_0188,Midlayer & Fleece,1,71.8,229.9,15.1,86.9
MIDLAYER_AND_F_0189,Midlayer & Fleece,21,34.3,78.2,33.6,730.0
MIDLAYER_AND_F_0190,Midlayer & Fleece,7,128.7,206.5,8.0,730.0
MIDLAYER_AND_F_0191,Midlayer & Fleece,1,58.5,115.8,22.0,80.5
MIDLAYER_AND_F_0192,Midlayer & Fleece,0,,,,
MIDLAYER_AND_F_0193,Midlayer & Fleece,0,,,,
MIDLAYER_AND_F_0194,Midlayer & Fleece,3,59.8,268.4,14.4,193.8
MIDLAYER_AND_F_0195,Midlayer & Fleece,0,,,,
MIDLAYER_AND_F_0196,Midlayer & Fleece,21,40.3,90.7,2.5,730.0
MIDLAYER_AND_F_0197,Midlayer & Fleece,0,,,,
MIDLAYER_AND_F_0198,Midlayer & Fleece,77,80.5,105.4,10.1,730.0
MIDLAYER_AND_F_0199,Midlayer & Fleece,2,69.7,114.6,8.0,147.4
MIDLAYER_AND_F_0200,Midlayer & Fleece,6,132.8,365.0,12.8,730.0
MIDLAYER_AND_F_0201,Midlayer & Fleece,0,,,,
MIDLAYER_AND_F_0202,Midlayer & Fleece,1,56.1,190.8,40.0,96.1
MIDLAYER_AND_F_0203,Midlayer & Fleece,17,91.3,365.0,33.1,730.0
MIDLAYER_AND_F_0204,Midlayer & Fleece,0,,,,
MIDLAYER_AND_F_0205,Midlayer & Fleece,1,319.4,365.0,220.3,539.7
MIDLAYER_AND_F_0206,Midlayer & Fleece,6,154.3,365.0,23.7,730.0
MIDLAYER_AND_F_0207,Midlayer & Fleece,3,96.6,249.6,26.4,316.2
MIDLAYER_AND_F_0208,Midlayer & Fleece,19,79.8,90.7,52.2,730.0
MIDLAYER_AND_F_0209,Midlayer & Fleece,1,152.8,365.0,9.0,161.8
MIDLAYER_AND_F_0210,Midlayer & Fleece,0,,,,
MIDLAYER_AND_F_0211,Midlayer & Fleece,0,,,,
MIDLAYER_AND_F_0212,Midlayer & Fleece,1,192.9,365.0,99.9,292.8
MIDLAYER_AND_F_0213,Midlayer & Fleece,5,129.7,241.5,72.7,721.2
MIDLAYER_AND_F_0214,Midlayer & Fleece,23,65.5,323.4,10.4,730.0
MIDLAYER_AND_F_0215,Midlayer & Fleece,9,56.0,61.6,11.2,515.1
MIDLAYER_AND_F_0216,Midlayer & Fleece,0,,,,
MIDLAYER_AND_F_0217,Midlayer & Fleece,1,83.0,159.6,18.1,101.1
MIDLAYER_AND_F_0218,Midlayer & Fleece,0,,,,
MIDLAYER_AND_F_0219,Midlayer & Fleece,8,151.7,365.0,40.0,730.0
MIDLAYER_AND_F_0220,Midlayer & Fleece,1,80.5,130.3,14.6,95.1
MIDLAYER_AND_F_0221,Midlayer & Fleece,3,93.5,116.5,29.7,310.2
MIDLAYER_AND_F_0222,Midlayer & Fleece,2,203.9,365.0,80.6,488.4
MIDLAYER_AND_F_0223,Midlayer & Fleece,4,36.1,47.1,22.8,167.3
MIDLAYER_AND_F_0224,Midlayer & Fleece,1,56.5,100.4,13.3,69.8
MIDLAYER_AND_F_0225,Midlayer & Fleece,1,24.9,57.0,7.8,32.7
MIDLAYER_AND_F_0226,Midlayer & Fleece,10,55.0,157.4,22.1,572.4
MIDLAYER_AND_F_0227,Midlayer & Fleece,0,,,,
MIDLAYER_AND_F_0228,Midlayer & Fleece,5,80.2,175.9,5.8,407.0
MIDLAYER_AND_F_0229,Midlayer & Fleece,0,,,,
MIDLAYER_AND_F_0230,Midlayer & Fleece,3,86.2,365.0,35.3,293.8
MIDLAYER_AND_F_0231,Midlayer & Fleece,0,,,,
MIDLAYER_AND_F_0232,Midlayer & Fleece,1,112.7,229.8,66.4,179.0
MIDLAYER_AND_F_0233,Midlayer & Fleece,0,,,,
MIDLAYER_AND_F_0234,Midlayer & Fleece,8,95.1,290.4,33.5,730.0
MIDLAYER_AND_F_0235,Midlayer & Fleece,0,,,,
MIDLAYER_AND_F_0236,Midlayer & Fleece,13,141.5,267.0,32.5,730.0
MIDLAYER_AND_F_0237,Midlayer & Fleece,1,193.5,365.0,91.2,284.6
MIDLAYER_AND_F_0238,Midlayer & Fleece,1,91.3,313.6,40.3,131.7
MIDLAYER_AND_F_0239,Midlayer & Fleece,2,106.2,116.8,12.4,224.7
MIDLAYER_AND_F_0240,Midlayer & Fleece,0,,,,
MIDLAYER_AND_F_0241,Midlayer & Fleece,2,36.6,40.5,19.8,93.0
MIDLAYER_AND_F_0242,Midlayer & Fleece,0,,,,
MIDLAYER_AND_F_0243,Midlayer & Fleece,1,140.7,257.8,8.3,149.0
MIDLAYER_AND_F_0244,Midlayer & Fleece,3,195.9,331.7,45.5,633.4
MIDLAYER_AND_F_0245,Midlayer & Fleece,0,,,,
MIDLAYER_AND_F_0246,Midlayer & Fleece,31,81.9,172.6,5.7,730.0
MIDLAYER_AND_F_0247,Midlayer & Fleece,21,159.2,257.3,17.1,730.0
MIDLAYER_AND_F_0248,Midlayer & Fleece,5,49.0,54.0,42.8,288.1
MIDLAYER_AND_F_0249,Midlayer & Fleece,0,,,,
MIDLAYER_AND_F_0250,Midlayer & Fleece,3,122.9,310.1,31.1,399.9
MIDLAYER_AND_F_0251,Midlayer & Fleece,1,64.6,164.4,7.9,72.5
MIDLAYER_AND_F_0252,Midlayer & Fleece,0,,,,
MIDLAYER_AND_F_0253,Midlayer & Fleece,1,31.3,67.2,12.0,43.3
MIDLAYER_AND_F_0254,Midlayer & Fleece,5,108.8,176.4,23.6,567.7
MIDLAYER_AND_F_0255,Midlayer & Fleece,0,,,,
MIDLAYER_AND_F_0256,Midlayer & Fleece,7,64.8,101.7,72.2,526.0
MIDLAYER_AND_F_0257,Midlayer & Fleece,1,178.8,365.0,70.8,249.6
MIDLAYER_AND_F_0258,Midlayer & Fleece,0,,,,
MIDLAYER_AND_F_0259,Midlayer & Fleece,258,25.3,32.1,66.0,730.0
MIDLAYER_AND_F_0260,Midlayer & Fleece,2,99.6,109.6,26.3,225.5
MIDLAYER_AND_F_0261,Midlayer & Fleece,1,222.3,296.5,45.8,268.1
MIDLAYER_AND_F_0262,Midlayer & Fleece,0,,,,
MIDLAYER_AND_F_0263,Midlayer & Fleece,0,,,,
MIDLAYER_AND_F_0264,Midlayer & Fleece,3,99.3,162.4,9.9,307.7
MIDLAYER_AND_F_0265,Midlayer & Fleece,2,30.9,39.8,21.1,82.8
BASELAYER_0001,Baselayer,0,,,,
BASELAYER_0002,Baselayer,0,,,,
BASELAYER_0003,Baselayer,1,26.3,48.9,19.2,45.5
BASELAYER_0004,Baselayer,27,58.2,183.8,20.1,730.0
BASELAYER_0005,Baselayer,21,119.8,365.0,13.3,730.0
BASELAYER_0006,Baselayer,1,365.0,365.0,55.1,420.1
BASELAYER_0007,Baselayer,0,,,,
BASELAYER_0008,Baselayer,0,,,,
BASELAYER_0009,Baselayer,3,38.7,42.6,8.8,125.1
BASELAYER_0010,Baselayer,2,51.5,93.8,10.3,113.2
BASELAYER_0011,Baselayer,0,,,,
BASELAYER_0012,Baselayer,6,215.6,365.0,3.3,730.0
BASELAYER_0013,Baselayer,3,107.8,267.4,13.5,337.0
BASELAYER_0014,Baselayer,0,,,,
BASELAYER_0015,Baselayer,9,55.1,122.6,10.5,505.9
BASELAYER_0016,Baselayer,0,,,,
BASELAYER_0017,Baselayer,4,63.5,99.3,5.9,259.8
BASELAYER_0018,Baselayer,1,200.8,365.0,49.4,250.2
BASELAYER_0019,Baselayer,1,55.5,266.3,69.7,125.2
BASELAYER_0020,Baselayer,0,,,,
BASELAYER_0021,Baselayer,1,46.6,81.1,25.4,72.0
BASELAYER_0022,Baselayer,4,29.2,72.0,11.2,127.9
BASELAYER_0023,Baselayer,2,73.8,192.6,60.9,208.5
BASELAYER_0024,Baselayer,1,115.9,195.0,54.0,169.9
BASELAYER_0025,Baselayer,1,86.8,95.4,15.9,102.6
BASELAYER_0026,Baselayer,2,36.8,68.2,35.2,108.9
BASELAYER_0027,Baselayer,0,,,,
BASELAYER_0028,Baselayer,0,,,,
BASELAYER_0029,Baselayer,1,76.2,212.2,7.3,83.5
BASELAYER_0030,Baselayer,3,141.8,365.0,36.8,462.2
BASELAYER_0031,Baselayer,0,,,,
BASELAYER_0032,Baselayer,2,49.1,199.0,14.7,112.8
BASELAYER_0033,Baselayer,1,89.5,365.0,12.5,102.0
BASELAYER_0034,Baselayer,1,91.7,260.8,47.6,139.3
BASELAYER_0035,Baselayer,54,117.1,172.2,23.5,730.0
BASELAYER_0036,Baselayer,1,71.9,125.0,20.3,92.2
BASELAYER_0037,Baselayer,6,145.4,221.3,28.0,730.0
BASELAYER_0038,Baselayer,0,,,,
BASELAYER_0039,Baselayer,5,74.5,116.8,15.1,387.3
BASELAYER_0040,Baselayer,0,,,,
BASELAYER_0041,Baselayer,0,,,,
BASELAYER_0042,Baselayer,9,35.9,63.6,13.5,336.2
BASELAYER_0043,Baselayer,0,,,,
BASELAYER_0044,Baselayer,11,25.6,57.0,12.5,294.5
BASELAYER_0045,Baselayer,1,160.7,261.6,32.3,193.0
BASELAYER_0046,Baselayer,50,60.1,127.4,36.0,730.0
BASELAYER_0047,Baselayer,0,,,,
BASELAYER_0048,Baselayer,5,160.2,251.2,66.1,730.0
BASELAYER_0049,Baselayer,20,100.7,110.8,15.8,730.0
BASELAYER_0050,Baselayer,38,69.5,263.1,8.6,730.0
BASELAYER_0051,Baselayer,10,26.5,97.4,33.1,298.3
BASELAYER_0052,Baselayer,3,45.4,183.5,11.2,147.5
BASELAYER_0053,Baselayer,1,43.4,70.9,17.0,60.4
BASELAYER_0054,Baselayer,0,,,,
BASELAYER_0055,Baselayer,0,,,,
BASELAYER_0056,Baselayer,0,,,,
BASELAYER_0057,Baselayer,37,127.4,140.1,20.6,730.0
BASELAYER_0058,Baselayer,7,84.8,139.5,31.7,625.2
BASELAYER_0059,Baselayer,1,51.4,82.0,28.8,80.2
BASELAYER_0060,Baselayer,0,,,,
BASELAYER_0061,Baselayer,6,42.0,46.2,11.8,263.5
BASELAYER_0062,Baselayer,1,30.7,45.9,10.5,41.2
BASELAYER_0063,Baselayer,17,61.5,133.2,19.0,730.0
BASELAYER_0064,Baselayer,4,41.7,145.1,8.1,174.9
BASELAYER_0065,Baselayer,11,73.8,174.4,37.7,730.0
BASELAYER_0066,Baselayer,2,72.4,129.5,120.0,264.9
BASELAYER_0067,Baselayer,4,53.6,158.3,18.9,233.3
BASELAYER_0068,Baselayer,0,,,,
BASELAYER_0069,Baselayer,1,30.7,76.5,23.3,54.0
BASELAYER_0070,Baselayer,0,,,,
BASELAYER_0071,Baselayer,1,52.3,70.7,9.8,62.1
BASELAYER_0072,Baselayer,6,52.2,74.9,56.8,369.9
BASELAYER_0073,Baselayer,1,31.3,62.7,31.5,62.8
BASELAYER_0074,Baselayer,8,56.3,71.7,7.1,457.6
BASELAYER_0075,Baselayer,1,72.2,131.0,38.6,110.8
BASELAYER_0076,Baselayer,1,59.4,89.9,36.6,96.0
BASELAYER_0077,Baselayer,1,71.4,195.8,21.1,92.5
BASELAYER_0078,Baselayer,0,,,,
BASELAYER_0079,Baselayer,3,154.8,365.0,24.5,488.9
BASELAYER_0080,Baselayer,1,39.1,84.3,9.3,48.3
BASELAYER_0081,Baselayer,0,,,,
BASELAYER_0082,Baselayer,38,94.3,206.9,4.0,730.0
BASELAYER_0083,Baselayer,23,221.6,365.0,28.8,730.0
BASELAYER_0084,Baselayer,0,,,,
BASELAYER_0085,Baselayer,0,,,,
BASELAYER_0086,Baselayer,0,,,,
BASELAYER_0087,Baselayer,2,139.2,365.0,28.9,307.2
BASELAYER_0088,Baselayer,19,66.5,288.4,4.6,730.0
BASELAYER_0089,Baselayer,2,62.9,93.9,11.3,137.0
BASELAYER_0090,Baselayer,0,,,,
BASELAYER_0091,Baselayer,10,120.1,365.0,21.1,730.0
BASELAYER_0092,Baselayer,0,,,,
BASELAYER_0093,Baselayer,3,12.3,43.6,2.5,39.5
BASELAYER_0094,Baselayer,7,83.0,255.9,68.6,649.5
BASELAYER_0095,Baselayer,37,91.3,213.4,20.8,730.0
BASELAYER_0096,Baselayer,1,189.1,365.0,11.9,201.0
BASELAYER_0097,Baselayer,44,34.9,64.3,32.0,730.0
BASELAYER_0098,Baselayer,0,,,,
BASELAYER_0099,Baselayer,2,62.6,212.3,32.3,157.5
BASELAYER_0100,Baselayer,3,86.7,311.0,7.9,267.9
BASELAYER_0101,Baselayer,7,28.7,31.6,9.6,210.5
BASELAYER_0102,Baselayer,5,85.7,154.9,7.2,435.9
BASELAYER_0103,Baselayer,1,64.6,100.0,12.6,77.3
BASELAYER_0104,Baselayer,0,,,,
BASELAYER_0105,Baselayer,0,,,,
BASELAYER_0106,Baselayer,1,54.1,59.5,23.8,77.9
BASELAYER_0107,Baselayer,1,188.5,365.0,16.9,205.4
BASELAYER_0108,Baselayer,2,33.2,85.1,14.5,80.9
BASELAYER_0109,Baselayer,3,47.6,113.5,14.5,157.4
BASELAYER_0110,Baselayer,1,91.4,226.2,51.5,142.9
BASELAYER_0111,Baselayer,2,128.0,365.0,22.7,278.8
BASELAYER_0112,Baselayer,1,60.0,76.8,31.3,91.3
BASELAYER_0113,Baselayer,1,223.8,365.0,83.8,307.6
BASELAYER_0114,Baselayer,2,103.2,365.0,7.6,213.9
BASELAYER_0115,Baselayer,3,121.5,279.4,42.6,407.2
BASELAYER_0116,Baselayer,0,,,,
BASELAYER_0117,Baselayer,1,63.7,202.3,28.5,92.1
BASELAYER_0118,Baselayer,2,132.3,365.0,39.9,304.5
BASELAYER_0119,Baselayer,0,,,,
BASELAYER_0120,Baselayer,5,41.2,125.9,37.7,243.5
BASELAYER_0121,Baselayer,0,,,,
BASELAYER_0122,Baselayer,3,59.3,105.1,34.3,212.2
BASELAYER_0123,Baselayer,1,37.9,41.7,35.9,73.8
BASELAYER_0124,Baselayer,1,117.3,365.0,14.5,131.8
BASELAYER_0125,Baselayer,13,25.9,70.9,30.5,366.9
BASELAYER_0126,Baselayer,3,33.2,68.5,30.6,130.3
BASELAYER_0127,Baselayer,30,54.5,131.8,15.7,730.0
BASELAYER_0128,Baselayer,1,123.4,239.4,17.0,140.5
BASELAYER_0129,Baselayer,50,48.7,83.0,23.1,730.0
BASELAYER_0130,Baselayer,3,18.9,34.4,7.5,64.1
BASELAYER_0131,Baselayer,83,158.6,174.4,21.5,730.0
BASELAYER_0132,Baselayer,5,49.7,70.4,21.8,270.3
BASELAYER_0133,Baselayer,3,22.8,84.2,8.8,77.2
BASELAYER_0134,Baselayer,0,,,,
CASUAL_APPAREL_0001,Casual Apparel,2,24.3,43.5,8.4,56.9
CASUAL_APPAREL_0002,Casual Apparel,4,123.6,162.1,21.7,516.1
CASUAL_APPAREL_0003,Casual Apparel,0,,,,
CASUAL_APPAREL_0004,Casual Apparel,0,,,,
CASUAL_APPAREL_0005,Casual Apparel,0,,,,
CASUAL_APPAREL_0006,Casual Apparel,3,38.3,127.8,36.5,151.2
CASUAL_APPAREL_0007,Casual Apparel,0,,,,
CASUAL_APPAREL_0008,Casual Apparel,0,,,,
CASUAL_APPAREL_0009,Casual Apparel,1,22.1,42.5,52.6,74.7
CASUAL_APPAREL_0010,Casual Apparel,9,28.8,48.6,24.9,283.8
CASUAL_APPAREL_0011,Casual Apparel,1,72.9,213.3,91.8,164.7
CASUAL_APPAREL_0012,Casual Apparel,4,71.3,78.4,34.3,319.4
CASUAL_APPAREL_0013,Casual Apparel,1,114.7,365.0,25.9,140.5
CASUAL_APPAREL_0014,Casual Apparel,0,,,,
CASUAL_APPAREL_0015,Casual Apparel,3,82.2,150.9,28.4,275.2
CASUAL_APPAREL_0016,Casual Apparel,0,,,,
CASUAL_APPAREL_0017,Casual Apparel,1,176.2,365.0,10.8,187.1
CASUAL_APPAREL_0018,Casual Apparel,0,,,,
CASUAL_APPAREL_0019,Casual Apparel,1,84.4,178.0,31.7,116.1
CASUAL_APPAREL_0020,Casual Apparel,0,,,,
CASUAL_APPAREL_0021,Casual Apparel,1,45.3,93.4,14.6,59.9
CASUAL_APPAREL_0022,Casual Apparel,2,47.0,57.7,23.9,117.9
CASUAL_APPAREL_0023,Casual Apparel,7,65.2,219.8,19.8,476.5
CASUAL_APPAREL_0024,Casual Apparel,3,194.8,214.3,18.1,602.6
CASUAL_APPAREL_0025,Casual Apparel,0,,,,
CASUAL_APPAREL_0026,Casual Apparel,2,115.4,279.7,83.4,314.1
CASUAL_APPAREL_0027,Casual Apparel,1,15.3,16.9,35.0,50.3
CASUAL_APPAREL_0028,Casual Apparel,3,53.7,205.3,33.9,194.9
CASUAL_APPAREL_0029,Casual Apparel,14,63.6,70.0,5.2,730.0
CASUAL_APPAREL_0030,Casual Apparel,0,,,,
CASUAL_APPAREL_0031,Casual Apparel,1,142.4,365.0,20.1,162.6
CASUAL_APPAREL_0032,Casual Apparel,1,151.0,166.0,13.6,164.5
CASUAL_APPAREL_0033,Casual Apparel,0,,,,
CASUAL_APPAREL_0034,Casual Apparel,1,74.2,163.0,13.2,87.3
CASUAL_APPAREL_0035,Casual Apparel,3,15.2,31.4,23.3,68.9
CASUAL_APPAREL_0036,Casual Apparel,0,,,,
CASUAL_APPAREL_0037,Casual Apparel,0,,,,
CASUAL_APPAREL_0038,Casual Apparel,0,,,,
CASUAL_APPAREL_0039,Casual Apparel,0,,,,
CASUAL_APPAREL_0040,Casual Apparel,4,35.4,85.9,6.3,147.9
CASUAL_APPAREL_0041,Casual Apparel,1,91.0,152.2,13.0,103.9
CASUAL_APPAREL_0042,Casual Apparel,1,53.2,58.5,48.6,101.9
CASUAL_APPAREL_0043,Casual Apparel,1,58.7,78.0,17.2,75.9
CASUAL_APPAREL_0044,Casual Apparel,1,86.6,163.0,9.4,96.1
CASUAL_APPAREL_0045,Casual Apparel,0,,,,
CASUAL_APPAREL_0046,Casual Apparel,0,,,,
CASUAL_APPAREL_0047,Casual Apparel,1,81.3,365.0,19.0,100.2
CASUAL_APPAREL_0048,Casual Apparel,5,38.5,217.7,14.5,207.2
CASUAL_APPAREL_0049,Casual Apparel,61,38.0,158.2,5.7,730.0
CASUAL_APPAREL_0050,Casual Apparel,18,23.9,52.7,23.1,453.3
CASUAL_APPAREL_0051,Casual Apparel,3,14.1,40.3,20.9,63.2
CASUAL_APPAREL_0052,Casual Apparel,1,46.2,77.4,44.1,90.3
CASUAL_APPAREL_0053,Casual Apparel,4,121.0,235.5,33.8,517.7
CASUAL_APPAREL_0054,Casual Apparel,1,150.4,365.0,23.3,173.7
CASUAL_APPAREL_0055,Casual Apparel,0,,,,
CASUAL_APPAREL_0056,Casual Apparel,1,45.7,119.0,21.8,67.5
CASUAL_APPAREL_0057,Casual Apparel,1,62.7,136.5,21.9,84.6
CASUAL_APPAREL_0058,Casual Apparel,0,,,,
CASUAL_APPAREL_0059,Casual Apparel,3,123.9,359.0,18.2,389.9
CASUAL_APPAREL_0060,Casual Apparel,2,40.7,118.8,15.2,96.6
CASUAL_APPAREL_0061,Casual Apparel,19,41.5,101.4,41.7,730.0
CASUAL_APPAREL_0062,Casual Apparel,1,75.6,83.1,76.5,152.1
CASUAL_APPAREL_0063,Casual Apparel,0,,,,
CASUAL_APPAREL_0064,Casual Apparel,1,20.5,41.1,74.8,95.3
CASUAL_APPAREL_0065,Casual Apparel,0,,,,
CASUAL_APPAREL_0066,Casual Apparel,0,,,,
CASUAL_APPAREL_0067,Casual Apparel,10,55.5,84.2,12.2,566.9
CASUAL_APPAREL_0068,Casual Apparel,0,,,,
CASUAL_APPAREL_0069,Casual Apparel,25,25.9,28.5,15.8,662.6
CASUAL_APPAREL_0070,Casual Apparel,2,56.8,100.9,42.9,156.5
CASUAL_APPAREL_0071,Casual Apparel,0,,,,
CASUAL_APPAREL_0072,Casual Apparel,1,60.2,160.6,6.7,66.9
CASUAL_APPAREL_0073,Casual Apparel,1,40.6,75.5,18.4,59.0
CASUAL_APPAREL_0074,Casual Apparel,1,73.8,345.6,31.8,105.6
CASUAL_APPAREL_0075,Casual Apparel,0,,,,
CASUAL_APPAREL_0076,Casual Apparel,1,34.4,37.8,59.9,94.3
CASUAL_APPAREL_0077,Casual Apparel,2,136.3,195.6,15.0,287.5
CASUAL_APPAREL_0078,Casual Apparel,1,79.2,181.3,10.4,89.5
CASUAL_APPAREL_0079,Casual Apparel,1,86.1,94.8,11.0,97.1
CASUAL_APPAREL_0080,Casual Apparel,8,70.9,306.8,13.5,580.7
CASUAL_APPAREL_0081,Casual Apparel,1,49.2,125.9,10.4,59.6
CASUAL_APPAREL_0082,Casual Apparel,2,109.7,304.5,7.5,226.8
CASUAL_APPAREL_0083,Casual Apparel,3,24.8,96.4,43.3,117.6
CASUAL_APPAREL_0084,Casual Apparel,0,,,,
CASUAL_APPAREL_0085,Casual Apparel,6,69.7,183.8,25.2,443.4
CASUAL_APPAREL_0086,Casual Apparel,0,,,,
CASUAL_APPAREL_0087,Casual Apparel,0,,,,
CASUAL_APPAREL_0088,Casual Apparel,1,90.4,308.7,14.0,104.3
CASUAL_APPAREL_0089,Casual Apparel,3,27.4,60.6,17.0,99.2
CASUAL_APPAREL_0090,Casual Apparel,0,,,,
CASUAL_APPAREL_0091,Casual Apparel,0,,,,
CASUAL_APPAREL_0092,Casual Apparel,0,,,,
CASUAL_APPAREL_0093,Casual Apparel,1,44.4,271.4,17.1,61.5
CASUAL_APPAREL_0094,Casual Apparel,1,72.4,132.4,18.4,90.8
CASUAL_APPAREL_0095,Casual Apparel,0,,,,
CASUAL_APPAREL_0096,Casual Apparel,1,42.0,131.7,47.4,89.4
CASUAL_APPAREL_0097,Casual Apparel,2,76.6,331.1,11.3,164.6
CASUAL_APPAREL_0098,Casual Apparel,1,116.5,340.5,18.8,135.2
CASUAL_APPAREL_0099,Casual Apparel,1,53.9,88.1,6.4,60.3
CASUAL_APPAREL_0100,Casual Apparel,0,,,,
CASUAL_APPAREL_0101,Casual Apparel,1,91.7,176.5,48.3,140.0
CASUAL_APPAREL_0102,Casual Apparel,0,,,,
CASUAL_APPAREL_0103,Casual Apparel,2,75.4,146.3,5.1,155.9
CASUAL_APPAREL_0104,Casual Apparel,1,45.9,50.5,26.5,72.4
CASUAL_APPAREL_0105,Casual Apparel,0,,,,
CASUAL_APPAREL_0106,Casual Apparel,1,16.6,32.6,17.8,34.4
CASUAL_APPAREL_0107,Casual Apparel,0,,,,
CASUAL_APPAREL_0108,Casual Apparel,0,,,,
CASUAL_APPAREL_0109,Casual Apparel,1,110.9,365.0,28.5,139.4
CASUAL_APPAREL_0110,Casual Apparel,57,54.4,148.6,15.3,730.0
CASUAL_APPAREL_0111,Casual Apparel,0,,,,
CASUAL_APPAREL_0112,Casual Apparel,1,125.0,319.4,4.5,129.5
CASUAL_APPAREL_0113,Casual Apparel,3,91.2,189.8,15.6,289.3
CASUAL_APPAREL_0114,Casual Apparel,0,,,,
CASUAL_APPAREL_0115,Casual Apparel,1,23.6,48.2,22.0,45.6
CASUAL_APPAREL_0116,Casual Apparel,1,24.3,55.8,46.1,70.5
CASUAL_APPAREL_0117,Casual Apparel,0,,,,
CASUAL_APPAREL_0118,Casual Apparel,0,,,,
CASUAL_APPAREL_0119,Casual Apparel,1,44.2,65.9,11.6,55.8
CASUAL_APPAREL_0120,Casual Apparel,2,33.4,216.5,17.7,84.4
CASUAL_APPAREL_0121,Casual Apparel,0,,,,
CASUAL_APPAREL_0122,Casual Apparel,0,,,,
CASUAL_APPAREL_0123,Casual Apparel,2,62.2,95.5,14.0,138.4
CASUAL_APPAREL_0124,Casual Apparel,7,139.5,153.5,12.6,730.0
CASUAL_APPAREL_0125,Casual Apparel,1,96.8,151.0,18.4,115.2
CASUAL_APPAREL_0126,Casual Apparel,0,,,,
CASUAL_APPAREL_0127,Casual Apparel,1,46.2,182.3,13.3,59.5
CASUAL_APPAREL_0128,Casual Apparel,0,,,,
CASUAL_APPAREL_0129,Casual Apparel,1,90.4,333.9,11.6,102.0
CASUAL_APPAREL_0130,Casual Apparel,0,,,,
CASUAL_APPAREL_0131,Casual Apparel,0,,,,
CASUAL_APPAREL_0132,Casual Apparel,0,,,,
CASUAL_APPAREL_0133,Casual Apparel,0,,,,
CASUAL_APPAREL_0134,Casual Apparel,0,,,,
CASUAL_APPAREL_0135,Casual Apparel,2,38.5,65.5,14.5,91.5
CASUAL_APPAREL_0136,Casual Apparel,0,,,,
CASUAL_APPAREL_0137,Casual Apparel,0,,,,
CASUAL_APPAREL_0138,Casual Apparel,0,,,,
CASUAL_APPAREL_0139,Casual Apparel,0,,,,
CASUAL_APPAREL_0140,Casual Apparel,50,24.6,35.3,12.2,730.0
CASUAL_APPAREL_0141,Casual Apparel,24,28.4,70.4,14.5,696.3
CASUAL_APPAREL_0142,Casual Apparel,3,93.3,365.0,19.4,299.3
CASUAL_APPAREL_0143,Casual Apparel,0,,,,
CASUAL_APPAREL_0144,Casual Apparel,5,116.0,257.6,10.4,590.3
CASUAL_APPAREL_0145,Casual Apparel,1,35.3,58.0,20.1,55.3
CASUAL_APPAREL_0146,Casual Apparel,4,120.5,365.0,19.5,501.5
CASUAL_APPAREL_0147,Casual Apparel,23,26.4,29.5,14.8,621.0
CASUAL_APPAREL_0148,Casual Apparel,0,,,,
CASUAL_APPAREL_0149,Casual Apparel,15,50.7,69.3,8.6,730.0
CASUAL_APPAREL_0150,Casual Apparel,44,165.9,365.0,32.1,730.0
CASUAL_APPAREL_0151,Casual Apparel,0,,,,
CASUAL_APPAREL_0152,Casual Apparel,0,,,,
CASUAL_APPAREL_0153,Casual Apparel,7,61.6,137.2,44.7,476.0
CASUAL_APPAREL_0154,Casual Apparel,3,40.4,56.1,37.9,159.3
CASUAL_APPAREL_0155,Casual Apparel,19,127.1,148.7,12.5,730.0
CASUAL_APPAREL_0156,Casual Apparel,3,177.3,321.8,28.3,560.3
CASUAL_APPAREL_0157,Casual Apparel,2,32.5,35.8,18.9,84.0
CASUAL_APPAREL_0158,Casual Apparel,1,33.6,71.2,9.8,43.4
CASUAL_APPAREL_0159,Casual Apparel,4,137.6,320.1,11.8,562.3
CASUAL_APPAREL_0160,Casual Apparel,3,122.7,230.5,10.3,378.4
CASUAL_APPAREL_0161,Casual Apparel,1,33.1,74.4,15.5,48.7
CASUAL_APPAREL_0162,Casual Apparel,2,18.8,59.9,46.6,84.2
CASUAL_APPAREL_0163,Casual Apparel,2,33.7,38.8,26.5,93.9
CASUAL_APPAREL_0164,Casual Apparel,1,139.1,365.0,15.8,155.0
CASUAL_APPAREL_0165,Casual Apparel,5,54.0,305.6,8.2,278.3
CASUAL_APPAREL_0166,Casual Apparel,0,,,,
CASUAL_APPAREL_0167,Casual Apparel,1,34.2,39.1,21.7,55.9
CASUAL_APPAREL_0168,Casual Apparel,0,,,,
CASUAL_APPAREL_0169,Casual Apparel,4,46.9,126.2,34.9,222.4
CASUAL_APPAREL_0170,Casual Apparel,1,89.6,133.7,107.1,196.7
CASUAL_APPAREL_0171,Casual Apparel,1,75.6,123.4,26.4,101.9
CASUAL_APPAREL_0172,Casual Apparel,1,144.8,334.9,19.3,164.1
CASUAL_APPAREL_0173,Casual Apparel,1,43.1,128.7,18.2,61.4
CASUAL_APPAREL_0174,Casual Apparel,14,39.9,205.5,17.3,576.2
CASUAL_APPAREL_0175,Casual Apparel,0,,,,
CASUAL_APPAREL_0176,Casual Apparel,7,43.2,155.1,33.0,335.4
CASUAL_APPAREL_0177,Casual Apparel,0,,,,
CASUAL_APPAREL_0178,Casual Apparel,1,22.9,70.7,11.0,33.9
CASUAL_APPAREL_0179,Casual Apparel,12,84.6,209.9,6.1,730.0
CASUAL_APPAREL_0180,Casual Apparel,1,66.5,87.2,25.5,92.0
CASUAL_APPAREL_0181,Casual Apparel,1,71.9,79.1,15.1,87.0
CASUAL_APPAREL_0182,Casual Apparel,0,,,,
CASUAL_APPAREL_0183,Casual Apparel,3,120.9,365.0,49.6,412.3
CASUAL_APPAREL_0184,Casual Apparel,0,,,,
CASUAL_APPAREL_0185,Casual Apparel,0,,,,
CASUAL_APPAREL_0186,Casual Apparel,4,45.2,118.4,22.7,203.5
CASUAL_APPAREL_0187,Casual Apparel,0,,,,
CASUAL_APPAREL_0188,Casual Apparel,4,129.7,365.0,28.0,547.0
CASUAL_APPAREL_0189,Casual Apparel,0,,,,
CASUAL_APPAREL_0190,Casual Apparel,0,,,,
CASUAL_APPAREL_0191,Casual Apparel,1,117.1,365.0,17.8,134.9
CASUAL_APPAREL_0192,Casual Apparel,0,,,,
CASUAL_APPAREL_0193,Casual Apparel,0,,,,
CASUAL_APPAREL_0194,Casual Apparel,2,47.4,54.7,19.7,114.5
CASUAL_APPAREL_0195,Casual Apparel,0,,,,
CASUAL_APPAREL_0196,Casual Apparel,4,57.2,250.3,8.5,237.2
CASUAL_APPAREL_0197,Casual Apparel,0,,,,
CASUAL_APPAREL_0198,Casual Apparel,6,35.2,67.2,18.7,229.8
CASUAL_APPAREL_0199,Casual Apparel,3,91.8,101.0,15.9,291.3
CASUAL_APPAREL_0200,Casual Apparel,0,,,,
CASUAL_APPAREL_0201,Casual Apparel,0,,,,
CASUAL_APPAREL_0202,Casual Apparel,0,,,,
CASUAL_APPAREL_0203,Casual Apparel,0,,,,
CASUAL_APPAREL_0204,Casual Apparel,1,113.2,290.6,92.5,205.6
CASUAL_APPAREL_0205,Casual Apparel,5,73.8,133.6,24.3,393.4
CASUAL_APPAREL_0206,Casual Apparel,0,,,,
CASUAL_APPAREL_0207,Casual Apparel,1,77.6,284.1,21.4,98.9
CASUAL_APPAREL_0208,Casual Apparel,9,124.0,218.0,14.8,730.0
CASUAL_APPAREL_0209,Casual Apparel,0,,,,
CASUAL_APPAREL_0210,Casual Apparel,1,187.3,365.0,16.4,203.7
CASUAL_APPAREL_0211,Casual Apparel,0,,,,
CASUAL_APPAREL_0212,Casual Apparel,0,,,,
CASUAL_APPAREL_0213,Casual Apparel,3,51.0,81.6,10.2,163.3
CASUAL_APPAREL_0214,Casual Apparel,15,34.8,50.8,19.7,541.3
CASUAL_APPAREL_0215,Casual Apparel,123,40.2,145.7,33.0,730.0
CASUAL_APPAREL_0216,Casual Apparel,1,103.0,195.8,6.9,109.9
CASUAL_APPAREL_0217,Casual Apparel,0,,,,
CASUAL_APPAREL_0218,Casual Apparel,0,,,,
CASUAL_APPAREL_0219,Casual Apparel,0,,,,
CASUAL_APPAREL_0220,Casual Apparel,0,,,,
CASUAL_APPAREL_0221,Casual Apparel,1,68.4,229.6,15.2,83.5
CASUAL_APPAREL_0222,Casual Apparel,0,,,,
CASUAL_APPAREL_0223,Casual Apparel,2,35.7,70.3,28.1,99.5
CASUAL_APPAREL_0224,Casual Apparel,0,,,,
CASUAL_APPAREL_0225,Casual Apparel,4,125.5,316.5,20.4,522.4
CASUAL_APPAREL_0226,Casual Apparel,1,141.6,365.0,20.0,161.6
CASUAL_APPAREL_0227,Casual Apparel,6,82.5,108.4,16.6,511.4
CASUAL_APPAREL_0228,Casual Apparel,1,12.5,39.1,10.3,22.7
CASUAL_APPAREL_0229,Casual Apparel,0,,,,
CASUAL_APPAREL_0230,Casual Apparel,0,,,,
CASUAL_APPAREL_0231,Casual Apparel,0,,,,
CASUAL_APPAREL_0232,Casual Apparel,0,,,,
CASUAL_APPAREL_0233,Casual Apparel,5,28.6,157.5,15.2,158.0
CASUAL_APPAREL_0234,Casual Apparel,0,,,,
CASUAL_APPAREL_0235,Casual Apparel,4,26.4,56.7,46.1,151.7
CASUAL_APPAREL_0236,Casual Apparel,0,,,,
CASUAL_APPAREL_0237,Casual Apparel,2,82.8,232.2,22.9,188.6
CASUAL_APPAREL_0238,Casual Apparel,0,,,,
CASUAL_APPAREL_0239,Casual Apparel,0,,,,
CASUAL_APPAREL_0240,Casual Apparel,1,25.6,82.4,20.0,45.6
CASUAL_APPAREL_0241,Casual Apparel,0,,,,
CASUAL_APPAREL_0242,Casual Apparel,8,35.8,105.4,35.5,321.6
CASUAL_APPAREL_0243,Casual Apparel,0,,,,
CASUAL_APPAREL_0244,Casual Apparel,0,,,,
CASUAL_APPAREL_0245,Casual Apparel,0,,,,
CASUAL_APPAREL_0246,Casual Apparel,1,166.5,341.3,7.8,174.2
CASUAL_APPAREL_0247,Casual Apparel,1,41.4,107.8,15.2,56.6
CASUAL_APPAREL_0248,Casual Apparel,2,79.4,340.9,21.5,180.2
CASUAL_APPAREL_0249,Casual Apparel,1,52.5,57.7,8.9,61.4
CASUAL_APPAREL_0250,Casual Apparel,2,161.7,326.2,36.7,360.1
CASUAL_APPAREL_0251,Casual Apparel,5,26.8,153.5,6.7,140.9
CASUAL_APPAREL_0252,Casual Apparel,8,26.9,53.3,17.9,233.3
CASUAL_APPAREL_0253,Casual Apparel,9,111.4,179.4,12.8,730.0
CASUAL_APPAREL_0254,Casual Apparel,1,90.4,145.2,11.4,101.8
CASUAL_APPAREL_0255,Casual Apparel,0,,,,
CASUAL_APPAREL_0256,Casual Apparel,17,40.0,180.3,16.4,696.4
CASUAL_APPAREL_0257,Casual Apparel,0,,,,
CASUAL_APPAREL_0258,Casual Apparel,0,,,,
CASUAL_APPAREL_0259,Casual Apparel,7,80.4,365.0,31.1,593.8
CASUAL_APPAREL_0260,Casual Apparel,5,54.3,139.0,34.0,305.3
CASUAL_APPAREL_0261,Casual Apparel,1,96.6,234.0,5.9,102.5
CASUAL_APPAREL_0262,Casual Apparel,6,67.2,144.7,35.3,438.3
CASUAL_APPAREL_0263,Casual Apparel,1,53.3,143.1,18.5,71.8
CASUAL_APPAREL_0264,Casual Apparel,155,60.3,83.5,19.5,730.0
CASUAL_APPAREL_0265,Casual Apparel,16,22.4,32.8,20.7,378.5
CASUAL_APPAREL_0266,Casual Apparel,1,61.7,150.8,44.5,106.2
CASUAL_APPAREL_0267,Casual Apparel,0,,,,
CASUAL_APPAREL_0268,Casual Apparel,2,124.4,234.5,25.8,274.7
CASUAL_APPAREL_0269,Casual Apparel,8,14.1,55.3,35.4,148.6
CASUAL_APPAREL_0270,Casual Apparel,0,,,,
CASUAL_APPAREL_0271,Casual Apparel,18,21.8,83.1,33.5,426.4
CASUAL_APPAREL_0272,Casual Apparel,2,97.7,303.9,41.9,237.3
CASUAL_APPAREL_0273,Casual Apparel,3,37.6,41.4,7.0,119.8
CASUAL_APPAREL_0274,Casual Apparel,15,132.1,244.2,12.5,730.0
CASUAL_APPAREL_0275,Casual Apparel,0,,,,
CASUAL_APPAREL_0276,Casual Apparel,4,109.2,120.1,23.8,460.4
CASUAL_APPAREL_0277,Casual Apparel,0,,,,
CASUAL_APPAREL_0278,Casual Apparel,2,55.9,116.4,7.9,119.7
CASUAL_APPAREL_0279,Casual Apparel,0,,,,
CASUAL_APPAREL_0280,Casual Apparel,1,54.8,90.2,29.2,84.0
CASUAL_APPAREL_0281,Casual Apparel,0,,,,
CASUAL_APPAREL_0282,Casual Apparel,19,20.0,36.1,15.1,394.9
CASUAL_APPAREL_0283,Casual Apparel,0,,,,
CASUAL_APPAREL_0284,Casual Apparel,8,53.4,279.5,20.8,447.6
CASUAL_APPAREL_0285,Casual Apparel,4,64.5,75.6,42.9,300.9
CASUAL_APPAREL_0286,Casual Apparel,6,111.8,263.7,3.8,674.4
CASUAL_APPAREL_0287,Casual Apparel,0,,,,
CASUAL_APPAREL_0288,Casual Apparel,0,,,,
CASUAL_APPAREL_0289,Casual Apparel,21,42.7,69.6,21.0,730.0
CASUAL_APPAREL_0290,Casual Apparel,18,13.9,24.9,16.8,267.1
CASUAL_APPAREL_0291,Casual Apparel,2,71.5,192.5,3.5,146.5
CASUAL_APPAREL_0292,Casual Apparel,1,69.4,171.4,36.5,105.9
CASUAL_APPAREL_0293,Casual Apparel,0,,,,
CASUAL_APPAREL_0294,Casual Apparel,5,36.7,78.2,4.5,187.9
CASUAL_APPAREL_0295,Casual Apparel,1,84.6,222.6,18.9,103.5
CASUAL_APPAREL_0296,Casual Apparel,0,,,,
CASUAL_APPAREL_0297,Casual Apparel,0,,,,
CASUAL_APPAREL_0298,Casual Apparel,0,,,,
CASUAL_APPAREL_0299,Casual Apparel,9,38.1,67.4,20.6,363.8
CASUAL_APPAREL_0300,Casual Apparel,0,,,,
CASUAL_APPAREL_0301,Casual Apparel,0,,,,
CASUAL_APPAREL_0302,Casual Apparel,6,186.2,293.9,25.2,730.0
CASUAL_APPAREL_0303,Casual Apparel,0,,,,
CASUAL_APPAREL_0304,Casual Apparel,46,19.8,77.8,34.4,730.0
CASUAL_APPAREL_0305,Casual Apparel,3,59.1,142.8,5.2,182.6
CASUAL_APPAREL_0306,Casual Apparel,105,44.6,54.3,9.6,730.0
CASUAL_APPAREL_0307,Casual Apparel,0,,,,
CASUAL_APPAREL_0308,Casual Apparel,13,151.5,223.0,35.1,730.0
CASUAL_APPAREL_0309,Casual Apparel,1,128.6,141.4,12.3,140.9
CASUAL_APPAREL_0310,Casual Apparel,0,,,,
CASUAL_APPAREL_0311,Casual Apparel,0,,,,
CASUAL_APPAREL_0312,Casual Apparel,0,,,,
CASUAL_APPAREL_0313,Casual Apparel,1,108.4,178.2,13.3,121.7
CASUAL_APPAREL_0314,Casual Apparel,0,,,,
CASUAL_APPAREL_0315,Casual Apparel,0,,,,
CASUAL_APPAREL_0316,Casual Apparel,1,50.8,295.9,21.7,72.5
CASUAL_APPAREL_0317,Casual Apparel,0,,,,
CASUAL_APPAREL_0318,Casual Apparel,4,30.2,38.2,15.8,136.8
CASUAL_APPAREL_0319,Casual Apparel,1,57.5,117.9,11.5,69.0
CASUAL_APPAREL_0320,Casual Apparel,0,,,,
CASUAL_APPAREL_0321,Casual Apparel,70,65.2,127.9,23.5,730.0
CASUAL_APPAREL_0322,Casual Apparel,0,,,,
CASUAL_APPAREL_0323,Casual Apparel,0,,,,
CASUAL_APPAREL_0324,Casual Apparel,3,62.8,153.0,8.3,196.8
CASUAL_APPAREL_0325,Casual Apparel,0,,,,
CASUAL_APPAREL_0326,Casual Apparel,5,23.0,101.1,10.7,125.6
CASUAL_APPAREL_0327,Casual Apparel,0,,,,
CASUAL_APPAREL_0328,Casual Apparel,0,,,,
CASUAL_APPAREL_0329,Casual Apparel,1,71.7,207.6,3.4,75.1
CASUAL_APPAREL_0330,Casual Apparel,0,,,,
CASUAL_APPAREL_0331,Casual Apparel,0,,,,
CASUAL_APPAREL_0332,Casual Apparel,1,83.4,109.7,14.4,97.8
CASUAL_APPAREL_0333,Casual Apparel,0,,,,
CASUAL_APPAREL_0334,Casual Apparel,0,,,,
CASUAL_APPAREL_0335,Casual Apparel,1,81.7,89.9,27.9,109.6
CASUAL_APPAREL_0336,Casual Apparel,1,70.8,227.7,18.6,89.4
CASUAL_APPAREL_0337,Casual Apparel,3,80.2,343.8,24.3,264.8
CASUAL_APPAREL_0338,Casual Apparel,5,54.5,80.0,19.1,291.8
CASUAL_APPAREL_0339,Casual Apparel,4,46.8,76.9,33.2,220.4
CASUAL_APPAREL_0340,Casual Apparel,35,122.1,251.4,36.3,730.0
CASUAL_APPAREL_0341,Casual Apparel,1,159.2,323.5,16.8,176.1
CASUAL_APPAREL_0342,Casual Apparel,0,,,,
CASUAL_APPAREL_0343,Casual Apparel,0,,,,
CASUAL_APPAREL_0344,Casual Apparel,1,267.7,365.0,22.7,290.4
CASUAL_APPAREL_0345,Casual Apparel,1,35.9,61.9,23.7,59.6
CASUAL_APPAREL_0346,Casual Apparel,1,51.0,272.9,9.3,60.4
CASUAL_APPAREL_0347,Casual Apparel,3,32.7,79.0,41.3,139.3
CASUAL_APPAREL_0348,Casual Apparel,0,,,,
CASUAL_APPAREL_0349,Casual Apparel,67,210.5,365.0,12.2,730.0
HIKING_FOOTWEA_0001,Hiking Footwear,3,229.7,365.0,13.5,702.7
HIKING_FOOTWEA_0002,Hiking Footwear,1,53.1,99.6,32.1,85.2
HIKING_FOOTWEA_0003,Hiking Footwear,5,73.0,180.5,18.7,383.7
HIKING_FOOTWEA_0004,Hiking Footwear,3,52.9,58.1,14.5,173.0
HIKING_FOOTWEA_0005,Hiking Footwear,56,104.6,290.4,13.5,730.0
HIKING_FOOTWEA_0006,Hiking Footwear,14,41.4,80.7,17.4,597.3
HIKING_FOOTWEA_0007,Hiking Footwear,0,,,,
HIKING_FOOTWEA_0008,Hiking Footwear,3,34.4,66.1,30.8,133.9
HIKING_FOOTWEA_0009,Hiking Footwear,1,135.3,256.8,48.3,183.6
HIKING_FOOTWEA_0010,Hiking Footwear,0,,,,
HIKING_FOOTWEA_0011,Hiking Footwear,4,107.2,179.2,13.9,442.7
HIKING_FOOTWEA_0012,Hiking Footwear,1,129.7,337.8,16.9,146.6
HIKING_FOOTWEA_0013,Hiking Footwear,2,188.8,365.0,20.2,397.7
HIKING_FOOTWEA_0014,Hiking Footwear,1,38.5,100.9,10.6,49.1
HIKING_FOOTWEA_0015,Hiking Footwear,8,45.7,131.1,16.4,381.9
HIKING_FOOTWEA_0016,Hiking Footwear,0,,,,
HIKING_FOOTWEA_0017,Hiking Footwear,20,138.4,365.0,4.6,730.0
HIKING_FOOTWEA_0018,Hiking Footwear,0,,,,
HIKING_FOOTWEA_0019,Hiking Footwear,1,122.1,365.0,94.0,216.1
HIKING_FOOTWEA_0020,Hiking Footwear,1,240.6,365.0,60.2,300.8
HIKING_FOOTWEA_0021,Hiking Footwear,1,122.1,218.0,18.1,140.2
HIKING_FOOTWEA_0022,Hiking Footwear,6,183.0,365.0,13.9,730.0
HIKING_FOOTWEA_0023,Hiking Footwear,9,86.0,144.3,14.3,730.0
HIKING_FOOTWEA_0024,Hiking Footwear,14,94.9,274.3,13.2,730.0
HIKING_FOOTWEA_0025,Hiking Footwear,12,56.8,91.4,14.8,696.1
HIKING_FOOTWEA_0026,Hiking Footwear,3,68.3,289.7,29.3,234.2
HIKING_FOOTWEA_0027,Hiking Footwear,105,117.8,344.9,20.4,730.0
HIKING_FOOTWEA_0028,Hiking Footwear,50,20.2,75.8,8.1,730.0
HIKING_FOOTWEA_0029,Hiking Footwear,0,,,,
HIKING_FOOTWEA_0030,Hiking Footwear,0,,,,
HIKING_FOOTWEA_0031,Hiking Footwear,0,,,,
HIKING_FOOTWEA_0032,Hiking Footwear,6,113.9,206.3,8.9,692.4
HIKING_FOOTWEA_0033,Hiking Footwear,0,,,,
HIKING_FOOTWEA_0034,Hiking Footwear,21,99.7,155.5,17.6,730.0
HIKING_FOOTWEA_0035,Hiking Footwear,1,57.8,199.2,11.2,69.1
HIKING_FOOTWEA_0036,Hiking Footwear,0,,,,
HIKING_FOOTWEA_0037,Hiking Footwear,0,,,,
HIKING_FOOTWEA_0038,Hiking Footwear,19,27.1,45.3,28.5,542.9
HIKING_FOOTWEA_0039,Hiking Footwear,1,148.9,331.8,12.4,161.3
HIKING_FOOTWEA_0040,Hiking Footwear,8,66.0,296.9,10.2,538.3
HIKING_FOOTWEA_0041,Hiking Footwear,0,,,,
HIKING_FOOTWEA_0042,Hiking Footwear,7,55.8,178.6,17.6,408.4
HIKING_FOOTWEA_0043,Hiking Footwear,1,139.5,365.0,51.2,190.7
HIKING_FOOTWEA_0044,Hiking Footwear,14,123.7,267.7,14.9,730.0
HIKING_FOOTWEA_0045,Hiking Footwear,0,,,,
HIKING_FOOTWEA_0046,Hiking Footwear,5,67.0,178.9,12.6,347.5
HIKING_FOOTWEA_0047,Hiking Footwear,51,183.7,365.0,16.2,730.0
HIKING_FOOTWEA_0048,Hiking Footwear,0,,,,
HIKING_FOOTWEA_0049,Hiking Footwear,0,,,,
HIKING_FOOTWEA_0050,Hiking Footwear,0,,,,
HIKING_FOOTWEA_0051,Hiking Footwear,1,22.5,34.2,19.9,42.4
HIKING_FOOTWEA_0052,Hiking Footwear,8,25.1,68.5,39.4,240.2
HIKING_FOOTWEA_0053,Hiking Footwear,0,,,,
HIKING_FOOTWEA_0054,Hiking Footwear,9,85.2,259.7,10.0,730.0
HIKING_FOOTWEA_0055,Hiking Footwear,4,250.6,333.5,12.5,730.0
HIKING_FOOTWEA_0056,Hiking Footwear,12,60.7,245.6,9.7,730.0
HIKING_FOOTWEA_0057,Hiking Footwear,15,143.1,255.0,19.1,730.0
HIKING_FOOTWEA_0058,Hiking Footwear,0,,,,
HIKING_FOOTWEA_0059,Hiking Footwear,5,62.4,365.0,33.5,345.7
HIKING_FOOTWEA_0060,Hiking Footwear,0,,,,
HIKING_FOOTWEA_0061,Hiking Footwear,0,,,,
HIKING_FOOTWEA_0062,Hiking Footwear,0,,,,
HIKING_FOOTWEA_0063,Hiking Footwear,1,52.9,275.1,14.5,67.4
HIKING_FOOTWEA_0064,Hiking Footwear,0,,,,
HIKING_FOOTWEA_0065,Hiking Footwear,7,86.2,100.9,17.2,620.3
HIKING_FOOTWEA_0066,Hiking Footwear,1,184.1,202.5,62.3,246.4
HIKING_FOOTWEA_0067,Hiking Footwear,0,,,,
HIKING_FOOTWEA_0068,Hiking Footwear,0,,,,
HIKING_FOOTWEA_0069,Hiking Footwear,2,31.6,40.8,38.2,101.4
HIKING_FOOTWEA_0070,Hiking Footwear,2,84.3,280.5,20.8,189.3
HIKING_FOOTWEA_0071,Hiking Footwear,6,68.5,80.6,12.1,422.9
HIKING_FOOTWEA_0072,Hiking Footwear,12,132.5,254.3,9.2,730.0
HIKING_FOOTWEA_0073,Hiking Footwear,2,112.7,236.8,20.4,245.8
HIKING_FOOTWEA_0074,Hiking Footwear,1,61.1,108.2,25.2,86.3
HIKING_FOOTWEA_0075,Hiking Footwear,0,,,,
HIKING_FOOTWEA_0076,Hiking Footwear,0,,,,
HIKING_FOOTWEA_0077,Hiking Footwear,1,65.5,122.1,5.5,71.1
HIKING_FOOTWEA_0078,Hiking Footwear,1,55.9,148.8,61.3,117.2
HIKING_FOOTWEA_0079,Hiking Footwear,0,,,,
HIKING_FOOTWEA_0080,Hiking Footwear,1,161.3,263.3,85.9,247.2
HIKING_FOOTWEA_0081,Hiking Footwear,0,,,,
HIKING_FOOTWEA_0082,Hiking Footwear,2,218.1,353.8,47.4,483.7
HIKING_FOOTWEA_0083,Hiking Footwear,54,78.2,215.7,17.6,730.0
HIKING_FOOTWEA_0084,Hiking Footwear,1,109.7,277.4,27.1,136.8
HIKING_FOOTWEA_0085,Hiking Footwear,3,38.8,138.4,45.5,161.8
HIKING_FOOTWEA_0086,Hiking Footwear,1,101.7,365.0,14.7,116.4
HIKING_FOOTWEA_0087,Hiking Footwear,0,,,,
HIKING_FOOTWEA_0088,Hiking Footwear,1,80.4,133.6,91.6,172.0
HIKING_FOOTWEA_0089,Hiking Footwear,2,58.6,68.3,20.9,138.1
HIKING_FOOTWEA_0090,Hiking Footwear,1,296.0,325.6,128.4,424.5
HIKING_FOOTWEA_0091,Hiking Footwear,0,,,,
HIKING_FOOTWEA_0092,Hiking Footwear,60,45.2,98.8,18.2,730.0
HIKING_FOOTWEA_0093,Hiking Footwear,7,146.3,365.0,29.0,730.0
HIKING_FOOTWEA_0094,Hiking Footwear,73,52.4,64.0,21.0,730.0
HIKING_FOOTWEA_0095,Hiking Footwear,13,94.4,214.8,26.8,730.0
HIKING_FOOTWEA_0096,Hiking Footwear,1,166.8,183.5,16.8,183.6
HIKING_FOOTWEA_0097,Hiking Footwear,1,30.5,42.4,36.4,66.9
HIKING_FOOTWEA_0098,Hiking Footwear,6,62.9,196.0,19.3,396.7
HIKING_FOOTWEA_0099,Hiking Footwear,1,80.4,225.9,13.7,94.2
HIKING_FOOTWEA_0100,Hiking Footwear,1,98.6,208.7,109.7,208.3
HIKING_FOOTWEA_0101,Hiking Footwear,1,65.8,365.0,42.2,108.0
HIKING_FOOTWEA_0102,Hiking Footwear,2,60.0,66.0,27.5,147.5
HIKING_FOOTWEA_0103,Hiking Footwear,6,105.7,116.3,19.8,654.0
HIKING_FOOTWEA_0104,Hiking Footwear,1,136.3,365.0,28.9,165.2
HIKING_FOOTWEA_0105,Hiking Footwear,4,40.9,108.4,11.7,175.2
HIKING_FOOTWEA_0106,Hiking Footwear,0,,,,
HIKING_FOOTWEA_0107,Hiking Footwear,2,92.0,139.8,29.4,213.3
HIKING_FOOTWEA_0108,Hiking Footwear,0,,,,
HIKING_FOOTWEA_0109,Hiking Footwear,87,81.2,235.4,37.5,730.0
HIKING_FOOTWEA_0110,Hiking Footwear,1,48.7,104.6,21.4,70.1
HIKING_FOOTWEA_0111,Hiking Footwear,1,141.5,365.0,18.7,160.2
HIKING_FOOTWEA_0112,Hiking Footwear,24,142.5,273.7,88.1,730.0
HIKING_FOOTWEA_0113,Hiking Footwear,3,74.5,114.7,12.3,235.9
HIKING_FOOTWEA_0114,Hiking Footwear,1,145.0,277.8,38.0,183.0
HIKING_FOOTWEA_0115,Hiking Footwear,1,121.5,356.2,16.2,137.6
HIKING_FOOTWEA_0116,Hiking Footwear,2,123.7,365.0,10.4,257.9
HIKING_FOOTWEA_0117,Hiking Footwear,1,247.7,365.0,55.9,303.6
HIKING_FOOTWEA_0118,Hiking Footwear,11,144.5,227.9,7.1,730.0
HIKING_FOOTWEA_0119,Hiking Footwear,0,,,,
HIKING_FOOTWEA_0120,Hiking Footwear,0,,,,
HIKING_FOOTWEA_0121,Hiking Footwear,0,,,,
HIKING_FOOTWEA_0122,Hiking Footwear,8,99.0,108.8,7.8,730.0
HIKING_FOOTWEA_0123,Hiking Footwear,30,71.7,104.6,14.8,730.0
HIKING_FOOTWEA_0124,Hiking Footwear,0,,,,
HIKING_FOOTWEA_0125,Hiking Footwear,13,103.3,216.4,29.4,730.0
HIKING_FOOTWEA_0126,Hiking Footwear,66,20.0,22.0,10.4,730.0
HIKING_FOOTWEA_0127,Hiking Footwear,11,167.7,288.1,23.2,730.0
HIKING_FOOTWEA_0128,Hiking Footwear,1,94.1,136.1,24.5,118.6
HIKING_FOOTWEA_0129,Hiking Footwear,1,126.7,365.0,27.8,154.5
HIKING_FOOTWEA_0130,Hiking Footwear,6,92.6,102.2,6.3,561.9
HIKING_FOOTWEA_0131,Hiking Footwear,0,,,,
HIKING_FOOTWEA_0132,Hiking Footwear,0,,,,
HIKING_FOOTWEA_0133,Hiking Footwear,6,105.0,132.8,18.2,648.4
HIKING_FOOTWEA_0134,Hiking Footwear,9,54.0,101.9,26.0,511.7
HIKING_FOOTWEA_0135,Hiking Footwear,24,96.8,136.9,17.7,730.0
HIKING_FOOTWEA_0136,Hiking Footwear,6,77.2,133.0,17.7,480.6
HIKING_FOOTWEA_0137,Hiking Footwear,2,82.7,154.3,10.3,175.7
HIKING_FOOTWEA_0138,Hiking Footwear,9,178.8,365.0,11.1,730.0
HIKING_FOOTWEA_0139,Hiking Footwear,0,,,,
HIKING_FOOTWEA_0140,Hiking Footwear,1,69.3,132.7,13.1,82.4
HIKING_FOOTWEA_0141,Hiking Footwear,0,,,,
HIKING_FOOTWEA_0142,Hiking Footwear,3,161.3,296.2,14.7,498.7
HIKING_FOOTWEA_0143,Hiking Footwear,0,,,,
HIKING_FOOTWEA_0144,Hiking Footwear,2,47.3,79.7,20.8,115.3
HIKING_FOOTWEA_0145,Hiking Footwear,5,53.2,64.5,8.4,274.6
HIKING_FOOTWEA_0146,Hiking Footwear,60,50.0,55.0,11.6,730.0
HIKING_FOOTWEA_0147,Hiking Footwear,1,82.7,256.8,10.3,93.1
HIKING_FOOTWEA_0148,Hiking Footwear,0,,,,
HIKING_FOOTWEA_0149,Hiking Footwear,24,36.7,45.2,14.9,730.0
HIKING_FOOTWEA_0150,Hiking Footwear,0,,,,
HIKING_FOOTWEA_0151,Hiking Footwear,0,,,,
HIKING_FOOTWEA_0152,Hiking Footwear,1,32.9,85.8,12.7,45.6
HIKING_FOOTWEA_0153,Hiking Footwear,0,,,,
HIKING_FOOTWEA_0154,Hiking Footwear,42,85.1,365.0,8.2,730.0
HIKING_FOOTWEA_0155,Hiking Footwear,0,,,,
HIKING_FOOTWEA_0156,Hiking Footwear,131,20.6,80.3,29.6,730.0
HIKING_FOOTWEA_0157,Hiking Footwear,1,126.2,222.2,21.2,147.5
HIKING_FOOTWEA_0158,Hiking Footwear,2,220.4,365.0,72.4,513.2
HIKING_FOOTWEA_0159,Hiking Footwear,0,,,,
HIKING_FOOTWEA_0160,Hiking Footwear,8,90.5,306.2,23.3,730.0
HIKING_FOOTWEA_0161,Hiking Footwear,0,,,,
HIKING_FOOTWEA_0162,Hiking Footwear,1,67.8,74.6,31.1,98.9
HIKING_FOOTWEA_0163,Hiking Footwear,1,71.8,211.5,59.2,131.0
HIKING_FOOTWEA_0164,Hiking Footwear,6,120.3,132.3,31.8,730.0
HIKING_FOOTWEA_0165,Hiking Footwear,0,,,,
HIKING_FOOTWEA_0166,Hiking Footwear,15,104.8,255.3,12.9,730.0
HIKING_FOOTWEA_0167,Hiking Footwear,51,145.8,243.7,13.6,730.0
HIKING_FOOTWEA_0168,Hiking Footwear,0,,,,
HIKING_FOOTWEA_0169,Hiking Footwear,0,,,,
HIKING_FOOTWEA_0170,Hiking Footwear,1,158.9,365.0,82.7,241.6
HIKING_FOOTWEA_0171,Hiking Footwear,3,239.7,365.0,14.8,730.0
HIKING_FOOTWEA_0172,Hiking Footwear,2,264.9,365.0,55.2,584.9
HIKING_FOOTWEA_0173,Hiking Footwear,14,121.6,365.0,15.6,730.0
HIKING_FOOTWEA_0174,Hiking Footwear,8,109.7,365.0,42.6,730.0
HIKING_FOOTWEA_0175,Hiking Footwear,0,,,,
SNOW_BOOTS_AND_0001,Snow Boots & Footwear,0,,,,
SNOW_BOOTS_AND_0002,Snow Boots & Footwear,10,216.8,365.0,13.0,730.0
SNOW_BOOTS_AND_0003,Snow Boots & Footwear,13,131.4,203.0,13.2,730.0
SNOW_BOOTS_AND_0004,Snow Boots & Footwear,0,,,,
SNOW_BOOTS_AND_0005,Snow Boots & Footwear,9,191.9,365.0,106.4,730.0
SNOW_BOOTS_AND_0006,Snow Boots & Footwear,3,78.4,86.7,10.7,245.9
SNOW_BOOTS_AND_0007,Snow Boots & Footwear,56,211.9,362.9,30.7,730.0
SNOW_BOOTS_AND_0008,Snow Boots & Footwear,1,99.1,131.2,68.0,167.0
SNOW_BOOTS_AND_0009,Snow Boots & Footwear,0,,,,
SNOW_BOOTS_AND_0010,Snow Boots & Footwear,1,134.3,295.5,36.1,170.4
SNOW_BOOTS_AND_0011,Snow Boots & Footwear,3,201.7,221.9,101.5,706.7
SNOW_BOOTS_AND_0012,Snow Boots & Footwear,1,248.0,365.0,82.1,330.0
SNOW_BOOTS_AND_0013,Snow Boots & Footwear,0,,,,
SNOW_BOOTS_AND_0014,Snow Boots & Footwear,8,59.2,99.2,15.8,489.8
SNOW_BOOTS_AND_0015,Snow Boots & Footwear,1,171.6,365.0,26.0,197.6
SNOW_BOOTS_AND_0016,Snow Boots & Footwear,0,,,,
SNOW_BOOTS_AND_0017,Snow Boots & Footwear,4,222.3,365.0,3.7,730.0
SNOW_BOOTS_AND_0018,Snow Boots & Footwear,0,,,,
SNOW_BOOTS_AND_0019,Snow Boots & Footwear,2,80.8,149.5,54.4,215.9
SNOW_BOOTS_AND_0020,Snow Boots & Footwear,13,112.5,130.2,16.7,730.0
SNOW_BOOTS_AND_0021,Snow Boots & Footwear,0,,,,
SNOW_BOOTS_AND_0022,Snow Boots & Footwear,44,242.9,365.0,47.1,730.0
SNOW_BOOTS_AND_0023,Snow Boots & Footwear,5,365.0,365.0,44.9,730.0
SNOW_BOOTS_AND_0024,Snow Boots & Footwear,5,73.1,125.5,24.0,389.7
SNOW_BOOTS_AND_0025,Snow Boots & Footwear,0,,,,
SNOW_BOOTS_AND_0026,Snow Boots & Footwear,1,150.9,365.0,28.9,179.8
SNOW_BOOTS_AND_0027,Snow Boots & Footwear,3,99.1,268.6,23.1,320.4
SNOW_BOOTS_AND_0028,Snow Boots & Footwear,0,,,,
SNOW_BOOTS_AND_0029,Snow Boots & Footwear,2,109.2,136.7,24.1,242.4
SNOW_BOOTS_AND_0030,Snow Boots & Footwear,0,,,,
SNOW_BOOTS_AND_0031,Snow Boots & Footwear,10,44.3,49.4,13.1,456.6
SNOW_BOOTS_AND_0032,Snow Boots & Footwear,33,176.5,230.8,4.3,730.0
SNOW_BOOTS_AND_0033,Snow Boots & Footwear,2,50.6,104.6,26.8,128.0
SNOW_BOOTS_AND_0034,Snow Boots & Footwear,12,65.8,135.0,29.9,730.0
SNOW_BOOTS_AND_0035,Snow Boots & Footwear,0,,,,
SNOW_BOOTS_AND_0036,Snow Boots & Footwear,3,316.4,365.0,83.6,730.0
SNOW_BOOTS_AND_0037,Snow Boots & Footwear,2,155.9,327.7,19.1,330.9
SNOW_BOOTS_AND_0038,Snow Boots & Footwear,11,34.0,73.9,21.6,395.1
SNOW_BOOTS_AND_0039,Snow Boots & Footwear,0,,,,
SNOW_BOOTS_AND_0040,Snow Boots & Footwear,0,,,,
SNOW_BOOTS_AND_0041,Snow Boots & Footwear,3,242.7,365.0,43.6,730.0
SNOW_BOOTS_AND_0042,Snow Boots & Footwear,0,,,,
SNOW_BOOTS_AND_0043,Snow Boots & Footwear,1,46.6,70.1,10.8,57.4
SNOW_BOOTS_AND_0044,Snow Boots & Footwear,61,132.9,146.1,11.1,730.0
SNOW_BOOTS_AND_0045,Snow Boots & Footwear,4,98.3,136.6,64.7,457.9
SNOW_BOOTS_AND_0046,Snow Boots & Footwear,6,116.0,137.3,15.8,712.1
SNOW_BOOTS_AND_0047,Snow Boots & Footwear,27,109.7,365.0,13.6,730.0
SNOW_BOOTS_AND_0048,Snow Boots & Footwear,3,355.6,365.0,168.3,730.0
SNOW_BOOTS_AND_0049,Snow Boots & Footwear,1,78.4,290.4,53.1,131.4
SNOW_BOOTS_AND_0050,Snow Boots & Footwear,1,191.8,365.0,104.0,295.8
SNOW_BOOTS_AND_0051,Snow Boots & Footwear,60,91.6,343.6,10.7,730.0
SNOW_BOOTS_AND_0052,Snow Boots & Footwear,2,45.0,83.5,16.1,106.1
SNOW_BOOTS_AND_0053,Snow Boots & Footwear,28,68.2,226.2,6.4,730.0
SNOW_BOOTS_AND_0054,Snow Boots & Footwear,4,34.9,48.3,23.2,162.7
SNOW_BOOTS_AND_0055,Snow Boots & Footwear,2,165.5,332.0,29.9,361.0
SNOW_BOOTS_AND_0056,Snow Boots & Footwear,1,365.0,365.0,74.7,439.7
SNOW_BOOTS_AND_0057,Snow Boots & Footwear,3,107.6,212.5,4.1,327.0
SNOW_BOOTS_AND_0058,Snow Boots & Footwear,2,101.0,111.1,26.6,228.7
SNOW_BOOTS_AND_0059,Snow Boots & Footwear,1,121.3,360.9,24.3,145.6
SNOW_BOOTS_AND_0060,Snow Boots & Footwear,26,179.5,365.0,27.1,730.0
SNOW_BOOTS_AND_0061,Snow Boots & Footwear,2,87.4,149.5,20.6,195.4
SNOW_BOOTS_AND_0062,Snow Boots & Footwear,0,,,,
SNOW_BOOTS_AND_0063,Snow Boots & Footwear,7,45.1,152.8,10.4,326.4
SNOW_BOOTS_AND_0064,Snow Boots & Footwear,6,69.8,163.6,26.0,444.9
SNOW_BOOTS_AND_0065,Snow Boots & Footwear,0,,,,
SNOW_BOOTS_AND_0066,Snow Boots & Footwear,34,99.3,257.2,16.6,730.0
SNOW_BOOTS_AND_0067,Snow Boots & Footwear,1,134.7,365.0,26.8,161.5
SNOW_BOOTS_AND_0068,Snow Boots & Footwear,4,50.2,94.4,23.6,224.3
SNOW_BOOTS_AND_0069,Snow Boots & Footwear,2,92.6,141.1,57.3,242.4
SNOW_BOOTS_AND_0070,Snow Boots & Footwear,2,148.0,262.0,171.8,467.8
SNOW_BOOTS_AND_0071,Snow Boots & Footwear,87,88.9,287.2,20.8,730.0
SNOW_BOOTS_AND_0072,Snow Boots & Footwear,17,91.0,175.5,19.1,730.0
SNOW_BOOTS_AND_0073,Snow Boots & Footwear,9,28.4,98.9,13.9,269.1
SNOW_BOOTS_AND_0074,Snow Boots & Footwear,0,,,,
SNOW_BOOTS_AND_0075,Snow Boots & Footwear,0,,,,
SNOW_BOOTS_AND_0076,Snow Boots & Footwear,2,42.8,102.3,19.3,105.0
SNOW_BOOTS_AND_0077,Snow Boots & Footwear,0,,,,
SNOW_BOOTS_AND_0078,Snow Boots & Footwear,0,,,,
SNOW_BOOTS_AND_0079,Snow Boots & Footwear,0,,,,
SNOW_BOOTS_AND_0080,Snow Boots & Footwear,1,161.3,315.9,11.0,172.3
SNOW_BOOTS_AND_0081,Snow Boots & Footwear,3,262.1,365.0,75.4,730.0
SNOW_BOOTS_AND_0082,Snow Boots & Footwear,64,135.7,190.9,11.8,730.0
SNOW_BOOTS_AND_0083,Snow Boots & Footwear,4,202.4,224.0,33.1,730.0
SNOW_BOOTS_AND_0084,Snow Boots & Footwear,2,112.9,275.1,34.0,259.9
SNOW_BOOTS_AND_0085,Snow Boots & Footwear,4,135.0,363.1,46.1,586.2
SNOW_BOOTS_AND_0086,Snow Boots & Footwear,1,121.6,258.0,51.7,173.2
SNOW_BOOTS_AND_0087,Snow Boots & Footwear,2,186.8,328.9,56.2,429.8
SNOW_BOOTS_AND_0088,Snow Boots & Footwear,41,149.0,316.7,10.6,730.0
SNOW_BOOTS_AND_0089,Snow Boots & Footwear,0,,,,
SNOW_BOOTS_AND_0090,Snow Boots & Footwear,0,,,,
SNOW_BOOTS_AND_0091,Snow Boots & Footwear,0,,,,
SNOW_BOOTS_AND_0092,Snow Boots & Footwear,0,,,,
SNOW_BOOTS_AND_0093,Snow Boots & Footwear,22,342.4,365.0,29.0,730.0
SNOW_BOOTS_AND_0094,Snow Boots & Footwear,7,267.0,293.7,82.3,730.0
SNOW_BOOTS_AND_0095,Snow Boots & Footwear,0,,,,
SNOW_BOOTS_AND_0096,Snow Boots & Footwear,32,45.3,60.4,15.0,730.0
SNOW_BOOTS_AND_0097,Snow Boots & Footwear,8,204.2,365.0,27.0,730.0
SNOW_BOOTS_AND_0098,Snow Boots & Footwear,2,110.2,180.2,16.0,236.5
SNOW_BOOTS_AND_0099,Snow Boots & Footwear,9,80.4,254.6,19.6,730.0
SNOW_BOOTS_AND_0100,Snow Boots & Footwear,1,188.9,365.0,19.0,207.9
SNOW_BOOTS_AND_0101,Snow Boots & Footwear,1,186.2,365.0,60.1,246.3
SNOW_BOOTS_AND_0102,Snow Boots & Footwear,0,,,,
SNOW_BOOTS_AND_0103,Snow Boots & Footwear,45,61.6,98.2,9.9,730.0
SNOW_BOOTS_AND_0104,Snow Boots & Footwear,0,,,,
SNOW_BOOTS_AND_0105,Snow Boots & Footwear,9,112.8,358.0,22.7,730.0
SNOW_BOOTS_AND_0106,Snow Boots & Footwear,1,78.4,110.5,14.6,93.0
SNOW_BOOTS_AND_0107,Snow Boots & Footwear,0,,,,
SNOW_BOOTS_AND_0108,Snow Boots & Footwear,13,28.2,81.5,31.6,397.7
SNOW_BOOTS_AND_0109,Snow Boots & Footwear,0,,,,
SNOW_BOOTS_AND_0110,Snow Boots & Footwear,0,,,,
SNOW_BOOTS_AND_0111,Snow Boots & Footwear,8,136.3,149.9,17.0,730.0
SNOW_BOOTS_AND_0112,Snow Boots & Footwear,3,210.9,365.0,31.5,664.1
SNOW_BOOTS_AND_0113,Snow Boots & Footwear,0,,,,
SNOW_BOOTS_AND_0114,Snow Boots & Footwear,1,170.4,228.9,138.9,309.3
SNOW_BOOTS_AND_0115,Snow Boots & Footwear,0,,,,
SNOW_BOOTS_AND_0116,Snow Boots & Footwear,0,,,,
SNOW_BOOTS_AND_0117,Snow Boots & Footwear,10,255.6,365.0,30.0,730.0
SNOW_BOOTS_AND_0118,Snow Boots & Footwear,13,119.4,131.4,8.2,730.0
SNOW_BOOTS_AND_0119,Snow Boots & Footwear,1,300.1,365.0,243.7,543.7
SNOW_BOOTS_AND_0120,Snow Boots & Footwear,5,226.3,365.0,42.0,730.0
SNOW_BOOTS_AND_0121,Snow Boots & Footwear,1,110.0,167.0,22.5,132.5
SNOW_BOOTS_AND_0122,Snow Boots & Footwear,1,75.0,202.0,16.8,91.8
SNOW_BOOTS_AND_0123,Snow Boots & Footwear,0,,,,
SNOW_BOOTS_AND_0124,Snow Boots & Footwear,1,171.9,189.1,72.5,244.4
SNOW_BOOTS_AND_0125,Snow Boots & Footwear,0,,,,
SNOW_BOOTS_AND_0126,Snow Boots & Footwear,22,242.3,266.6,51.6,730.0
CASUAL_FOOTWEA_0001,Casual Footwear,1,59.1,116.2,17.5,76.6
CASUAL_FOOTWEA_0002,Casual Footwear,0,,,,
CASUAL_FOOTWEA_0003,Casual Footwear,1,146.5,365.0,39.7,186.3
CASUAL_FOOTWEA_0004,Casual Footwear,1,56.5,166.4,14.9,71.4
CASUAL_FOOTWEA_0005,Casual Footwear,108,118.0,248.1,11.2,730.0
CASUAL_FOOTWEA_0006,Casual Footwear,1,54.3,59.8,31.0,85.3
CASUAL_FOOTWEA_0007,Casual Footwear,6,80.9,142.0,5.2,490.3
CASUAL_FOOTWEA_0008,Casual Footwear,47,25.6,61.6,21.9,730.0
CASUAL_FOOTWEA_0009,Casual Footwear,2,41.7,215.8,6.8,90.3
CASUAL_FOOTWEA_0010,Casual Footwear,1,32.5,75.5,13.2,45.6
CASUAL_FOOTWEA_0011,Casual Footwear,15,14.5,23.1,26.1,243.7
CASUAL_FOOTWEA_0012,Casual Footwear,2,49.1,102.6,26.3,124.4
CASUAL_FOOTWEA_0013,Casual Footwear,0,,,,
CASUAL_FOOTWEA_0014,Casual Footwear,1,64.0,70.5,32.6,96.6
CASUAL_FOOTWEA_0015,Casual Footwear,4,103.2,173.9,12.1,424.8
CASUAL_FOOTWEA_0016,Casual Footwear,4,37.8,156.0,29.9,181.3
CASUAL_FOOTWEA_0017,Casual Footwear,10,118.8,365.0,56.3,730.0
CASUAL_FOOTWEA_0018,Casual Footwear,19,45.9,125.7,14.3,730.0
CASUAL_FOOTWEA_0019,Casual Footwear,1,58.7,168.0,19.9,78.6
CASUAL_FOOTWEA_0020,Casual Footwear,1,71.5,236.0,44.2,115.7
CASUAL_FOOTWEA_0021,Casual Footwear,4,318.4,350.3,102.0,730.0
CASUAL_FOOTWEA_0022,Casual Footwear,205,58.8,247.6,20.0,730.0
CASUAL_FOOTWEA_0023,Casual Footwear,6,50.8,90.5,35.3,340.4
CASUAL_FOOTWEA_0024,Casual Footwear,0,,,,
CASUAL_FOOTWEA_0025,Casual Footwear,21,36.3,118.7,29.6,730.0
CASUAL_FOOTWEA_0026,Casual Footwear,1,71.9,93.8,11.2,83.1
CASUAL_FOOTWEA_0027,Casual Footwear,18,30.0,80.0,18.8,559.6
CASUAL_FOOTWEA_0028,Casual Footwear,1,66.7,105.9,6.5,73.2
CASUAL_FOOTWEA_0029,Casual Footwear,2,82.3,206.7,25.8,190.4
CASUAL_FOOTWEA_0030,Casual Footwear,30,120.2,133.4,31.5,730.0
CASUAL_FOOTWEA_0031,Casual Footwear,46,40.4,246.2,19.5,730.0
CASUAL_FOOTWEA_0032,Casual Footwear,1,21.7,63.2,30.6,52.3
CASUAL_FOOTWEA_0033,Casual Footwear,7,170.6,365.0,24.7,730.0
CASUAL_FOOTWEA_0034,Casual Footwear,0,,,,
CASUAL_FOOTWEA_0035,Casual Footwear,60,41.1,193.0,18.9,730.0
CASUAL_FOOTWEA_0036,Casual Footwear,20,34.2,56.4,36.8,720.1
CASUAL_FOOTWEA_0037,Casual Footwear,6,139.4,365.0,84.7,730.0
CASUAL_FOOTWEA_0038,Casual Footwear,88,47.1,54.7,39.6,730.0
CASUAL_FOOTWEA_0039,Casual Footwear,0,,,,
CASUAL_FOOTWEA_0040,Casual Footwear,8,102.6,248.1,21.1,730.0
CASUAL_FOOTWEA_0041,Casual Footwear,28,30.0,46.7,36.6,730.0
CASUAL_FOOTWEA_0042,Casual Footwear,12,30.9,39.9,16.3,386.6
CASUAL_FOOTWEA_0043,Casual Footwear,0,,,,
CASUAL_FOOTWEA_0044,Casual Footwear,1,117.3,359.2,18.8,136.1
CASUAL_FOOTWEA_0045,Casual Footwear,3,53.1,105.3,17.1,176.3
CASUAL_FOOTWEA_0046,Casual Footwear,6,63.2,79.8,26.4,405.4
CASUAL_FOOTWEA_0047,Casual Footwear,0,,,,
CASUAL_FOOTWEA_0048,Casual Footwear,0,,,,
CASUAL_FOOTWEA_0049,Casual Footwear,0,,,,
CASUAL_FOOTWEA_0050,Casual Footwear,1,104.6,365.0,21.5,126.1
CASUAL_FOOTWEA_0051,Casual Footwear,19,29.4,83.3,4.1,562.9
CASUAL_FOOTWEA_0052,Casual Footwear,0,,,,
CASUAL_FOOTWEA_0053,Casual Footwear,4,168.6,365.0,15.6,690.0
CASUAL_FOOTWEA_0054,Casual Footwear,7,55.0,62.4,28.1,413.1
CASUAL_FOOTWEA_0055,Casual Footwear,11,57.6,101.1,28.1,662.0
CASUAL_FOOTWEA_0056,Casual Footwear,2,64.8,226.4,6.9,136.6
CASUAL_FOOTWEA_0057,Casual Footwear,3,112.0,365.0,24.5,360.6
CASUAL_FOOTWEA_0058,Casual Footwear,0,,,,
CASUAL_FOOTWEA_0059,Casual Footwear,0,,,,
CASUAL_FOOTWEA_0060,Casual Footwear,1,26.7,75.6,24.0,50.7
CASUAL_FOOTWEA_0061,Casual Footwear,1,153.8,226.8,44.5,198.3
CASUAL_FOOTWEA_0062,Casual Footwear,35,46.3,67.7,20.3,730.0
CASUAL_FOOTWEA_0063,Casual Footwear,5,106.5,176.7,25.9,558.3
CASUAL_FOOTWEA_0064,Casual Footwear,1,278.9,365.0,38.4,317.3
CASUAL_FOOTWEA_0065,Casual Footwear,2,102.8,256.0,8.0,213.6
CASUAL_FOOTWEA_0066,Casual Footwear,0,,,,
CASUAL_FOOTWEA_0067,Casual Footwear,2,31.4,75.5,9.9,72.6
CASUAL_FOOTWEA_0068,Casual Footwear,1,74.6,246.1,15.8,90.4
CASUAL_FOOTWEA_0069,Casual Footwear,6,101.3,137.4,52.9,660.7
CASUAL_FOOTWEA_0070,Casual Footwear,22,46.8,86.0,18.2,730.0
CASUAL_FOOTWEA_0071,Casual Footwear,2,47.4,88.3,17.5,112.2
CASUAL_FOOTWEA_0072,Casual Footwear,4,32.0,143.8,18.3,146.1
CASUAL_FOOTWEA_0073,Casual Footwear,1,72.3,217.8,28.7,101.0
CASUAL_FOOTWEA_0074,Casual Footwear,30,141.2,278.1,25.2,730.0
CASUAL_FOOTWEA_0075,Casual Footwear,0,,,,
CASUAL_FOOTWEA_0076,Casual Footwear,119,28.6,61.4,20.3,730.0
CASUAL_FOOTWEA_0077,Casual Footwear,2,78.2,336.9,11.0,167.4
CASUAL_FOOTWEA_0078,Casual Footwear,1,191.5,365.0,95.3,286.8
CASUAL_FOOTWEA_0079,Casual Footwear,13,151.1,365.0,13.2,730.0
CASUAL_FOOTWEA_0080,Casual Footwear,0,,,,
CASUAL_FOOTWEA_0081,Casual Footwear,86,42.8,85.0,28.9,730.0
CASUAL_FOOTWEA_0082,Casual Footwear,1,68.4,93.6,84.6,153.0
CASUAL_FOOTWEA_0083,Casual Footwear,0,,,,
CASUAL_FOOTWEA_0084,Casual Footwear,44,112.1,365.0,18.5,730.0
CASUAL_FOOTWEA_0085,Casual Footwear,1,207.2,249.5,51.2,258.4
CASUAL_FOOTWEA_0086,Casual Footwear,241,66.2,77.0,9.0,730.0
CASUAL_FOOTWEA_0087,Casual Footwear,1,181.5,365.0,22.2,203.6
CASUAL_FOOTWEA_0088,Casual Footwear,7,120.8,217.9,46.0,730.0
CASUAL_FOOTWEA_0089,Casual Footwear,118,60.3,128.0,17.1,730.0
CASUAL_FOOTWEA_0090,Casual Footwear,19,41.5,97.6,12.6,730.0
CASUAL_FOOTWEA_0091,Casual Footwear,1,47.1,87.9,13.2,60.3
CASUAL_FOOTWEA_0092,Casual Footwear,0,,,,
CASUAL_FOOTWEA_0093,Casual Footwear,21,33.8,77.7,11.2,721.3
CASUAL_FOOTWEA_0094,Casual Footwear,0,,,,
CASUAL_FOOTWEA_0095,Casual Footwear,229,84.6,131.4,18.4,730.0
CASUAL_FOOTWEA_0096,Casual Footwear,1,92.1,135.9,6.4,98.5
CASUAL_FOOTWEA_0097,Casual Footwear,5,83.1,346.2,12.6,428.1
CASUAL_FOOTWEA_0098,Casual Footwear,4,117.5,178.6,12.3,482.4
CASUAL_FOOTWEA_0099,Casual Footwear,1,103.7,268.6,18.0,121.7
CASUAL_FOOTWEA_0100,Casual Footwear,0,,,,
CASUAL_FOOTWEA_0101,Casual Footwear,3,261.2,365.0,54.6,730.0
CASUAL_FOOTWEA_0102,Casual Footwear,55,79.8,95.0,9.9,730.0
CASUAL_FOOTWEA_0103,Casual Footwear,0,,,,
CASUAL_FOOTWEA_0104,Casual Footwear,1,16.8,41.7,22.1,38.9
CASUAL_FOOTWEA_0105,Casual Footwear,2,63.0,324.5,20.8,146.8
CASUAL_FOOTWEA_0106,Casual Footwear,6,44.8,197.3,18.3,287.1
CASUAL_FOOTWEA_0107,Casual Footwear,0,,,,
CASUAL_FOOTWEA_0108,Casual Footwear,324,87.3,206.3,20.5,730.0
CASUAL_FOOTWEA_0109,Casual Footwear,104,151.9,365.0,8.0,730.0
CASUAL_FOOTWEA_0110,Casual Footwear,1,142.6,365.0,12.4,155.0
CASUAL_FOOTWEA_0111,Casual Footwear,0,,,,
HELMETS_AND_PR_0001,Helmets & Protection,1,180.5,365.0,44.7,225.3
HELMETS_AND_PR_0002,Helmets & Protection,10,96.7,135.5,13.4,730.0
HELMETS_AND_PR_0003,Helmets & Protection,7,166.0,213.4,11.8,730.0
HELMETS_AND_PR_0004,Helmets & Protection,1,71.5,173.0,16.8,88.3
HELMETS_AND_PR_0005,Helmets & Protection,1,106.7,245.7,135.6,242.3
HELMETS_AND_PR_0006,Helmets & Protection,0,,,,
HELMETS_AND_PR_0007,Helmets & Protection,2,109.6,201.7,14.7,233.9
HELMETS_AND_PR_0008,Helmets & Protection,0,,,,
HELMETS_AND_PR_0009,Helmets & Protection,1,77.7,102.8,91.7,169.4
HELMETS_AND_PR_0010,Helmets & Protection,150,213.8,365.0,23.7,730.0
HELMETS_AND_PR_0011,Helmets & Protection,55,156.4,365.0,15.4,730.0
HELMETS_AND_PR_0012,Helmets & Protection,3,365.0,365.0,138.0,730.0
HELMETS_AND_PR_0013,Helmets & Protection,0,,,,
HELMETS_AND_PR_0014,Helmets & Protection,0,,,,
HELMETS_AND_PR_0015,Helmets & Protection,2,61.4,291.7,31.6,154.5
HELMETS_AND_PR_0016,Helmets & Protection,24,43.8,95.2,8.1,730.0
HELMETS_AND_PR_0017,Helmets & Protection,6,151.6,339.4,12.4,730.0
HELMETS_AND_PR_0018,Helmets & Protection,2,156.9,198.0,10.4,324.2
HELMETS_AND_PR_0019,Helmets & Protection,1,80.7,123.7,70.4,151.1
HELMETS_AND_PR_0020,Helmets & Protection,134,84.4,273.9,7.1,730.0
HELMETS_AND_PR_0021,Helmets & Protection,1,100.6,194.5,172.7,273.2
HELMETS_AND_PR_0022,Helmets & Protection,4,103.5,365.0,11.9,425.8
HELMETS_AND_PR_0023,Helmets & Protection,11,36.2,58.5,18.7,417.4
HELMETS_AND_PR_0024,Helmets & Protection,1,64.7,216.3,41.7,106.5
HELMETS_AND_PR_0025,Helmets & Protection,15,81.1,136.6,3.7,730.0
HELMETS_AND_PR_0026,Helmets & Protection,5,178.0,365.0,99.0,730.0
HELMETS_AND_PR_0027,Helmets & Protection,2,164.5,365.0,26.8,355.8
HELMETS_AND_PR_0028,Helmets & Protection,7,127.0,161.3,27.7,730.0
HELMETS_AND_PR_0029,Helmets & Protection,0,,,,
HELMETS_AND_PR_0030,Helmets & Protection,0,,,,
HELMETS_AND_PR_0031,Helmets & Protection,10,57.9,112.0,51.6,630.6
HELMETS_AND_PR_0032,Helmets & Protection,0,,,,
HELMETS_AND_PR_0033,Helmets & Protection,87,67.2,77.2,24.0,730.0
HELMETS_AND_PR_0034,Helmets & Protection,0,,,,
HELMETS_AND_PR_0035,Helmets & Protection,18,67.4,78.8,19.9,730.0
HELMETS_AND_PR_0036,Helmets & Protection,5,65.4,192.7,31.2,358.2
HELMETS_AND_PR_0037,Helmets & Protection,1,204.1,342.7,80.7,284.8
HELMETS_AND_PR_0038,Helmets & Protection,2,55.1,124.0,35.0,145.2
HELMETS_AND_PR_0039,Helmets & Protection,10,92.1,306.3,18.5,730.0
HELMETS_AND_PR_0040,Helmets & Protection,17,50.0,55.0,36.7,730.0
HELMETS_AND_PR_0041,Helmets & Protection,14,57.4,219.9,19.0,730.0
HELMETS_AND_PR_0042,Helmets & Protection,0,,,,
HELMETS_AND_PR_0043,Helmets & Protection,4,112.2,172.7,76.7,525.3
HELMETS_AND_PR_0044,Helmets & Protection,1,136.5,365.0,100.9,237.4
HELMETS_AND_PR_0045,Helmets & Protection,0,,,,
HELMETS_AND_PR_0046,Helmets & Protection,0,,,,
HELMETS_AND_PR_0047,Helmets & Protection,1,89.5,112.2,116.0,205.5
HELMETS_AND_PR_0048,Helmets & Protection,7,117.7,276.6,13.4,730.0
HELMETS_AND_PR_0049,Helmets & Protection,212,56.9,96.0,30.5,730.0
HELMETS_AND_PR_0050,Helmets & Protection,1,47.4,71.9,17.0,64.5
HELMETS_AND_PR_0051,Helmets & Protection,1,27.9,122.2,6.3,34.2
HELMETS_AND_PR_0052,Helmets & Protection,7,117.5,365.0,18.6,730.0
HELMETS_AND_PR_0053,Helmets & Protection,158,58.0,124.5,14.8,730.0
HELMETS_AND_PR_0054,Helmets & Protection,0,,,,
HELMETS_AND_PR_0055,Helmets & Protection,0,,,,
HELMETS_AND_PR_0056,Helmets & Protection,1,28.9,50.5,10.0,38.9
HELMETS_AND_PR_0057,Helmets & Protection,0,,,,
HELMETS_AND_PR_0058,Helmets & Protection,1,82.1,365.0,18.9,101.0
HELMETS_AND_PR_0059,Helmets & Protection,10,88.1,192.2,19.4,730.0
HELMETS_AND_PR_0060,Helmets & Protection,0,,,,
HELMETS_AND_PR_0061,Helmets & Protection,48,130.5,198.2,9.9,730.0
HELMETS_AND_PR_0062,Helmets & Protection,1,40.1,44.1,13.5,53.6
HELMETS_AND_PR_0063,Helmets & Protection,7,95.4,165.3,7.3,675.1
HELMETS_AND_PR_0064,Helmets & Protection,0,,,,
HELMETS_AND_PR_0065,Helmets & Protection,4,67.2,179.2,18.5,287.2
HELMETS_AND_PR_0066,Helmets & Protection,0,,,,
HELMETS_AND_PR_0067,Helmets & Protection,5,57.1,249.5,11.8,297.1
HELMETS_AND_PR_0068,Helmets & Protection,6,114.7,241.0,24.0,712.4
HELMETS_AND_PR_0069,Helmets & Protection,0,,,,
HELMETS_AND_PR_0070,Helmets & Protection,6,56.7,365.0,6.5,346.8
HELMETS_AND_PR_0071,Helmets & Protection,1,51.7,280.9,20.0,71.7
HELMETS_AND_PR_0072,Helmets & Protection,5,182.2,365.0,28.4,730.0
HELMETS_AND_PR_0073,Helmets & Protection,9,139.7,272.1,12.0,730.0
HELMETS_AND_PR_0074,Helmets & Protection,0,,,,
HELMETS_AND_PR_0075,Helmets & Protection,1,134.1,365.0,18.3,152.4
HELMETS_AND_PR_0076,Helmets & Protection,0,,,,
HELMETS_AND_PR_0077,Helmets & Protection,5,39.7,163.7,11.3,209.9
HELMETS_AND_PR_0078,Helmets & Protection,1,201.6,365.0,91.2,292.7
HELMETS_AND_PR_0079,Helmets & Protection,26,68.3,210.2,57.0,730.0
HELMETS_AND_PR_0080,Helmets & Protection,1,67.5,128.7,58.0,125.5
HELMETS_AND_PR_0081,Helmets & Protection,1,122.1,151.2,101.9,224.0
HELMETS_AND_PR_0082,Helmets & Protection,14,100.0,304.0,44.4,730.0
GOGGLES_AND_EY_0001,Goggles & Eyewear,12,41.0,78.4,31.0,522.7
GOGGLES_AND_EY_0002,Goggles & Eyewear,14,92.1,219.3,14.2,730.0
GOGGLES_AND_EY_0003,Goggles & Eyewear,1,165.9,182.5,37.0,202.9
GOGGLES_AND_EY_0004,Goggles & Eyewear,2,69.7,76.6,37.5,176.9
GOGGLES_AND_EY_0005,Goggles & Eyewear,8,88.8,322.7,30.0,730.0
GOGGLES_AND_EY_0006,Goggles & Eyewear,9,56.8,135.5,63.9,575.1
GOGGLES_AND_EY_0007,Goggles & Eyewear,10,192.1,365.0,69.9,730.0
GOGGLES_AND_EY_0008,Goggles & Eyewear,7,63.6,172.5,10.1,455.6
GOGGLES_AND_EY_0009,Goggles & Eyewear,20,142.8,365.0,29.7,730.0
GOGGLES_AND_EY_0010,Goggles & Eyewear,0,,,,
GOGGLES_AND_EY_0011,Goggles & Eyewear,1,38.7,108.5,24.9,63.6
GOGGLES_AND_EY_0012,Goggles & Eyewear,25,58.4,65.9,16.4,730.0
GOGGLES_AND_EY_0013,Goggles & Eyewear,2,41.9,160.6,19.6,103.5
GOGGLES_AND_EY_0014,Goggles & Eyewear,28,33.3,116.7,17.0,730.0
GOGGLES_AND_EY_0015,Goggles & Eyewear,27,75.8,323.7,15.4,730.0
GOGGLES_AND_EY_0016,Goggles & Eyewear,0,,,,
GOGGLES_AND_EY_0017,Goggles & Eyewear,0,,,,
GOGGLES_AND_EY_0018,Goggles & Eyewear,5,129.1,238.4,36.8,682.6
GOGGLES_AND_EY_0019,Goggles & Eyewear,0,,,,
GOGGLES_AND_EY_0020,Goggles & Eyewear,0,,,,
GOGGLES_AND_EY_0021,Goggles & Eyewear,9,110.8,310.8,102.4,730.0
GOGGLES_AND_EY_0022,Goggles & Eyewear,1,107.1,196.0,75.3,182.4
GOGGLES_AND_EY_0023,Goggles & Eyewear,0,,,,
GOGGLES_AND_EY_0024,Goggles & Eyewear,37,31.6,57.1,11.6,730.0
GOGGLES_AND_EY_0025,Goggles & Eyewear,0,,,,
GOGGLES_AND_EY_0026,Goggles & Eyewear,5,23.9,42.8,13.4,133.1
GOGGLES_AND_EY_0027,Goggles & Eyewear,1,105.0,288.5,35.0,140.0
GOGGLES_AND_EY_0028,Goggles & Eyewear,27,24.5,70.3,14.4,675.7
GOGGLES_AND_EY_0029,Goggles & Eyewear,10,87.5,267.4,43.1,730.0
GOGGLES_AND_EY_0030,Goggles & Eyewear,1,268.5,365.0,164.2,432.7
GOGGLES_AND_EY_0031,Goggles & Eyewear,23,188.2,365.0,4.5,730.0
GOGGLES_AND_EY_0032,Goggles & Eyewear,0,,,,
GOGGLES_AND_EY_0033,Goggles & Eyewear,5,184.0,365.0,12.8,730.0
GOGGLES_AND_EY_0034,Goggles & Eyewear,1,87.8,148.8,16.7,104.5
GOGGLES_AND_EY_0035,Goggles & Eyewear,1,47.9,57.2,12.3,60.2
GOGGLES_AND_EY_0036,Goggles & Eyewear,0,,,,
GOGGLES_AND_EY_0037,Goggles & Eyewear,1,59.8,65.7,20.7,80.5
GOGGLES_AND_EY_0038,Goggles & Eyewear,5,75.0,123.1,16.1,391.1
GOGGLES_AND_EY_0039,Goggles & Eyewear,18,93.7,138.1,13.1,730.0
GOGGLES_AND_EY_0040,Goggles & Eyewear,1,201.6,365.0,59.5,261.1
GOGGLES_AND_EY_0041,Goggles & Eyewear,1,210.5,365.0,35.7,246.2
GOGGLES_AND_EY_0042,Goggles & Eyewear,1,102.7,112.9,33.1,135.7
GOGGLES_AND_EY_0043,Goggles & Eyewear,2,51.6,134.4,18.5,121.7
GOGGLES_AND_EY_0044,Goggles & Eyewear,1,60.4,123.9,27.3,87.7
GOGGLES_AND_EY_0045,Goggles & Eyewear,0,,,,
GOGGLES_AND_EY_0046,Goggles & Eyewear,5,101.7,365.0,8.9,517.2
GOGGLES_AND_EY_0047,Goggles & Eyewear,1,181.3,352.7,113.3,294.6
GOGGLES_AND_EY_0048,Goggles & Eyewear,0,,,,
GOGGLES_AND_EY_0049,Goggles & Eyewear,3,248.6,365.0,152.9,730.0
GOGGLES_AND_EY_0050,Goggles & Eyewear,9,86.8,295.3,8.2,730.0
GOGGLES_AND_EY_0051,Goggles & Eyewear,13,42.6,164.9,25.1,578.5
GOGGLES_AND_EY_0052,Goggles & Eyewear,61,37.5,129.3,19.2,730.0
GOGGLES_AND_EY_0053,Goggles & Eyewear,2,49.0,102.9,22.3,120.2
GOGGLES_AND_EY_0054,Goggles & Eyewear,24,64.7,154.7,12.2,730.0
GOGGLES_AND_EY_0055,Goggles & Eyewear,45,23.6,36.3,25.9,730.0
GOGGLES_AND_EY_0056,Goggles & Eyewear,110,48.7,117.2,22.5,730.0
GOGGLES_AND_EY_0057,Goggles & Eyewear,4,41.3,58.4,22.7,187.9
GOGGLES_AND_EY_0058,Goggles & Eyewear,4,26.3,54.7,14.3,119.6
GOGGLES_AND_EY_0059,Goggles & Eyewear,5,30.7,62.8,14.5,167.8
GOGGLES_AND_EY_0060,Goggles & Eyewear,21,38.6,109.7,27.5,730.0
GOGGLES_AND_EY_0061,Goggles & Eyewear,0,,,,
GOGGLES_AND_EY_0062,Goggles & Eyewear,6,75.3,82.8,8.5,460.0
GOGGLES_AND_EY_0063,Goggles & Eyewear,30,41.9,75.3,16.0,730.0
GOGGLES_AND_EY_0064,Goggles & Eyewear,1,97.8,308.9,18.6,116.5
GOGGLES_AND_EY_0065,Goggles & Eyewear,1,286.2,365.0,85.2,371.5
GOGGLES_AND_EY_0066,Goggles & Eyewear,4,113.3,323.7,12.9,466.2
GOGGLES_AND_EY_0067,Goggles & Eyewear,1,91.9,341.4,10.0,101.9
GOGGLES_AND_EY_0068,Goggles & Eyewear,2,122.4,272.3,6.1,251.0
GOGGLES_AND_EY_0069,Goggles & Eyewear,1,267.9,365.0,64.7,332.7
GOGGLES_AND_EY_0070,Goggles & Eyewear,1,253.5,365.0,19.1,272.5
GOGGLES_AND_EY_0071,Goggles & Eyewear,2,140.8,365.0,82.3,364.0
GOGGLES_AND_EY_0072,Goggles & Eyewear,7,46.1,123.3,15.9,338.9
GOGGLES_AND_EY_0073,Goggles & Eyewear,0,,,,
GOGGLES_AND_EY_0074,Goggles & Eyewear,0,,,,
GOGGLES_AND_EY_0075,Goggles & Eyewear,4,67.0,117.8,10.4,278.5
GOGGLES_AND_EY_0076,Goggles & Eyewear,3,35.1,175.7,32.6,137.8
GOGGLES_AND_EY_0077,Goggles & Eyewear,8,126.1,365.0,174.6,730.0
GOGGLES_AND_EY_0078,Goggles & Eyewear,1,45.0,146.0,33.6,78.6
GOGGLES_AND_EY_0079,Goggles & Eyewear,2,21.3,49.9,23.6,66.2
GOGGLES_AND_EY_0080,Goggles & Eyewear,0,,,,
GOGGLES_AND_EY_0081,Goggles & Eyewear,5,167.5,365.0,25.7,730.0
GOGGLES_AND_EY_0082,Goggles & Eyewear,9,211.4,365.0,38.1,730.0
GOGGLES_AND_EY_0083,Goggles & Eyewear,1,46.7,183.6,14.0,60.7
GOGGLES_AND_EY_0084,Goggles & Eyewear,1,79.5,214.1,17.3,96.8
GOGGLES_AND_EY_0085,Goggles & Eyewear,0,,,,
GOGGLES_AND_EY_0086,Goggles & Eyewear,13,88.9,192.8,19.3,730.0
GOGGLES_AND_EY_0087,Goggles & Eyewear,1,102.6,112.9,23.1,125.7
GOGGLES_AND_EY_0088,Goggles & Eyewear,0,,,,
GOGGLES_AND_EY_0089,Goggles & Eyewear,0,,,,
GOGGLES_AND_EY_0090,Goggles & Eyewear,1,39.2,88.6,15.5,54.8
GOGGLES_AND_EY_0091,Goggles & Eyewear,1,73.6,365.0,22.7,96.3
GOGGLES_AND_EY_0092,Goggles & Eyewear,21,49.4,111.8,4.9,730.0
GOGGLES_AND_EY_0093,Goggles & Eyewear,2,23.5,61.6,23.4,70.4
GOGGLES_AND_EY_0094,Goggles & Eyewear,5,85.2,261.8,33.2,459.1
GOGGLES_AND_EY_0095,Goggles & Eyewear,14,209.2,365.0,17.7,730.0
GOGGLES_AND_EY_0096,Goggles & Eyewear,3,135.5,357.2,19.1,425.6
GOGGLES_AND_EY_0097,Goggles & Eyewear,0,,,,
GOGGLES_AND_EY_0098,Goggles & Eyewear,0,,,,
GOGGLES_AND_EY_0099,Goggles & Eyewear,10,82.1,245.3,9.2,730.0
GOGGLES_AND_EY_0100,Goggles & Eyewear,1,103.3,365.0,55.7,158.9
GOGGLES_AND_EY_0101,Goggles & Eyewear,18,346.9,365.0,46.8,730.0
GOGGLES_AND_EY_0102,Goggles & Eyewear,3,52.6,139.5,35.6,193.4
GOGGLES_AND_EY_0103,Goggles & Eyewear,42,27.7,48.3,28.5,730.0
GOGGLES_AND_EY_0104,Goggles & Eyewear,1,71.6,143.6,15.3,86.9
GOGGLES_AND_EY_0105,Goggles & Eyewear,1,115.9,365.0,42.6,158.5
GOGGLES_AND_EY_0106,Goggles & Eyewear,4,51.0,97.7,23.5,227.4
GOGGLES_AND_EY_0107,Goggles & Eyewear,41,42.2,65.5,8.8,730.0
GOGGLES_AND_EY_0108,Goggles & Eyewear,1,178.8,365.0,22.7,201.4
GOGGLES_AND_EY_0109,Goggles & Eyewear,3,330.6,365.0,51.0,730.0
GOGGLES_AND_EY_0110,Goggles & Eyewear,1,365.0,365.0,31.9,396.9
GOGGLES_AND_EY_0111,Goggles & Eyewear,0,,,,
GOGGLES_AND_EY_0112,Goggles & Eyewear,2,119.0,309.7,24.0,262.1
GOGGLES_AND_EY_0113,Goggles & Eyewear,0,,,,
GOGGLES_AND_EY_0114,Goggles & Eyewear,12,27.4,61.4,27.7,356.7
GOGGLES_AND_EY_0115,Goggles & Eyewear,0,,,,
GOGGLES_AND_EY_0116,Goggles & Eyewear,1,103.7,173.5,46.6,150.3
GOGGLES_AND_EY_0117,Goggles & Eyewear,1,41.3,78.5,28.7,69.9
GOGGLES_AND_EY_0118,Goggles & Eyewear,6,138.7,152.6,20.2,730.0
GOGGLES_AND_EY_0119,Goggles & Eyewear,0,,,,
GOGGLES_AND_EY_0120,Goggles & Eyewear,7,84.0,125.0,20.6,608.5
GOGGLES_AND_EY_0121,Goggles & Eyewear,1,336.9,365.0,27.0,364.0
GOGGLES_AND_EY_0122,Goggles & Eyewear,4,121.7,290.4,16.3,503.0
GOGGLES_AND_EY_0123,Goggles & Eyewear,2,355.8,365.0,41.5,730.0
GOGGLES_AND_EY_0124,Goggles & Eyewear,2,31.7,76.1,35.2,98.7
GOGGLES_AND_EY_0125,Goggles & Eyewear,1,110.4,245.5,13.4,123.8
GOGGLES_AND_EY_0126,Goggles & Eyewear,2,89.8,148.1,23.0,202.6
GOGGLES_AND_EY_0127,Goggles & Eyewear,6,102.1,277.3,11.3,624.1
GOGGLES_AND_EY_0128,Goggles & Eyewear,0,,,,
GOGGLES_AND_EY_0129,Goggles & Eyewear,7,50.6,318.8,15.6,369.8
GOGGLES_AND_EY_0130,Goggles & Eyewear,0,,,,
GOGGLES_AND_EY_0131,Goggles & Eyewear,0,,,,
GOGGLES_AND_EY_0132,Goggles & Eyewear,0,,,,
GOGGLES_AND_EY_0133,Goggles & Eyewear,0,,,,
GOGGLES_AND_EY_0134,Goggles & Eyewear,13,21.2,28.7,16.1,292.3
GOGGLES_AND_EY_0135,Goggles & Eyewear,27,14.8,24.6,30.9,431.4
GOGGLES_AND_EY_0136,Goggles & Eyewear,2,77.8,232.1,10.5,166.2
GOGGLES_AND_EY_0137,Goggles & Eyewear,0,,,,
GOGGLES_AND_EY_0138,Goggles & Eyewear,3,122.4,181.7,67.9,435.0
GOGGLES_AND_EY_0139,Goggles & Eyewear,0,,,,
GOGGLES_AND_EY_0140,Goggles & Eyewear,7,208.1,365.0,44.0,730.0
GOGGLES_AND_EY_0141,Goggles & Eyewear,1,14.7,61.7,29.6,44.3
GOGGLES_AND_EY_0142,Goggles & Eyewear,5,197.7,264.2,39.1,730.0
GOGGLES_AND_EY_0143,Goggles & Eyewear,8,58.1,71.3,14.1,478.6
GOGGLES_AND_EY_0144,Goggles & Eyewear,1,86.3,173.8,18.4,104.7
GOGGLES_AND_EY_0145,Goggles & Eyewear,13,56.7,228.0,28.9,730.0
GOGGLES_AND_EY_0146,Goggles & Eyewear,1,57.6,77.9,9.1,66.7
GOGGLES_AND_EY_0147,Goggles & Eyewear,0,,,,
GOGGLES_AND_EY_0148,Goggles & Eyewear,1,61.2,202.5,30.0,91.2
GOGGLES_AND_EY_0149,Goggles & Eyewear,0,,,,
GOGGLES_AND_EY_0150,Goggles & Eyewear,0,,,,
GOGGLES_AND_EY_0151,Goggles & Eyewear,1,82.0,227.8,9.4,91.4
GOGGLES_AND_EY_0152,Goggles & Eyewear,1,86.7,156.8,47.2,133.9
GOGGLES_AND_EY_0153,Goggles & Eyewear,9,17.2,108.3,11.1,166.3
GOGGLES_AND_EY_0154,Goggles & Eyewear,67,109.0,277.8,29.9,730.0
GOGGLES_AND_EY_0155,Goggles & Eyewear,6,165.3,365.0,16.8,730.0
GOGGLES_AND_EY_0156,Goggles & Eyewear,0,,,,
GOGGLES_AND_EY_0157,Goggles & Eyewear,0,,,,
GOGGLES_AND_EY_0158,Goggles & Eyewear,61,91.8,361.4,51.6,730.0
GOGGLES_AND_EY_0159,Goggles & Eyewear,0,,,,
GLOVES_AND_HAN_0001,Gloves & Handwear,1,7.9,8.7,17.9,25.9
GLOVES_AND_HAN_0002,Gloves & Handwear,2,91.9,355.2,37.0,220.8
GLOVES_AND_HAN_0003,Gloves & Handwear,0,,,,
GLOVES_AND_HAN_0004,Gloves & Handwear,7,17.8,22.6,18.7,143.7
GLOVES_AND_HAN_0005,Gloves & Handwear,1,38.2,113.2,6.3,44.5
GLOVES_AND_HAN_0006,Gloves & Handwear,3,62.5,254.9,44.9,232.2
GLOVES_AND_HAN_0007,Gloves & Handwear,0,,,,
GLOVES_AND_HAN_0008,Gloves & Handwear,28,40.7,126.2,13.8,730.0
GLOVES_AND_HAN_0009,Gloves & Handwear,0,,,,
GLOVES_AND_HAN_0010,Gloves & Handwear,1,78.1,259.4,11.0,89.1
GLOVES_AND_HAN_0011,Gloves & Handwear,2,72.0,168.9,17.5,161.6
GLOVES_AND_HAN_0012,Gloves & Handwear,6,36.9,49.5,10.5,231.9
GLOVES_AND_HAN_0013,Gloves & Handwear,33,118.4,130.3,39.0,730.0
GLOVES_AND_HAN_0014,Gloves & Handwear,8,28.2,54.0,28.5,254.3
GLOVES_AND_HAN_0015,Gloves & Handwear,3,172.7,365.0,15.2,533.3
GLOVES_AND_HAN_0016,Gloves & Handwear,1,88.1,180.6,16.4,104.5
GLOVES_AND_HAN_0017,Gloves & Handwear,0,,,,
GLOVES_AND_HAN_0018,Gloves & Handwear,20,55.8,61.3,12.0,730.0
GLOVES_AND_HAN_0019,Gloves & Handwear,1,123.4,365.0,13.4,136.8
GLOVES_AND_HAN_0020,Gloves & Handwear,0,,,,
GLOVES_AND_HAN_0021,Gloves & Handwear,2,130.6,176.4,18.4,279.6
GLOVES_AND_HAN_0022,Gloves & Handwear,2,33.6,64.7,36.1,103.2
GLOVES_AND_HAN_0023,Gloves & Handwear,2,45.4,197.5,3.9,94.7
GLOVES_AND_HAN_0024,Gloves & Handwear,0,,,,
GLOVES_AND_HAN_0025,Gloves & Handwear,4,35.5,71.1,19.3,161.1
GLOVES_AND_HAN_0026,Gloves & Handwear,1,104.2,272.7,20.3,124.6
GLOVES_AND_HAN_0027,Gloves & Handwear,0,,,,
GLOVES_AND_HAN_0028,Gloves & Handwear,1,56.7,119.3,18.9,75.6
GLOVES_AND_HAN_0029,Gloves & Handwear,0,,,,
GLOVES_AND_HAN_0030,Gloves & Handwear,2,166.6,351.8,14.1,347.3
GLOVES_AND_HAN_0031,Gloves & Handwear,1,35.9,138.2,30.8,66.7
GLOVES_AND_HAN_0032,Gloves & Handwear,0,,,,
GLOVES_AND_HAN_0033,Gloves & Handwear,1,107.8,263.7,9.0,116.8
GLOVES_AND_HAN_0034,Gloves & Handwear,5,9.0,10.0,27.4,72.6
GLOVES_AND_HAN_0035,Gloves & Handwear,3,55.8,229.3,17.7,185.0
GLOVES_AND_HAN_0036,Gloves & Handwear,4,37.3,59.5,15.6,164.8
GLOVES_AND_HAN_0037,Gloves & Handwear,11,55.7,105.5,13.4,626.1
GLOVES_AND_HAN_0038,Gloves & Handwear,4,106.3,365.0,15.3,440.7
GLOVES_AND_HAN_0039,Gloves & Handwear,1,20.3,141.8,10.7,31.1
GLOVES_AND_HAN_0040,Gloves & Handwear,1,90.0,132.5,22.4,112.4
GLOVES_AND_HAN_0041,Gloves & Handwear,0,,,,
GLOVES_AND_HAN_0042,Gloves & Handwear,4,159.9,365.0,16.8,656.2
GLOVES_AND_HAN_0043,Gloves & Handwear,0,,,,
GLOVES_AND_HAN_0044,Gloves & Handwear,3,77.5,175.4,8.7,241.3
GLOVES_AND_HAN_0045,Gloves & Handwear,3,32.3,76.2,19.4,116.3
GLOVES_AND_HAN_0046,Gloves & Handwear,19,34.0,72.8,23.7,669.1
GLOVES_AND_HAN_0047,Gloves & Handwear,2,58.6,248.6,18.3,135.4
GLOVES_AND_HAN_0048,Gloves & Handwear,1,60.0,118.2,11.3,71.3
GLOVES_AND_HAN_0049,Gloves & Handwear,1,60.2,74.5,26.9,87.1
GLOVES_AND_HAN_0050,Gloves & Handwear,1,102.2,200.3,6.6,108.8
GLOVES_AND_HAN_0051,Gloves & Handwear,0,,,,
GLOVES_AND_HAN_0052,Gloves & Handwear,0,,,,
GLOVES_AND_HAN_0053,Gloves & Handwear,0,,,,
GLOVES_AND_HAN_0054,Gloves & Handwear,0,,,,
GLOVES_AND_HAN_0055,Gloves & Handwear,12,21.9,25.6,19.2,282.3
GLOVES_AND_HAN_0056,Gloves & Handwear,4,38.3,62.3,17.0,170.4
GLOVES_AND_HAN_0057,Gloves & Handwear,0,,,,
GLOVES_AND_HAN_0058,Gloves & Handwear,0,,,,
GLOVES_AND_HAN_0059,Gloves & Handwear,2,87.5,251.5,21.2,196.2
GLOVES_AND_HAN_0060,Gloves & Handwear,0,,,,
GLOVES_AND_HAN_0061,Gloves & Handwear,1,10.4,27.7,20.6,31.0
GLOVES_AND_HAN_0062,Gloves & Handwear,1,62.0,144.9,12.8,74.8
GLOVES_AND_HAN_0063,Gloves & Handwear,1,62.7,225.5,13.1,75.8
GLOVES_AND_HAN_0064,Gloves & Handwear,1,135.9,314.7,7.5,143.4
GLOVES_AND_HAN_0065,Gloves & Handwear,0,,,,
GLOVES_AND_HAN_0066,Gloves & Handwear,0,,,,
GLOVES_AND_HAN_0067,Gloves & Handwear,6,13.2,14.6,10.5,89.9
GLOVES_AND_HAN_0068,Gloves & Handwear,1,48.0,71.5,28.0,76.0
GLOVES_AND_HAN_0069,Gloves & Handwear,12,24.8,32.7,18.2,316.0
GLOVES_AND_HAN_0070,Gloves & Handwear,5,42.9,126.3,17.5,232.1
GLOVES_AND_HAN_0071,Gloves & Handwear,12,26.4,116.8,27.1,343.6
GLOVES_AND_HAN_0072,Gloves & Handwear,2,14.2,25.4,13.1,41.6
GLOVES_AND_HAN_0073,Gloves & Handwear,1,57.0,95.7,10.3,67.3
GLOVES_AND_HAN_0074,Gloves & Handwear,8,84.6,329.2,14.7,691.4
GLOVES_AND_HAN_0075,Gloves & Handwear,6,38.7,96.2,41.6,273.9
GLOVES_AND_HAN_0076,Gloves & Handwear,15,38.0,83.4,21.0,591.5
GLOVES_AND_HAN_0077,Gloves & Handwear,46,104.0,286.3,25.3,730.0
GLOVES_AND_HAN_0078,Gloves & Handwear,1,53.7,111.9,14.4,68.2
GLOVES_AND_HAN_0079,Gloves & Handwear,2,102.7,232.5,15.2,220.6
GLOVES_AND_HAN_0080,Gloves & Handwear,0,,,,
GLOVES_AND_HAN_0081,Gloves & Handwear,4,31.6,99.8,14.0,140.5
GLOVES_AND_HAN_0082,Gloves & Handwear,9,171.6,365.0,10.7,730.0
GLOVES_AND_HAN_0083,Gloves & Handwear,0,,,,
GLOVES_AND_HAN_0084,Gloves & Handwear,1,44.8,239.6,15.6,60.4
GLOVES_AND_HAN_0085,Gloves & Handwear,22,15.0,41.2,18.0,348.0
GLOVES_AND_HAN_0086,Gloves & Handwear,0,,,,
GLOVES_AND_HAN_0087,Gloves & Handwear,2,35.0,95.3,15.6,85.7
GLOVES_AND_HAN_0088,Gloves & Handwear,16,124.7,137.2,16.4,730.0
GLOVES_AND_HAN_0089,Gloves & Handwear,5,57.9,130.1,18.4,307.8
GLOVES_AND_HAN_0090,Gloves & Handwear,1,67.5,365.0,14.7,82.1
GLOVES_AND_HAN_0091,Gloves & Handwear,6,137.5,365.0,25.0,730.0
GLOVES_AND_HAN_0092,Gloves & Handwear,2,49.1,132.8,40.0,138.3
GLOVES_AND_HAN_0093,Gloves & Handwear,9,119.9,131.9,11.5,730.0
GLOVES_AND_HAN_0094,Gloves & Handwear,1,20.4,70.2,4.7,25.1
GLOVES_AND_HAN_0095,Gloves & Handwear,70,65.7,176.1,24.5,730.0
GLOVES_AND_HAN_0096,Gloves & Handwear,1,39.5,61.1,72.3,111.7
GLOVES_AND_HAN_0097,Gloves & Handwear,3,111.9,334.4,33.5,369.3
GLOVES_AND_HAN_0098,Gloves & Handwear,0,,,,
GLOVES_AND_HAN_0099,Gloves & Handwear,4,79.4,156.7,21.7,339.2
GLOVES_AND_HAN_0100,Gloves & Handwear,0,,,,
GLOVES_AND_HAN_0101,Gloves & Handwear,2,260.8,286.9,8.1,529.7
GLOVES_AND_HAN_0102,Gloves & Handwear,42,36.6,41.3,13.0,730.0
GLOVES_AND_HAN_0103,Gloves & Handwear,23,23.0,35.3,12.3,541.1
GLOVES_AND_HAN_0104,Gloves & Handwear,2,63.4,179.4,16.7,143.4
GLOVES_AND_HAN_0105,Gloves & Handwear,1,67.0,118.1,25.3,92.3
GLOVES_AND_HAN_0106,Gloves & Handwear,8,66.4,236.3,32.3,563.6
GLOVES_AND_HAN_0107,Gloves & Handwear,2,76.2,94.3,15.1,167.5
GLOVES_AND_HAN_0108,Gloves & Handwear,6,100.1,306.6,25.1,625.8
GLOVES_AND_HAN_0109,Gloves & Handwear,1,39.2,80.3,37.0,76.2
GLOVES_AND_HAN_0110,Gloves & Handwear,1,45.2,119.7,45.0,90.3
GLOVES_AND_HAN_0111,Gloves & Handwear,16,36.2,44.6,13.0,592.8
GLOVES_AND_HAN_0112,Gloves & Handwear,2,65.6,126.6,11.1,142.4
GLOVES_AND_HAN_0113,Gloves & Handwear,0,,,,
GLOVES_AND_HAN_0114,Gloves & Handwear,3,22.3,85.6,8.6,75.6
GLOVES_AND_HAN_0115,Gloves & Handwear,0,,,,
GLOVES_AND_HAN_0116,Gloves & Handwear,3,48.7,142.0,21.0,166.9
GLOVES_AND_HAN_0117,Gloves & Handwear,0,,,,
GLOVES_AND_HAN_0118,Gloves & Handwear,7,36.6,117.4,52.9,309.4
GLOVES_AND_HAN_0119,Gloves & Handwear,0,,,,
GLOVES_AND_HAN_0120,Gloves & Handwear,11,33.5,36.9,6.1,374.9
GLOVES_AND_HAN_0121,Gloves & Handwear,3,77.9,142.1,30.1,263.7
GLOVES_AND_HAN_0122,Gloves & Handwear,0,,,,
GLOVES_AND_HAN_0123,Gloves & Handwear,0,,,,
GLOVES_AND_HAN_0124,Gloves & Handwear,0,,,,
GLOVES_AND_HAN_0125,Gloves & Handwear,1,54.0,93.3,60.1,114.1
GLOVES_AND_HAN_0126,Gloves & Handwear,0,,,,
GLOVES_AND_HAN_0127,Gloves & Handwear,0,,,,
GLOVES_AND_HAN_0128,Gloves & Handwear,0,,,,
GLOVES_AND_HAN_0129,Gloves & Handwear,0,,,,
GLOVES_AND_HAN_0130,Gloves & Handwear,11,71.5,166.0,15.1,730.0
GLOVES_AND_HAN_0131,Gloves & Handwear,1,73.2,172.3,6.7,79.9
HYDRATION_AND__0001,Hydration & Nutrition,1,89.7,245.7,11.3,101.0
HYDRATION_AND__0002,Hydration & Nutrition,7,19.9,26.7,9.1,148.4
HYDRATION_AND__0003,Hydration & Nutrition,21,12.9,26.1,10.9,282.4
HYDRATION_AND__0004,Hydration & Nutrition,0,,,,
HYDRATION_AND__0005,Hydration & Nutrition,8,28.3,38.9,18.9,245.2
HYDRATION_AND__0006,Hydration & Nutrition,7,26.4,30.1,43.4,228.6
HYDRATION_AND__0007,Hydration & Nutrition,14,29.4,63.4,11.2,422.4
HYDRATION_AND__0008,Hydration & Nutrition,0,,,,
HYDRATION_AND__0009,Hydration & Nutrition,72,78.7,356.5,10.4,730.0
HYDRATION_AND__0010,Hydration & Nutrition,3,54.8,80.3,11.8,176.3
HYDRATION_AND__0011,Hydration & Nutrition,0,,,,
HYDRATION_AND__0012,Hydration & Nutrition,2,61.9,95.9,19.5,143.4
HYDRATION_AND__0013,Hydration & Nutrition,2,10.8,30.4,13.7,35.3
HYDRATION_AND__0014,Hydration & Nutrition,0,,,,
HYDRATION_AND__0015,Hydration & Nutrition,0,,,,
HYDRATION_AND__0016,Hydration & Nutrition,22,12.2,29.4,18.5,286.6
HYDRATION_AND__0017,Hydration & Nutrition,0,,,,
HYDRATION_AND__0018,Hydration & Nutrition,0,,,,
HYDRATION_AND__0019,Hydration & Nutrition,8,38.6,50.1,3.1,311.5
HYDRATION_AND__0020,Hydration & Nutrition,0,,,,
HYDRATION_AND__0021,Hydration & Nutrition,0,,,,
HYDRATION_AND__0022,Hydration & Nutrition,31,49.6,99.6,26.8,730.0
HYDRATION_AND__0023,Hydration & Nutrition,31,93.3,135.7,27.4,730.0
HYDRATION_AND__0024,Hydration & Nutrition,1,203.2,356.6,29.1,232.3
HYDRATION_AND__0025,Hydration & Nutrition,0,,,,
HYDRATION_AND__0026,Hydration & Nutrition,3,30.0,118.5,14.8,104.9
HYDRATION_AND__0027,Hydration & Nutrition,0,,,,
HYDRATION_AND__0028,Hydration & Nutrition,1,58.8,148.4,10.4,69.2
HYDRATION_AND__0029,Hydration & Nutrition,8,42.0,99.0,11.2,347.5
HYDRATION_AND__0030,Hydration & Nutrition,8,27.6,36.7,11.2,232.2
HYDRATION_AND__0031,Hydration & Nutrition,81,21.9,32.3,28.7,730.0
HYDRATION_AND__0032,Hydration & Nutrition,0,,,,
HYDRATION_AND__0033,Hydration & Nutrition,1,8.5,14.4,38.7,47.2
HYDRATION_AND__0034,Hydration & Nutrition,1,25.3,71.9,10.1,35.5
HYDRATION_AND__0035,Hydration & Nutrition,8,72.0,166.2,14.2,590.2
HYDRATION_AND__0036,Hydration & Nutrition,3,39.3,114.1,7.6,125.6
HYDRATION_AND__0037,Hydration & Nutrition,3,79.2,198.5,13.5,251.0
HYDRATION_AND__0038,Hydration & Nutrition,32,54.9,91.0,24.0,730.0
HYDRATION_AND__0039,Hydration & Nutrition,1,37.4,44.1,13.9,51.3
HYDRATION_AND__0040,Hydration & Nutrition,6,34.0,53.2,29.0,232.9
HYDRATION_AND__0041,Hydration & Nutrition,1,60.5,117.1,12.4,72.9
HYDRATION_AND__0042,Hydration & Nutrition,4,46.5,154.9,32.3,218.4
HYDRATION_AND__0043,Hydration & Nutrition,5,88.8,161.7,6.7,450.7
HYDRATION_AND__0044,Hydration & Nutrition,5,43.0,50.9,74.4,289.5
HYDRATION_AND__0045,Hydration & Nutrition,1,41.7,231.2,13.4,55.1
HYDRATION_AND__0046,Hydration & Nutrition,1,27.8,49.6,14.7,42.5
HYDRATION_AND__0047,Hydration & Nutrition,15,22.5,46.9,5.3,343.2
HYDRATION_AND__0048,Hydration & Nutrition,0,,,,
HYDRATION_AND__0049,Hydration & Nutrition,13,25.2,70.8,11.7,339.9
HYDRATION_AND__0050,Hydration & Nutrition,1,97.3,338.9,6.2,103.6
HYDRATION_AND__0051,Hydration & Nutrition,8,49.5,105.5,13.8,410.0
HYDRATION_AND__0052,Hydration & Nutrition,3,18.1,32.6,18.7,73.1
HYDRATION_AND__0053,Hydration & Nutrition,1,15.5,42.6,16.5,32.0
HYDRATION_AND__0054,Hydration & Nutrition,2,27.1,29.9,22.1,76.4
HYDRATION_AND__0055,Hydration & Nutrition,18,20.7,28.9,25.1,398.0
HYDRATION_AND__0056,Hydration & Nutrition,28,31.6,46.1,23.4,730.0
HYDRATION_AND__0057,Hydration & Nutrition,4,21.7,62.4,18.1,105.1
HYDRATION_AND__0058,Hydration & Nutrition,5,67.8,130.3,3.8,342.7
HYDRATION_AND__0059,Hydration & Nutrition,38,28.7,36.3,15.5,730.0
HYDRATION_AND__0060,Hydration & Nutrition,16,39.9,111.2,16.8,654.7
HYDRATION_AND__0061,Hydration & Nutrition,0,,,,
HYDRATION_AND__0062,Hydration & Nutrition,19,77.1,291.5,5.0,730.0
HYDRATION_AND__0063,Hydration & Nutrition,13,20.6,31.9,14.1,282.1
HYDRATION_AND__0064,Hydration & Nutrition,18,21.5,69.3,19.8,407.2
HYDRATION_AND__0065,Hydration & Nutrition,15,32.4,90.5,7.4,494.0
HYDRATION_AND__0066,Hydration & Nutrition,3,54.7,60.2,21.4,185.5
HYDRATION_AND__0067,Hydration & Nutrition,4,111.7,161.5,33.6,480.6
HYDRATION_AND__0068,Hydration & Nutrition,0,,,,
HYDRATION_AND__0069,Hydration & Nutrition,4,64.1,101.9,30.4,286.9
HYDRATION_AND__0070,Hydration & Nutrition,27,42.1,102.1,7.8,730.0
HYDRATION_AND__0071,Hydration & Nutrition,0,,,,
HYDRATION_AND__0072,Hydration & Nutrition,2,23.7,27.6,18.1,65.6
HYDRATION_AND__0073,Hydration & Nutrition,28,21.3,76.4,75.5,672.0
HYDRATION_AND__0074,Hydration & Nutrition,4,45.6,76.3,55.8,238.0
HYDRATION_AND__0075,Hydration & Nutrition,4,187.6,365.0,11.2,730.0
HYDRATION_AND__0076,Hydration & Nutrition,4,62.2,113.7,16.6,265.4
HYDRATION_AND__0077,Hydration & Nutrition,26,34.3,148.0,25.4,730.0
HYDRATION_AND__0078,Hydration & Nutrition,0,,,,
HYDRATION_AND__0079,Hydration & Nutrition,0,,,,
HYDRATION_AND__0080,Hydration & Nutrition,0,,,,
HYDRATION_AND__0081,Hydration & Nutrition,0,,,,
HYDRATION_AND__0082,Hydration & Nutrition,26,30.7,33.8,14.3,730.0
HYDRATION_AND__0083,Hydration & Nutrition,0,,,,
HYDRATION_AND__0084,Hydration & Nutrition,1,159.5,365.0,20.5,180.0
HYDRATION_AND__0085,Hydration & Nutrition,0,,,,
HYDRATION_AND__0086,Hydration & Nutrition,0,,,,
HYDRATION_AND__0087,Hydration & Nutrition,5,20.3,65.1,16.0,117.6
HYDRATION_AND__0088,Hydration & Nutrition,25,45.1,167.9,10.1,730.0
HYDRATION_AND__0089,Hydration & Nutrition,12,39.5,52.0,8.4,482.4
HYDRATION_AND__0090,Hydration & Nutrition,1,49.9,147.2,78.6,128.6
HYDRATION_AND__0091,Hydration & Nutrition,4,58.3,160.1,12.9,246.1
HYDRATION_AND__0092,Hydration & Nutrition,1,79.1,195.6,32.5,111.7
HYDRATION_AND__0093,Hydration & Nutrition,1,106.1,365.0,44.1,150.2
HYDRATION_AND__0094,Hydration & Nutrition,24,50.1,151.5,9.4,730.0
HYDRATION_AND__0095,Hydration & Nutrition,36,40.1,73.3,16.2,730.0
HYDRATION_AND__0096,Hydration & Nutrition,320,36.2,64.7,25.6,730.0
HYDRATION_AND__0097,Hydration & Nutrition,0,,,,
HYDRATION_AND__0098,Hydration & Nutrition,0,,,,
HYDRATION_AND__0099,Hydration & Nutrition,1,48.6,206.8,26.2,74.8
HYDRATION_AND__0100,Hydration & Nutrition,0,,,,
HYDRATION_AND__0101,Hydration & Nutrition,4,111.9,240.9,30.6,478.1
HYDRATION_AND__0102,Hydration & Nutrition,10,97.1,232.1,20.3,730.0
HYDRATION_AND__0103,Hydration & Nutrition,7,38.1,75.1,9.1,276.1
HYDRATION_AND__0104,Hydration & Nutrition,0,,,,
HYDRATION_AND__0105,Hydration & Nutrition,1,138.7,161.0,24.2,162.9
HYDRATION_AND__0106,Hydration & Nutrition,32,29.4,66.9,19.0,730.0
HYDRATION_AND__0107,Hydration & Nutrition,0,,,,
HYDRATION_AND__0108,Hydration & Nutrition,81,37.4,134.4,18.9,730.0
HYDRATION_AND__0109,Hydration & Nutrition,4,69.3,76.2,26.3,303.5
HYDRATION_AND__0110,Hydration & Nutrition,18,36.0,55.2,31.6,678.8
HYDRATION_AND__0111,Hydration & Nutrition,4,101.9,254.8,16.4,424.0
HYDRATION_AND__0112,Hydration & Nutrition,2,80.3,267.5,43.9,204.5
HYDRATION_AND__0113,Hydration & Nutrition,1,17.8,43.9,23.6,41.4
HYDRATION_AND__0114,Hydration & Nutrition,3,21.8,49.9,15.3,80.7
HYDRATION_AND__0115,Hydration & Nutrition,3,49.6,77.8,12.4,161.1
HYDRATION_AND__0116,Hydration & Nutrition,4,41.3,118.9,27.0,192.2
HYDRATION_AND__0117,Hydration & Nutrition,0,,,,
HYDRATION_AND__0118,Hydration & Nutrition,1,25.4,58.9,1.8,27.3
HYDRATION_AND__0119,Hydration & Nutrition,2,74.5,112.3,30.1,179.0
HYDRATION_AND__0120,Hydration & Nutrition,2,101.4,171.1,18.1,221.0
HYDRATION_AND__0121,Hydration & Nutrition,2,80.7,88.8,11.6,173.0
HYDRATION_AND__0122,Hydration & Nutrition,4,12.1,21.3,7.3,55.7
HYDRATION_AND__0123,Hydration & Nutrition,1,80.9,218.1,15.5,96.3
HYDRATION_AND__0124,Hydration & Nutrition,1,64.6,365.0,34.3,98.9
HYDRATION_AND__0125,Hydration & Nutrition,0,,,,
HYDRATION_AND__0126,Hydration & Nutrition,3,12.7,22.5,12.9,51.1
HYDRATION_AND__0127,Hydration & Nutrition,0,,,,
HYDRATION_AND__0128,Hydration & Nutrition,1,29.0,70.5,12.1,41.1
HYDRATION_AND__0129,Hydration & Nutrition,0,,,,
HYDRATION_AND__0130,Hydration & Nutrition,28,43.9,169.7,19.6,730.0
HYDRATION_AND__0131,Hydration & Nutrition,81,30.5,100.6,15.0,730.0
HYDRATION_AND__0132,Hydration & Nutrition,26,15.9,38.1,18.4,432.7
HYDRATION_AND__0133,Hydration & Nutrition,0,,,,
CAMP_KITCHEN_A_0001,Camp Kitchen & Tools,1,150.2,365.0,22.7,172.9
CAMP_KITCHEN_A_0002,Camp Kitchen & Tools,1,101.4,340.4,13.2,114.7
CAMP_KITCHEN_A_0003,Camp Kitchen & Tools,2,63.5,217.9,32.9,160.0
CAMP_KITCHEN_A_0004,Camp Kitchen & Tools,1,17.9,26.8,7.9,25.8
CAMP_KITCHEN_A_0005,Camp Kitchen & Tools,0,,,,
CAMP_KITCHEN_A_0006,Camp Kitchen & Tools,0,,,,
CAMP_KITCHEN_A_0007,Camp Kitchen & Tools,0,,,,
CAMP_KITCHEN_A_0008,Camp Kitchen & Tools,14,53.3,75.2,9.2,730.0
CAMP_KITCHEN_A_0009,Camp Kitchen & Tools,0,,,,
CAMP_KITCHEN_A_0010,Camp Kitchen & Tools,0,,,,
CAMP_KITCHEN_A_0011,Camp Kitchen & Tools,0,,,,
CAMP_KITCHEN_A_0012,Camp Kitchen & Tools,4,38.6,234.9,15.3,169.6
CAMP_KITCHEN_A_0013,Camp Kitchen & Tools,1,27.1,29.8,11.6,38.7
CAMP_KITCHEN_A_0014,Camp Kitchen & Tools,3,223.4,245.8,64.7,730.0
CAMP_KITCHEN_A_0015,Camp Kitchen & Tools,22,24.8,57.3,28.4,574.7
CAMP_KITCHEN_A_0016,Camp Kitchen & Tools,8,13.6,21.5,7.9,116.5
CAMP_KITCHEN_A_0017,Camp Kitchen & Tools,4,177.4,281.4,13.5,723.2
CAMP_KITCHEN_A_0018,Camp Kitchen & Tools,0,,,,
CAMP_KITCHEN_A_0019,Camp Kitchen & Tools,0,,,,
CAMP_KITCHEN_A_0020,Camp Kitchen & Tools,111,138.2,152.0,12.9,730.0
CAMP_KITCHEN_A_0021,Camp Kitchen & Tools,0,,,,
CAMP_KITCHEN_A_0022,Camp Kitchen & Tools,0,,,,
CAMP_KITCHEN_A_0023,Camp Kitchen & Tools,1,48.8,176.2,6.1,54.9
CAMP_KITCHEN_A_0024,Camp Kitchen & Tools,2,65.8,103.2,6.4,137.9
CAMP_KITCHEN_A_0025,Camp Kitchen & Tools,3,23.1,73.2,24.5,93.9
CAMP_KITCHEN_A_0026,Camp Kitchen & Tools,1,14.7,42.1,14.5,29.2
CAMP_KITCHEN_A_0027,Camp Kitchen & Tools,1,28.5,59.8,24.9,53.4
CAMP_KITCHEN_A_0028,Camp Kitchen & Tools,3,57.8,162.2,27.9,201.5
CAMP_KITCHEN_A_0029,Camp Kitchen & Tools,4,31.8,79.1,32.0,159.3
CAMP_KITCHEN_A_0030,Camp Kitchen & Tools,0,,,,
CAMP_KITCHEN_A_0031,Camp Kitchen & Tools,9,134.7,148.2,28.1,730.0
CAMP_KITCHEN_A_0032,Camp Kitchen & Tools,2,57.6,120.0,26.1,141.4
CAMP_KITCHEN_A_0033,Camp Kitchen & Tools,0,,,,
CAMP_KITCHEN_A_0034,Camp Kitchen & Tools,7,13.0,19.4,20.6,111.3
CAMP_KITCHEN_A_0035,Camp Kitchen & Tools,0,,,,
CAMP_KITCHEN_A_0036,Camp Kitchen & Tools,1,123.4,251.7,30.6,154.0
CAMP_KITCHEN_A_0037,Camp Kitchen & Tools,0,,,,
CAMP_KITCHEN_A_0038,Camp Kitchen & Tools,0,,,,
CAMP_KITCHEN_A_0039,Camp Kitchen & Tools,1,64.9,92.9,57.6,122.5
CAMP_KITCHEN_A_0040,Camp Kitchen & Tools,0,,,,
CAMP_KITCHEN_A_0041,Camp Kitchen & Tools,0,,,,
CAMP_KITCHEN_A_0042,Camp Kitchen & Tools,0,,,,
CAMP_KITCHEN_A_0043,Camp Kitchen & Tools,2,98.1,113.9,29.1,225.3
CAMP_KITCHEN_A_0044,Camp Kitchen & Tools,2,27.1,93.4,11.8,66.1
CAMP_KITCHEN_A_0045,Camp Kitchen & Tools,0,,,,
CAMP_KITCHEN_A_0046,Camp Kitchen & Tools,0,,,,
CAMP_KITCHEN_A_0047,Camp Kitchen & Tools,5,55.5,109.3,31.1,308.5
CAMP_KITCHEN_A_0048,Camp Kitchen & Tools,0,,,,
CAMP_KITCHEN_A_0049,Camp Kitchen & Tools,0,,,,
CAMP_KITCHEN_A_0050,Camp Kitchen & Tools,1,88.6,172.3,5.9,94.5
CAMP_KITCHEN_A_0051,Camp Kitchen & Tools,2,29.7,122.2,7.9,67.3
CAMP_KITCHEN_A_0052,Camp Kitchen & Tools,64,25.5,67.3,7.9,730.0
CAMP_KITCHEN_A_0053,Camp Kitchen & Tools,1,60.2,341.2,11.9,72.1
CAMP_KITCHEN_A_0054,Camp Kitchen & Tools,1,76.0,279.0,12.6,88.6
CAMP_KITCHEN_A_0055,Camp Kitchen & Tools,1,129.9,337.2,13.6,143.6
CAMP_KITCHEN_A_0056,Camp Kitchen & Tools,3,71.4,161.7,20.1,234.3
CAMP_KITCHEN_A_0057,Camp Kitchen & Tools,4,116.6,365.0,29.4,495.6
CAMP_KITCHEN_A_0058,Camp Kitchen & Tools,6,40.3,45.8,12.1,253.7
CAMP_KITCHEN_A_0059,Camp Kitchen & Tools,9,75.4,120.7,9.7,688.3
CAMP_KITCHEN_A_0060,Camp Kitchen & Tools,1,43.4,65.5,29.3,72.7
CAMP_KITCHEN_A_0061,Camp Kitchen & Tools,0,,,,
CAMP_KITCHEN_A_0062,Camp Kitchen & Tools,1,31.2,58.6,22.6,53.8
CAMP_KITCHEN_A_0063,Camp Kitchen & Tools,10,45.3,105.3,12.5,465.7
CAMP_KITCHEN_A_0064,Camp Kitchen & Tools,0,,,,
CAMP_KITCHEN_A_0065,Camp Kitchen & Tools,0,,,,
CAMP_KITCHEN_A_0066,Camp Kitchen & Tools,0,,,,
CAMP_KITCHEN_A_0067,Camp Kitchen & Tools,1,37.8,54.0,9.4,47.2
CAMP_KITCHEN_A_0068,Camp Kitchen & Tools,5,128.5,141.3,14.2,656.7
CAMP_KITCHEN_A_0069,Camp Kitchen & Tools,1,70.5,348.8,15.4,85.9
CAMP_KITCHEN_A_0070,Camp Kitchen & Tools,14,16.3,51.6,9.5,237.1
CAMP_KITCHEN_A_0071,Camp Kitchen & Tools,0,,,,
CAMP_KITCHEN_A_0072,Camp Kitchen & Tools,3,116.2,187.5,3.8,352.4
CAMP_KITCHEN_A_0073,Camp Kitchen & Tools,1,91.8,365.0,13.0,104.9
CAMP_KITCHEN_A_0074,Camp Kitchen & Tools,2,48.1,79.7,89.2,185.4
CAMP_KITCHEN_A_0075,Camp Kitchen & Tools,6,48.5,104.2,58.9,350.0
CAMP_KITCHEN_A_0076,Camp Kitchen & Tools,1,92.1,170.4,7.8,99.9
CAMP_KITCHEN_A_0077,Camp Kitchen & Tools,1,106.9,236.3,15.8,122.7
CAMP_KITCHEN_A_0078,Camp Kitchen & Tools,1,37.9,55.0,8.7,46.7
CAMP_KITCHEN_A_0079,Camp Kitchen & Tools,4,33.6,120.7,45.5,179.8
CAMP_KITCHEN_A_0080,Camp Kitchen & Tools,0,,,,
CAMP_KITCHEN_A_0081,Camp Kitchen & Tools,1,91.3,183.1,7.2,98.5
CAMP_KITCHEN_A_0082,Camp Kitchen & Tools,10,141.4,234.0,11.1,730.0
CAMP_KITCHEN_A_0083,Camp Kitchen & Tools,0,,,,
CAMP_KITCHEN_A_0084,Camp Kitchen & Tools,2,86.8,166.6,19.4,193.1
CAMP_KITCHEN_A_0085,Camp Kitchen & Tools,7,90.9,221.0,30.6,667.2
CAMP_KITCHEN_A_0086,Camp Kitchen & Tools,1,144.8,365.0,12.9,157.7
CAMP_KITCHEN_A_0087,Camp Kitchen & Tools,0,,,,
CAMP_KITCHEN_A_0088,Camp Kitchen & Tools,0,,,,
CAMP_KITCHEN_A_0089,Camp Kitchen & Tools,0,,,,
CAMP_KITCHEN_A_0090,Camp Kitchen & Tools,2,64.6,119.4,36.3,165.4
CAMP_KITCHEN_A_0091,Camp Kitchen & Tools,26,48.9,120.6,31.6,730.0
CAMP_KITCHEN_A_0092,Camp Kitchen & Tools,7,84.6,181.7,19.3,611.8
CAMP_KITCHEN_A_0093,Camp Kitchen & Tools,1,72.1,202.5,9.2,81.4
CAMP_KITCHEN_A_0094,Camp Kitchen & Tools,4,78.5,333.4,9.8,323.9
CAMP_KITCHEN_A_0095,Camp Kitchen & Tools,0,,,,
CAMP_KITCHEN_A_0096,Camp Kitchen & Tools,1,47.6,114.3,9.5,57.1
CAMP_KITCHEN_A_0097,Camp Kitchen & Tools,0,,,,
CAMP_KITCHEN_A_0098,Camp Kitchen & Tools,0,,,,
CAMP_KITCHEN_A_0099,Camp Kitchen & Tools,0,,,,
CAMP_KITCHEN_A_0100,Camp Kitchen & Tools,3,79.2,112.5,42.9,280.4
CAMP_KITCHEN_A_0101,Camp Kitchen & Tools,7,70.7,77.8,15.4,510.7
CAMP_KITCHEN_A_0102,Camp Kitchen & Tools,0,,,,
CAMP_KITCHEN_A_0103,Camp Kitchen & Tools,1,132.2,277.4,15.6,147.8
CAMP_KITCHEN_A_0104,Camp Kitchen & Tools,1,145.9,365.0,8.3,154.2
CAMP_KITCHEN_A_0105,Camp Kitchen & Tools,0,,,,
CAMP_KITCHEN_A_0106,Camp Kitchen & Tools,1,22.3,26.5,11.8,34.1
CAMP_KITCHEN_A_0107,Camp Kitchen & Tools,0,,,,
CAMP_KITCHEN_A_0108,Camp Kitchen & Tools,4,136.4,263.4,70.8,616.3
CAMP_KITCHEN_A_0109,Camp Kitchen & Tools,0,,,,
CAMP_KITCHEN_A_0110,Camp Kitchen & Tools,4,34.6,54.4,16.7,155.1
CAMP_KITCHEN_A_0111,Camp Kitchen & Tools,12,32.8,88.5,31.3,425.1
CAMP_KITCHEN_A_0112,Camp Kitchen & Tools,0,,,,
CAMP_KITCHEN_A_0113,Camp Kitchen & Tools,0,,,,
CAMP_KITCHEN_A_0114,Camp Kitchen & Tools,1,62.6,82.6,8.5,71.2
CAMP_KITCHEN_A_0115,Camp Kitchen & Tools,3,69.1,159.0,55.9,263.2
CAMP_KITCHEN_A_0116,Camp Kitchen & Tools,1,28.4,96.3,10.9,39.3
CAMP_KITCHEN_A_0117,Camp Kitchen & Tools,0,,,,
CAMP_KITCHEN_A_0118,Camp Kitchen & Tools,1,44.3,100.1,63.2,107.5
CAMP_KITCHEN_A_0119,Camp Kitchen & Tools,2,14.2,29.2,13.9,42.2
CAMP_KITCHEN_A_0120,Camp Kitchen & Tools,0,,,,
CAMP_KITCHEN_A_0121,Camp Kitchen & Tools,1,42.6,81.2,15.8,58.4
CAMP_KITCHEN_A_0122,Camp Kitchen & Tools,4,47.9,52.7,23.1,214.6
CAMP_KITCHEN_A_0123,Camp Kitchen & Tools,24,19.8,65.0,10.7,486.2
CAMP_KITCHEN_A_0124,Camp Kitchen & Tools,0,,,,
CAMP_KITCHEN_A_0125,Camp Kitchen & Tools,27,16.4,57.2,25.9,468.7
CAMP_KITCHEN_A_0126,Camp Kitchen & Tools,0,,,,
CAMP_KITCHEN_A_0127,Camp Kitchen & Tools,9,56.4,102.6,11.7,519.6
CAMP_KITCHEN_A_0128,Camp Kitchen & Tools,6,47.4,90.1,5.2,289.5
CAMP_KITCHEN_A_0129,Camp Kitchen & Tools,0,,,,
CAMP_KITCHEN_A_0130,Camp Kitchen & Tools,0,,,,
CAMP_KITCHEN_A_0131,Camp Kitchen & Tools,0,,,,
CAMP_KITCHEN_A_0132,Camp Kitchen & Tools,9,117.6,365.0,11.7,730.0
CAMP_KITCHEN_A_0133,Camp Kitchen & Tools,1,215.0,236.5,34.5,249.6
CAMP_KITCHEN_A_0134,Camp Kitchen & Tools,1,51.7,175.6,12.1,63.8
CAMP_KITCHEN_A_0135,Camp Kitchen & Tools,0,,,,
CAMP_KITCHEN_A_0136,Camp Kitchen & Tools,1,44.7,77.7,18.3,63.0
CAMP_KITCHEN_A_0137,Camp Kitchen & Tools,1,33.7,151.2,13.9,47.6
CAMP_KITCHEN_A_0138,Camp Kitchen & Tools,2,30.1,36.8,16.4,76.7
CAMP_KITCHEN_A_0139,Camp Kitchen & Tools,0,,,,
CAMP_KITCHEN_A_0140,Camp Kitchen & Tools,1,34.5,47.6,9.4,44.0
CAMP_KITCHEN_A_0141,Camp Kitchen & Tools,0,,,,
CAMP_KITCHEN_A_0142,Camp Kitchen & Tools,35,37.1,142.0,4.1,730.0
CAMP_KITCHEN_A_0143,Camp Kitchen & Tools,20,36.3,51.7,15.7,730.0
CAMP_KITCHEN_A_0144,Camp Kitchen & Tools,0,,,,
CAMP_KITCHEN_A_0145,Camp Kitchen & Tools,2,34.6,102.7,25.4,94.7
CAMP_KITCHEN_A_0146,Camp Kitchen & Tools,17,17.6,41.7,12.1,311.6
CAMP_KITCHEN_A_0147,Camp Kitchen & Tools,42,71.1,128.7,21.6,730.0
CAMP_KITCHEN_A_0148,Camp Kitchen & Tools,1,92.4,365.0,24.5,116.8
CAMP_KITCHEN_A_0149,Camp Kitchen & Tools,1,74.2,202.2,30.2,104.4
CAMP_KITCHEN_A_0150,Camp Kitchen & Tools,0,,,,
CAMP_KITCHEN_A_0151,Camp Kitchen & Tools,2,24.8,28.2,23.7,73.4
CAMP_KITCHEN_A_0152,Camp Kitchen & Tools,0,,,,
CAMP_KITCHEN_A_0153,Camp Kitchen & Tools,4,103.4,365.0,15.8,429.2
CAMP_KITCHEN_A_0154,Camp Kitchen & Tools,0,,,,
CAMP_KITCHEN_A_0155,Camp Kitchen & Tools,0,,,,
CAMP_KITCHEN_A_0156,Camp Kitchen & Tools,1,78.3,174.3,18.8,97.1
CAMP_KITCHEN_A_0157,Camp Kitchen & Tools,1,15.8,17.4,11.6,27.4
CAMP_KITCHEN_A_0158,Camp Kitchen & Tools,0,,,,
CAMP_KITCHEN_A_0159,Camp Kitchen & Tools,1,46.3,59.9,11.1,57.4
CAMP_KITCHEN_A_0160,Camp Kitchen & Tools,0,,,,
CAMP_KITCHEN_A_0161,Camp Kitchen & Tools,4,51.5,86.0,16.0,222.0
CAMP_KITCHEN_A_0162,Camp Kitchen & Tools,0,,,,
CAMP_KITCHEN_A_0163,Camp Kitchen & Tools,1,38.6,82.6,16.6,55.2
CAMP_KITCHEN_A_0164,Camp Kitchen & Tools,2,28.8,57.7,4.0,61.7
CAMP_KITCHEN_A_0165,Camp Kitchen & Tools,1,34.8,98.1,19.6,54.4
CAMP_KITCHEN_A_0166,Camp Kitchen & Tools,5,37.8,84.3,27.0,216.2
CAMP_KITCHEN_A_0167,Camp Kitchen & Tools,0,,,,
CAMP_KITCHEN_A_0168,Camp Kitchen & Tools,15,42.4,120.3,16.6,653.1
CAMP_KITCHEN_A_0169,Camp Kitchen & Tools,0,,,,
CAMP_KITCHEN_A_0170,Camp Kitchen & Tools,2,33.8,37.1,32.6,100.1
CAMP_KITCHEN_A_0171,Camp Kitchen & Tools,1,144.6,363.4,3.7,148.3
CAMP_KITCHEN_A_0172,Camp Kitchen & Tools,0,,,,
CAMP_KITCHEN_A_0173,Camp Kitchen & Tools,0,,,,
CAMP_KITCHEN_A_0174,Camp Kitchen & Tools,0,,,,
CAMP_KITCHEN_A_0175,Camp Kitchen & Tools,17,17.6,31.6,14.0,313.9
CAMP_KITCHEN_A_0176,Camp Kitchen & Tools,7,17.8,64.5,7.2,131.6
CAMP_KITCHEN_A_0177,Camp Kitchen & Tools,0,,,,
CAMP_KITCHEN_A_0178,Camp Kitchen & Tools,1,50.8,156.5,20.1,70.9
CAMP_KITCHEN_A_0179,Camp Kitchen & Tools,28,17.3,22.0,11.9,496.3
CAMP_KITCHEN_A_0180,Camp Kitchen & Tools,3,25.1,124.3,6.4,81.7
CAMP_KITCHEN_A_0181,Camp Kitchen & Tools,3,47.6,66.1,9.7,152.5
CAMP_KITCHEN_A_0182,Camp Kitchen & Tools,5,51.1,146.4,15.7,270.9
CAMP_KITCHEN_A_0183,Camp Kitchen & Tools,2,33.0,74.7,11.9,78.0
CAMP_KITCHEN_A_0184,Camp Kitchen & Tools,0,,,,
CAMP_KITCHEN_A_0185,Camp Kitchen & Tools,7,38.4,124.0,25.4,294.3
CAMP_KITCHEN_A_0186,Camp Kitchen & Tools,0,,,,
CAMP_KITCHEN_A_0187,Camp Kitchen & Tools,1,17.7,50.6,21.6,39.3
CAMP_KITCHEN_A_0188,Camp Kitchen & Tools,0,,,,
CAMP_KITCHEN_A_0189,Camp Kitchen & Tools,1,52.3,72.1,24.9,77.2
CAMP_KITCHEN_A_0190,Camp Kitchen & Tools,4,24.7,71.4,37.0,135.6
CAMP_KITCHEN_A_0191,Camp Kitchen & Tools,15,21.8,26.5,12.0,338.8
CAMP_KITCHEN_A_0192,Camp Kitchen & Tools,1,80.6,176.0,15.3,95.8
CAMP_KITCHEN_A_0193,Camp Kitchen & Tools,2,27.7,107.7,31.6,87.1
CAMP_KITCHEN_A_0194,Camp Kitchen & Tools,1,67.5,140.9,27.8,95.3
CAMP_KITCHEN_A_0195,Camp Kitchen & Tools,5,37.8,59.6,11.9,200.7
CAMP_KITCHEN_A_0196,Camp Kitchen & Tools,3,166.5,183.1,10.0,509.4
CAMP_KITCHEN_A_0197,Camp Kitchen & Tools,0,,,,
CAMP_KITCHEN_A_0198,Camp Kitchen & Tools,0,,,,
CAMP_KITCHEN_A_0199,Camp Kitchen & Tools,1,53.9,101.3,22.8,76.7
CAMP_KITCHEN_A_0200,Camp Kitchen & Tools,3,100.1,333.6,6.5,306.9
CAMP_KITCHEN_A_0201,Camp Kitchen & Tools,0,,,,
CAMP_KITCHEN_A_0202,Camp Kitchen & Tools,0,,,,
CAMP_KITCHEN_A_0203,Camp Kitchen & Tools,0,,,,
CAMP_KITCHEN_A_0204,Camp Kitchen & Tools,4,124.5,365.0,10.1,508.3
CAMP_KITCHEN_A_0205,Camp Kitchen & Tools,199,60.0,135.2,11.7,730.0
CAMP_KITCHEN_A_0206,Camp Kitchen & Tools,6,81.6,227.1,14.7,504.5
CAMP_KITCHEN_A_0207,Camp Kitchen & Tools,5,38.3,110.5,21.3,212.8
CAMP_KITCHEN_A_0208,Camp Kitchen & Tools,0,,,,
CAMP_KITCHEN_A_0209,Camp Kitchen & Tools,12,121.4,154.4,12.9,730.0
CAMP_KITCHEN_A_0210,Camp Kitchen & Tools,2,65.6,191.7,11.0,142.2
CAMP_KITCHEN_A_0211,Camp Kitchen & Tools,2,41.9,46.1,33.0,116.7
CAMP_KITCHEN_A_0212,Camp Kitchen & Tools,0,,,,
CAMP_KITCHEN_A_0213,Camp Kitchen & Tools,1,32.2,41.5,21.7,53.9
CAMP_KITCHEN_A_0214,Camp Kitchen & Tools,6,55.7,116.3,9.1,343.1
CAMP_KITCHEN_A_0215,Camp Kitchen & Tools,0,,,,
CAMP_KITCHEN_A_0216,Camp Kitchen & Tools,21,123.2,365.0,15.9,730.0
CAMP_KITCHEN_A_0217,Camp Kitchen & Tools,0,,,,
CAMP_KITCHEN_A_0218,Camp Kitchen & Tools,14,42.2,46.4,9.0,599.3
CAMP_KITCHEN_A_0219,Camp Kitchen & Tools,0,,,,
CAMP_KITCHEN_A_0220,Camp Kitchen & Tools,7,113.1,365.0,34.1,730.0
CAMP_KITCHEN_A_0221,Camp Kitchen & Tools,10,127.2,238.8,34.0,730.0
CAMP_KITCHEN_A_0222,Camp Kitchen & Tools,0,,,,
CAMP_KITCHEN_A_0223,Camp Kitchen & Tools,1,105.7,141.5,25.8,131.5
CAMP_KITCHEN_A_0224,Camp Kitchen & Tools,2,69.3,238.9,6.7,145.3
CAMP_KITCHEN_A_0225,Camp Kitchen & Tools,19,53.5,92.7,9.2,730.0
CAMP_KITCHEN_A_0226,Camp Kitchen & Tools,0,,,,
CAMP_KITCHEN_A_0227,Camp Kitchen & Tools,3,50.2,159.9,22.6,173.0
CAMP_KITCHEN_A_0228,Camp Kitchen & Tools,3,14.2,74.9,14.1,56.6
CAMP_KITCHEN_A_0229,Camp Kitchen & Tools,0,,,,
CAMP_KITCHEN_A_0230,Camp Kitchen & Tools,1,79.1,156.9,61.3,140.5
CAMP_KITCHEN_A_0231,Camp Kitchen & Tools,0,,,,
CAMP_KITCHEN_A_0232,Camp Kitchen & Tools,1,79.9,147.5,33.4,113.4
CAMP_KITCHEN_A_0233,Camp Kitchen & Tools,0,,,,
CAMP_KITCHEN_A_0234,Camp Kitchen & Tools,5,35.4,59.5,11.4,188.5
CAMP_KITCHEN_A_0235,Camp Kitchen & Tools,0,,,,
CAMP_KITCHEN_A_0236,Camp Kitchen & Tools,6,146.8,365.0,20.7,730.0
CAMP_KITCHEN_A_0237,Camp Kitchen & Tools,0,,,,
CAMP_KITCHEN_A_0238,Camp Kitchen & Tools,0,,,,
CAMP_KITCHEN_A_0239,Camp Kitchen & Tools,0,,,,
NAVIGATION_AND_0001,Navigation & Safety,6,40.6,75.8,52.7,296.4
NAVIGATION_AND_0002,Navigation & Safety,1,208.9,365.0,36.9,245.7
NAVIGATION_AND_0003,Navigation & Safety,0,,,,
NAVIGATION_AND_0004,Navigation & Safety,2,75.8,285.5,11.5,163.1
NAVIGATION_AND_0005,Navigation & Safety,114,48.6,78.1,15.8,730.0
NAVIGATION_AND_0006,Navigation & Safety,32,89.9,258.4,12.4,730.0
NAVIGATION_AND_0007,Navigation & Safety,1,61.8,221.7,11.6,73.3
NAVIGATION_AND_0008,Navigation & Safety,1,50.2,106.0,14.0,64.2
NAVIGATION_AND_0009,Navigation & Safety,1,108.7,197.7,41.4,150.1
NAVIGATION_AND_0010,Navigation & Safety,0,,,,
NAVIGATION_AND_0011,Navigation & Safety,1,102.3,112.5,17.5,119.8
NAVIGATION_AND_0012,Navigation & Safety,1,72.3,201.7,36.5,108.8
NAVIGATION_AND_0013,Navigation & Safety,8,76.7,257.1,24.2,637.8
NAVIGATION_AND_0014,Navigation & Safety,11,88.4,299.6,17.4,730.0
NAVIGATION_AND_0015,Navigation & Safety,3,75.7,135.3,36.7,263.8
NAVIGATION_AND_0016,Navigation & Safety,4,99.9,310.4,9.5,409.1
NAVIGATION_AND_0017,Navigation & Safety,78,33.9,135.3,26.0,730.0
NAVIGATION_AND_0018,Navigation & Safety,59,58.8,145.8,60.6,730.0
NAVIGATION_AND_0019,Navigation & Safety,2,65.6,132.2,20.2,151.4
NAVIGATION_AND_0020,Navigation & Safety,153,80.9,112.8,10.6,730.0
NAVIGATION_AND_0021,Navigation & Safety,2,93.1,146.6,16.4,202.6
NAVIGATION_AND_0022,Navigation & Safety,3,64.4,71.9,9.4,202.6
NAVIGATION_AND_0023,Navigation & Safety,7,141.0,224.1,34.0,730.0
NAVIGATION_AND_0024,Navigation & Safety,0,,,,
NAVIGATION_AND_0025,Navigation & Safety,10,365.0,365.0,44.0,730.0
NAVIGATION_AND_0026,Navigation & Safety,0,,,,
NAVIGATION_AND_0027,Navigation & Safety,2,95.7,160.1,39.9,231.3
NAVIGATION_AND_0028,Navigation & Safety,1,37.0,155.5,12.6,49.6
NAVIGATION_AND_0029,Navigation & Safety,0,,,,
NAVIGATION_AND_0030,Navigation & Safety,21,180.2,365.0,70.0,730.0
NAVIGATION_AND_0031,Navigation & Safety,3,93.7,324.9,24.5,305.5
NAVIGATION_AND_0032,Navigation & Safety,0,,,,
NAVIGATION_AND_0033,Navigation & Safety,3,26.5,29.2,53.8,133.3
NAVIGATION_AND_0034,Navigation & Safety,0,,,,
NAVIGATION_AND_0035,Navigation & Safety,15,46.9,89.0,13.3,717.4
NAVIGATION_AND_0036,Navigation & Safety,7,186.6,365.0,26.1,730.0
NAVIGATION_AND_0037,Navigation & Safety,1,139.4,254.1,111.0,250.4
NAVIGATION_AND_0038,Navigation & Safety,5,48.7,162.7,17.8,261.2
NAVIGATION_AND_0039,Navigation & Safety,4,39.6,144.3,25.6,183.8
NAVIGATION_AND_0040,Navigation & Safety,1,64.4,157.9,15.8,80.2
NAVIGATION_AND_0041,Navigation & Safety,7,47.5,143.0,37.9,370.5
NAVIGATION_AND_0042,Navigation & Safety,4,75.7,227.6,14.1,316.9
NAVIGATION_AND_0043,Navigation & Safety,0,,,,
NAVIGATION_AND_0044,Navigation & Safety,6,54.8,156.3,7.9,336.8
NAVIGATION_AND_0045,Navigation & Safety,2,38.2,127.5,17.6,94.1
NAVIGATION_AND_0046,Navigation & Safety,3,56.9,62.6,40.9,211.6
NAVIGATION_AND_0047,Navigation & Safety,4,58.4,89.7,20.8,254.4
NAVIGATION_AND_0048,Navigation & Safety,1,157.6,227.1,120.0,277.6
NAVIGATION_AND_0049,Navigation & Safety,0,,,,
NAVIGATION_AND_0050,Navigation & Safety,3,64.0,125.8,22.9,214.7
NAVIGATION_AND_0051,Navigation & Safety,0,,,,
NAVIGATION_AND_0052,Navigation & Safety,1,83.3,135.4,102.4,185.8
NAVIGATION_AND_0053,Navigation & Safety,5,39.4,65.3,8.6,205.8
NAVIGATION_AND_0054,Navigation & Safety,9,61.3,137.7,26.9,578.6
NAVIGATION_AND_0055,Navigation & Safety,0,,,,
NAVIGATION_AND_0056,Navigation & Safety,0,,,,
NAVIGATION_AND_0057,Navigation & Safety,0,,,,
NAVIGATION_AND_0058,Navigation & Safety,8,41.2,50.9,17.7,347.2
NAVIGATION_AND_0059,Navigation & Safety,1,31.7,106.3,25.4,57.1
NAVIGATION_AND_0060,Navigation & Safety,1,94.0,121.3,5.4,99.4
NAVIGATION_AND_0061,Navigation & Safety,3,41.2,115.3,3.4,127.0
NAVIGATION_AND_0062,Navigation & Safety,0,,,,
NAVIGATION_AND_0063,Navigation & Safety,5,104.9,115.3,14.9,539.2
NAVIGATION_AND_0064,Navigation & Safety,0,,,,
NAVIGATION_AND_0065,Navigation & Safety,0,,,,
NAVIGATION_AND_0066,Navigation & Safety,0,,,,
NAVIGATION_AND_0067,Navigation & Safety,25,32.8,90.0,33.7,730.0
NAVIGATION_AND_0068,Navigation & Safety,1,73.8,101.8,16.7,90.5
NAVIGATION_AND_0069,Navigation & Safety,1,106.8,208.5,6.1,112.9
NAVIGATION_AND_0070,Navigation & Safety,1,99.8,277.6,23.3,123.0
NAVIGATION_AND_0071,Navigation & Safety,19,38.7,53.9,45.4,730.0
NAVIGATION_AND_0072,Navigation & Safety,1,87.4,189.7,19.1,106.4
NAVIGATION_AND_0073,Navigation & Safety,54,105.2,181.4,10.2,730.0
NAVIGATION_AND_0074,Navigation & Safety,3,136.3,149.9,116.3,525.2
NAVIGATION_AND_0075,Navigation & Safety,6,157.6,365.0,107.5,730.0
NAVIGATION_AND_0076,Navigation & Safety,2,119.0,173.9,47.2,285.2
NAVIGATION_AND_0077,Navigation & Safety,4,98.4,233.3,26.6,420.2
NAVIGATION_AND_0078,Navigation & Safety,6,33.8,37.9,21.8,224.7
NAVIGATION_AND_0079,Navigation & Safety,1,23.9,89.6,14.3,38.2
NAVIGATION_AND_0080,Navigation & Safety,1,190.2,365.0,78.7,268.8
NAVIGATION_AND_0081,Navigation & Safety,0,,,,
NAVIGATION_AND_0082,Navigation & Safety,6,156.6,201.8,17.6,730.0
NAVIGATION_AND_0083,Navigation & Safety,19,54.8,153.0,16.3,730.0
NAVIGATION_AND_0084,Navigation & Safety,23,14.1,39.5,20.4,345.9
NAVIGATION_AND_0085,Navigation & Safety,0,,,,
NAVIGATION_AND_0086,Navigation & Safety,0,,,,
NAVIGATION_AND_0087,Navigation & Safety,1,32.5,119.8,12.9,45.4
NAVIGATION_AND_0088,Navigation & Safety,47,26.5,78.6,23.1,730.0
NAVIGATION_AND_0089,Navigation & Safety,1,61.4,123.9,30.9,92.3
NAVIGATION_AND_0090,Navigation & Safety,0,,,,
NAVIGATION_AND_0091,Navigation & Safety,0,,,,
NAVIGATION_AND_0092,Navigation & Safety,8,120.7,365.0,12.0,730.0
NAVIGATION_AND_0093,Navigation & Safety,1,147.4,306.4,10.9,158.3
NAVIGATION_AND_0094,Navigation & Safety,3,72.8,145.1,5.5,224.0
NAVIGATION_AND_0095,Navigation & Safety,3,59.7,108.3,8.3,187.5
NAVIGATION_AND_0096,Navigation & Safety,28,123.8,243.1,13.2,730.0
NAVIGATION_AND_0097,Navigation & Safety,0,,,,
NAVIGATION_AND_0098,Navigation & Safety,1,154.4,169.9,62.4,216.8
NAVIGATION_AND_0099,Navigation & Safety,1,51.0,104.5,16.1,67.1
NAVIGATION_AND_0100,Navigation & Safety,5,68.0,214.2,62.1,402.1
NAVIGATION_AND_0101,Navigation & Safety,0,,,,
NAVIGATION_AND_0102,Navigation & Safety,0,,,,
NAVIGATION_AND_0103,Navigation & Safety,0,,,,
NAVIGATION_AND_0104,Navigation & Safety,0,,,,
NAVIGATION_AND_0105,Navigation & Safety,11,82.4,333.9,23.8,730.0
NAVIGATION_AND_0106,Navigation & Safety,1,212.4,365.0,33.5,245.9
NAVIGATION_AND_0107,Navigation & Safety,25,209.6,365.0,18.9,730.0
NAVIGATION_AND_0108,Navigation & Safety,15,37.1,40.9,6.1,563.2
NAVIGATION_AND_0109,Navigation & Safety,1,108.2,365.0,29.9,138.1
NAVIGATION_AND_0110,Navigation & Safety,5,239.7,365.0,37.6,730.0
NAVIGATION_AND_0111,Navigation & Safety,8,59.9,118.4,9.2,488.1
NAVIGATION_AND_0112,Navigation & Safety,30,194.3,228.9,148.5,730.0
NAVIGATION_AND_0113,Navigation & Safety,1,257.4,365.0,12.6,270.1
NAVIGATION_AND_0114,Navigation & Safety,0,,,,
NAVIGATION_AND_0115,Navigation & Safety,1,47.8,163.1,42.7,90.5
NAVIGATION_AND_0116,Navigation & Safety,1,147.1,365.0,12.9,160.0
NAVIGATION_AND_0117,Navigation & Safety,2,61.0,101.6,13.4,135.4
NAVIGATION_AND_0118,Navigation & Safety,0,,,,
NAVIGATION_AND_0119,Navigation & Safety,0,,,,
NAVIGATION_AND_0120,Navigation & Safety,8,224.3,365.0,59.8,730.0
NAVIGATION_AND_0121,Navigation & Safety,0,,,,
NAVIGATION_AND_0122,Navigation & Safety,2,66.4,86.5,29.0,161.8
