Department,SKUID,Brand,Model,UnitsSold,AvgUnitCost,NetRevenue,COGS,AvgDailyInvCOGS,MarkupRatio,ItemTurns,VelocityTier,NoSalesHistory,IsMarkdown,MarkdownDepth,MarkdownRate
Ski Hardware,SKI_HARDWARE_0001,Frostline,Frostline Foundation,164,51.74,10510.15,8514.54,8985.76,1.2344,0.9476,Slow,False,True,0.3313,0.555
Ski Hardware,SKI_HARDWARE_0002,Deepfreeze,Deepfreeze Enduro,9,555.92,6493.71,5366.66,4735.7,1.21,1.1332,Slow,False,True,0.2511,0.7271
Ski Hardware,SKI_HARDWARE_0003,Stonepath,Stonepath Ridge,1,254.12,503.03,445.2,326.08,1.1299,1.3653,Slow,False,False,0.0,0.0
Ski Hardware,SKI_HARDWARE_0004,Frostline,Frostline Traverse,0,602.5,104.17,84.17,39.27,1.2376,2.1433,Moderate,True,False,0.0,0.0
Ski Hardware,SKI_HARDWARE_0005,Deepfreeze,Deepfreeze Enduro,5,524.88,3242.3,2965.33,2090.08,1.0934,1.4188,Slow,False,False,0.0,0.0
Ski Hardware,SKI_HARDWARE_0006,Mesaflow,Mesaflow Ridge,1,356.79,766.43,639.15,684.34,1.1991,0.934,Slow,False,True,0.3598,0.2844
Ski Hardware,SKI_HARDWARE_0007,Dustfall,Dustfall Venture,80,106.33,10603.96,8544.15,7036.35,1.2411,1.2143,Slow,False,True,0.2706,0.6811
Ski Hardware,SKI_HARDWARE_0008,Stonepath,Stonepath Lite,1,257.82,528.38,449.49,251.91,1.1755,1.7843,Moderate,False,False,0.0,0.0
Ski Hardware,SKI_HARDWARE_0009,Stonepath,Stonepath Comp,0,321.94,60.74,47.78,20.98,1.2712,2.2781,Moderate,True,False,0.0,0.0
Ski Hardware,SKI_HARDWARE_0010,Stonepath,Stonepath X1,14,526.38,9402.81,7485.75,2562.77,1.2561,2.921,Moderate,False,False,0.0,0.0
Ski Hardware,SKI_HARDWARE_0011,Frostline,Frostline Trail,70,145.92,13493.49,10269.75,13796.98,1.3139,0.7443,Slow,False,True,0.274,0.6803
Ski Hardware,SKI_HARDWARE_0012,Dustfall,Dustfall Ridge,3,609.51,2889.1,2245.3,736.36,1.2867,3.0492,Fast,False,False,0.0,0.0
Ski Hardware,SKI_HARDWARE_0013,Deepfreeze,Deepfreeze Origin,0,512.62,271.27,198.2,240.86,1.3687,0.8229,Slow,True,False,0.0,0.0
Ski Hardware,SKI_HARDWARE_0014,Rockline,Rockline Origin,16,78.07,1379.38,1274.53,1137.59,1.0823,1.1204,Slow,False,False,0.0,0.0
Ski Hardware,SKI_HARDWARE_0015,Rockline,Rockline LTD,16,312.5,6503.78,5105.32,2430.26,1.2739,2.1007,Moderate,False,False,0.0,0.0
Ski Hardware,SKI_HARDWARE_0016,Gravelpath,Gravelpath Crest,17,396.94,9527.68,6905.61,4979.08,1.3797,1.3869,Slow,False,False,0.0,0.0
Ski Hardware,SKI_HARDWARE_0017,Mesaflow,Mesaflow Enduro,0,433.77,343.16,251.4,554.16,1.365,0.4537,Dead,True,True,0.2725,0.6784
Ski Hardware,SKI_HARDWARE_0018,Deepfreeze,Deepfreeze Crest,28,188.98,6711.88,5436.42,4337.94,1.2346,1.2532,Slow,False,True,0.2392,0.4885
Ski Hardware,SKI_HARDWARE_0019,Stonepath,Stonepath Origin,3,260.26,1026.04,933.73,484.92,1.0989,1.9256,Moderate,False,False,0.0,0.0
Ski Hardware,SKI_HARDWARE_0020,Gravelpath,Gravelpath LTD,0,320.96,123.94,100.66,145.03,1.2312,0.6941,Slow,True,True,0.3688,0.6547
Ski Hardware,SKI_HARDWARE_0021,Frostline,Frostline Xpedition,0,420.63,43.64,30.0,20.0,1.4544,1.5002,Moderate,True,True,0.3262,0.4292
Ski Hardware,SKI_HARDWARE_0022,Rockline,Rockline Foundation,26,204.67,5684.72,5456.83,2382.64,1.0418,2.2902,Moderate,False,False,0.0,0.0
Ski Hardware,SKI_HARDWARE_0023,Deepfreeze,Deepfreeze Lite,10,511.78,6904.71,5458.1,3879.06,1.265,1.4071,Slow,False,True,0.0982,0.4913
Ski Hardware,SKI_HARDWARE_0024,Frostline,Frostline Summit,3,649.43,2988.38,2327.93,1636.26,1.2837,1.4227,Slow,False,False,0.0,0.0
Ski Hardware,SKI_HARDWARE_0025,Gravelpath,Gravelpath Base,4,36.33,216.27,175.25,104.09,1.2341,1.6837,Moderate,False,False,0.0,0.0
Ski Hardware,SKI_HARDWARE_0026,Dustfall,Dustfall X1,2,593.52,1778.06,1371.79,1116.96,1.2962,1.2281,Slow,False,False,0.0,0.0
Ski Hardware,SKI_HARDWARE_0027,Gravelpath,Gravelpath Traverse,9,400.94,4829.45,3723.27,3615.09,1.2971,1.0299,Slow,False,False,0.0,0.0
Ski Hardware,SKI_HARDWARE_0028,Deepfreeze,Deepfreeze Ascent,0,524.21,523.13,459.37,1542.83,1.1388,0.2977,Dead,True,False,0.0,0.0
Ski Hardware,SKI_HARDWARE_0029,Gravelpath,Gravelpath Base,45,43.38,2658.08,1969.82,973.04,1.3494,2.0244,Moderate,False,False,0.0,0.0
Ski Hardware,SKI_HARDWARE_0030,Mesaflow,Mesaflow Sport,2,416.17,1220.56,902.69,866.97,1.3521,1.0412,Slow,False,False,0.0,0.0
Ski Hardware,SKI_HARDWARE_0031,Deepfreeze,Deepfreeze X1,1,189.12,249.63,223.53,465.61,1.1167,0.4801,Dead,False,True,0.408,0.4558
Ski Hardware,SKI_HARDWARE_0032,Gravelpath,Gravelpath Team,2,576.78,1822.35,1446.49,2354.99,1.2598,0.6142,Slow,False,True,0.3507,0.5178
Ski Hardware,SKI_HARDWARE_0033,Deepfreeze,Deepfreeze Venture,4,513.54,2714.07,2378.05,3935.48,1.1413,0.6043,Slow,False,True,0.3154,0.6157
Ski Hardware,SKI_HARDWARE_0034,Gravelpath,Gravelpath Comp,0,460.26,186.86,177.13,195.1,1.0549,0.9079,Slow,True,True,0.3403,0.5824
Ski Hardware,SKI_HARDWARE_0035,Rockline,Rockline Signature,0,93.35,131.9,93.22,69.71,1.4149,1.3373,Slow,True,True,0.2515,0.6016
Ski Hardware,SKI_HARDWARE_0036,Frostline,Frostline Apex,5,278.26,1723.04,1427.2,1076.68,1.2073,1.3256,Slow,False,True,0.1474,0.2881
Ski Hardware,SKI_HARDWARE_0037,Stonepath,Stonepath Apex,3,317.65,1261.32,1069.63,1257.17,1.1792,0.8508,Slow,False,True,0.2199,0.5855
Ski Hardware,SKI_HARDWARE_0038,Stonepath,Stonepath Apex,11,217.85,3118.92,2536.82,2704.31,1.2295,0.9381,Slow,False,False,0.0,0.0
Ski Hardware,SKI_HARDWARE_0039,Dustfall,Dustfall Lite,1,245.94,542.16,447.82,771.68,1.2107,0.5803,Slow,False,True,0.3834,0.5914
Ski Hardware,SKI_HARDWARE_0040,Frostline,Frostline Base,4,523.52,2640.64,2215.1,2078.79,1.1921,1.0656,Slow,False,True,0.2108,0.5922
Ski Hardware,SKI_HARDWARE_0041,Rockline,Rockline Xpedition,0,229.17,106.21,90.01,66.65,1.1799,1.3506,Slow,True,True,0.2971,0.3093
Ski Hardware,SKI_HARDWARE_0042,Mesaflow,Mesaflow Traverse,18,253.27,4858.57,4613.94,12789.54,1.053,0.3608,Dead,False,True,0.2704,0.4577
Ski Hardware,SKI_HARDWARE_0043,Deepfreeze,Deepfreeze Team,4,505.97,3257.25,2224.68,2741.92,1.4641,0.8114,Slow,False,True,0.3084,0.3992
Ski Hardware,SKI_HARDWARE_0044,Stonepath,Stonepath Trail,109,150.12,19745.14,16441.13,14136.62,1.201,1.163,Slow,False,False,0.0,0.0
Ski Hardware,SKI_HARDWARE_0045,Stonepath,Stonepath Signature,3,643.13,2871.61,2201.7,2942.94,1.3043,0.7481,Slow,False,True,0.2319,0.6963
Ski Hardware,SKI_HARDWARE_0046,Gravelpath,Gravelpath Ridge,15,68.59,1237.95,1063.95,440.67,1.1635,2.4144,Moderate,False,False,0.0,0.0
Ski Hardware,SKI_HARDWARE_0047,Deepfreeze,Deepfreeze Elite,149,132.35,23216.63,19809.17,7497.67,1.172,2.642,Moderate,False,False,0.0,0.0
Ski Hardware,SKI_HARDWARE_0048,Frostline,Frostline Origin,0,327.8,157.1,123.03,268.79,1.2769,0.4577,Dead,True,True,0.1628,0.5179
Ski Hardware,SKI_HARDWARE_0049,Deepfreeze,Deepfreeze Comp,2,428.26,1458.7,1180.17,1704.1,1.236,0.6925,Slow,False,True,0.2797,0.5895
Ski Hardware,SKI_HARDWARE_0050,Gravelpath,Gravelpath Crest,16,551.71,11826.08,9242.16,5655.51,1.2796,1.6342,Moderate,False,False,0.0,0.0
Ski Hardware,SKI_HARDWARE_0051,Stonepath,Stonepath Team,17,592.84,12281.46,10227.26,2974.59,1.2009,3.4382,Fast,False,False,0.0,0.0
Ski Hardware,SKI_HARDWARE_0052,Mesaflow,Mesaflow Base,4,269.89,1257.23,1125.87,2054.73,1.1167,0.5479,Slow,False,False,0.0,0.0
Ski Hardware,SKI_HARDWARE_0053,Mesaflow,Mesaflow Ridge,11,139.09,2098.38,1608.55,2245.03,1.3045,0.7165,Slow,False,True,0.2483,0.6213
Ski Hardware,SKI_HARDWARE_0054,Dustfall,Dustfall Series II,3,193.71,719.07,597.8,1222.8,1.2029,0.4889,Dead,False,True,0.3155,0.4475
Ski Hardware,SKI_HARDWARE_0055,Stonepath,Stonepath Venture,0,588.9,401.63,339.36,153.38,1.1835,2.2126,Moderate,True,False,0.0,0.0
Ski Hardware,SKI_HARDWARE_0056,Dustfall,Dustfall Tour,18,90.11,1803.05,1642.98,1760.71,1.0974,0.9331,Slow,False,False,0.0,0.0
Ski Hardware,SKI_HARDWARE_0057,Rockline,Rockline Enduro,9,630.92,7533.8,6101.62,8865.99,1.2347,0.6882,Slow,False,False,0.0,0.0
Ski Hardware,SKI_HARDWARE_0058,Frostline,Frostline LTD,45,43.88,2086.44,2012.84,659.88,1.0366,3.0503,Fast,False,False,0.0,0.0
Ski Hardware,SKI_HARDWARE_0059,Stonepath,Stonepath Ascent,0,636.04,42.84,34.68,20.0,1.2354,1.7339,Moderate,True,False,0.0,0.0
Ski Hardware,SKI_HARDWARE_0060,Frostline,Frostline Elite,4,524.9,3000.15,2622.27,1167.71,1.1441,2.2457,Moderate,False,False,0.0,0.0
Ski Hardware,SKI_HARDWARE_0061,Mesaflow,Mesaflow X1,1,48.78,88.4,85.57,60.53,1.033,1.4138,Slow,False,True,0.2504,0.3427
Ski Hardware,SKI_HARDWARE_0062,Mesaflow,Mesaflow Summit,1,524.15,908.87,845.21,1207.09,1.0753,0.7002,Slow,False,True,0.2518,0.7134
Ski Hardware,SKI_HARDWARE_0063,Mesaflow,Mesaflow Comp,4,446.05,2295.55,1853.89,1655.32,1.2382,1.12,Slow,False,True,0.2259,0.4782
Ski Hardware,SKI_HARDWARE_0064,Rockline,Rockline Apex,1,237.96,267.24,262.0,426.56,1.02,0.6142,Slow,False,False,0.0,0.0
Ski Hardware,SKI_HARDWARE_0065,Dustfall,Dustfall Traverse,2,191.69,594.31,504.76,1357.51,1.1774,0.3718,Dead,False,True,0.2459,0.6646
Ski Hardware,SKI_HARDWARE_0066,Stonepath,Stonepath Summit,0,649.21,12.23,9.53,20.0,1.2834,0.4764,Dead,True,True,0.2848,0.5802
Ski Hardware,SKI_HARDWARE_0067,Stonepath,Stonepath Base,5,596.47,3676.61,2995.79,7178.38,1.2273,0.4173,Dead,False,True,0.2989,0.7681
Ski Hardware,SKI_HARDWARE_0068,Dustfall,Dustfall Sport,7,304.47,2937.41,2362.14,1545.57,1.2435,1.5283,Moderate,False,False,0.0,0.0
Ski Hardware,SKI_HARDWARE_0069,Deepfreeze,Deepfreeze Xpedition,4,493.24,2324.52,2251.69,2453.94,1.0323,0.9176,Slow,False,True,0.2522,0.5348
Ski Hardware,SKI_HARDWARE_0070,Stonepath,Stonepath Series II,2,352.67,1308.36,1037.87,2331.78,1.2606,0.4451,Dead,False,True,0.3545,0.6253
Ski Hardware,SKI_HARDWARE_0071,Gravelpath,Gravelpath Pro,16,116.24,2508.84,1933.21,3674.06,1.2978,0.5262,Slow,False,False,0.0,0.0
Ski Hardware,SKI_HARDWARE_0072,Stonepath,Stonepath Pro,22,513.38,14374.06,11492.73,8257.31,1.2507,1.3918,Slow,False,False,0.0,0.0
Ski Hardware,SKI_HARDWARE_0073,Gravelpath,Gravelpath Xpedition,0,532.85,51.23,44.35,20.0,1.1553,2.2173,Moderate,True,False,0.0,0.0
Ski Hardware,SKI_HARDWARE_0074,Frostline,Frostline Comp,7,82.4,802.56,620.68,737.9,1.293,0.8411,Slow,False,True,0.2528,0.5833
Ski Hardware,SKI_HARDWARE_0075,Mesaflow,Mesaflow Origin,99,83.1,8434.79,8269.4,4411.0,1.02,1.8747,Moderate,False,True,0.0633,0.3349
Ski Hardware,SKI_HARDWARE_0076,Frostline,Frostline Ascent,25,50.21,1731.93,1305.29,1328.07,1.3269,0.9828,Slow,False,True,0.2645,0.6403
Ski Hardware,SKI_HARDWARE_0077,Frostline,Frostline Traverse,24,267.09,8154.45,6427.67,9730.1,1.2686,0.6606,Slow,False,True,0.2907,0.6431
Ski Hardware,SKI_HARDWARE_0078,Dustfall,Dustfall Series II,0,327.37,28.38,23.89,21.87,1.1879,1.0926,Slow,True,True,0.301,0.4874
Ski Hardware,SKI_HARDWARE_0079,Rockline,Rockline Signature,20,171.25,4659.93,3507.82,3365.39,1.3284,1.0423,Slow,False,True,0.2082,0.6745
Ski Hardware,SKI_HARDWARE_0080,Mesaflow,Mesaflow Trail,38,309.21,12996.22,11920.04,7051.31,1.0903,1.6905,Moderate,False,False,0.0,0.0
Ski Hardware,SKI_HARDWARE_0081,Stonepath,Stonepath LTD,1,598.7,1005.41,844.67,564.73,1.1903,1.4957,Slow,False,True,0.277,0.5562
Ski Hardware,SKI_HARDWARE_0082,Gravelpath,Gravelpath Base,1,377.74,966.9,735.18,2352.6,1.3152,0.3125,Dead,False,True,0.2055,0.6234
Ski Hardware,SKI_HARDWARE_0083,Deepfreeze,Deepfreeze Tour,0,506.5,287.33,227.28,75.51,1.2642,3.0101,Fast,True,False,0.0,0.0
Ski Hardware,SKI_HARDWARE_0084,Mesaflow,Mesaflow Tour,0,399.36,425.58,385.69,414.6,1.1034,0.9303,Slow,True,False,0.0,0.0
Ski Hardware,SKI_HARDWARE_0085,Gravelpath,Gravelpath Sport,0,523.1,306.98,236.18,359.58,1.2998,0.6568,Slow,True,True,0.3668,0.6369
Ski Hardware,SKI_HARDWARE_0086,Stonepath,Stonepath Ridge,32,236.97,9669.56,7761.83,4939.38,1.2458,1.5714,Moderate,False,True,0.1914,0.3387
Ski Hardware,SKI_HARDWARE_0087,Stonepath,Stonepath Enduro,1,580.49,860.59,636.19,219.63,1.3527,2.8966,Moderate,False,False,0.0,0.0
Ski Hardware,SKI_HARDWARE_0088,Dustfall,Dustfall Comp,60,127.3,8460.54,7725.21,6268.97,1.0952,1.2323,Slow,False,False,0.0,0.0
Ski Hardware,SKI_HARDWARE_0089,Deepfreeze,Deepfreeze Base,0,645.63,704.03,585.9,548.13,1.2016,1.0689,Slow,True,False,0.0,0.0
Ski Hardware,SKI_HARDWARE_0090,Rockline,Rockline Series II,52,356.88,22613.86,18617.71,14724.05,1.2146,1.2644,Slow,False,False,0.0,0.0
Ski Hardware,SKI_HARDWARE_0091,Deepfreeze,Deepfreeze LTD,1,204.29,259.32,240.39,331.88,1.0787,0.7243,Slow,False,True,0.1797,0.5532
Ski Hardware,SKI_HARDWARE_0092,Gravelpath,Gravelpath Elite,27,178.32,6578.33,4992.23,2507.81,1.3177,1.9907,Moderate,False,False,0.0,0.0
Ski Hardware,SKI_HARDWARE_0093,Dustfall,Dustfall LTD,3,476.69,2140.15,1712.36,1283.49,1.2498,1.3341,Slow,False,False,0.0,0.0
Ski Hardware,SKI_HARDWARE_0094,Frostline,Frostline Comp,2,343.22,1106.82,940.78,1716.68,1.1765,0.548,Slow,False,True,0.2651,0.6114
Ski Hardware,SKI_HARDWARE_0095,Mesaflow,Mesaflow X1,12,267.64,4158.82,3346.59,4324.73,1.2427,0.7738,Slow,False,True,0.2996,0.4458
Ski Hardware,SKI_HARDWARE_0096,Stonepath,Stonepath Comp,25,314.91,8645.84,7946.68,3229.38,1.088,2.4607,Moderate,False,False,0.0,0.0
Ski Hardware,SKI_HARDWARE_0097,Gravelpath,Gravelpath Ridge,0,486.76,158.74,132.55,118.43,1.1977,1.1192,Slow,True,False,0.0,0.0
Ski Hardware,SKI_HARDWARE_0098,Rockline,Rockline Team,3,589.31,2384.66,2184.59,828.38,1.0916,2.6372,Moderate,False,False,0.0,0.0
Ski Hardware,SKI_HARDWARE_0099,Mesaflow,Mesaflow Xpedition,2,487.96,1491.59,1096.85,1197.03,1.3599,0.9163,Slow,False,True,0.3871,0.5467
Ski Hardware,SKI_HARDWARE_0100,Mesaflow,Mesaflow Venture,56,219.69,15145.45,12376.15,11854.51,1.2238,1.044,Slow,False,False,0.0,0.0
Ski Hardware,SKI_HARDWARE_0101,Mesaflow,Mesaflow Foundation,1,609.16,1507.57,1149.29,1552.55,1.3117,0.7403,Slow,False,True,0.3402,0.5667
Ski Hardware,SKI_HARDWARE_0102,Dustfall,Dustfall MAX,0,450.64,126.11,101.27,91.34,1.2453,1.1086,Slow,True,True,0.2987,0.4225
Ski Hardware,SKI_HARDWARE_0103,Stonepath,Stonepath Carbon,4,193.77,1175.1,964.13,905.62,1.2188,1.0646,Slow,False,True,0.1814,0.4851
Ski Hardware,SKI_HARDWARE_0104,Deepfreeze,Deepfreeze Elite,6,322.3,2415.89,1949.43,1819.05,1.2393,1.0717,Slow,False,False,0.0,0.0
Ski Hardware,SKI_HARDWARE_0105,Frostline,Frostline Comp,9,177.54,1683.88,1650.86,4329.6,1.02,0.3813,Dead,False,True,0.3058,0.6027
Ski Hardware,SKI_HARDWARE_0106,Dustfall,Dustfall Venture,11,620.3,8078.57,7388.93,3951.08,1.0933,1.8701,Moderate,False,True,0.2202,0.5563
Ski Hardware,SKI_HARDWARE_0107,Rockline,Rockline Carbon,0,407.79,26.84,26.03,96.06,1.0311,0.271,Dead,True,True,0.2956,0.6222
Ski Hardware,SKI_HARDWARE_0108,Frostline,Frostline X1,17,482.6,9420.83,8271.01,4177.93,1.139,1.9797,Moderate,False,False,0.0,0.0
Ski Hardware,SKI_HARDWARE_0109,Gravelpath,Gravelpath Xpedition,3,506.13,2358.48,1931.97,1411.99,1.2208,1.3683,Slow,False,True,0.2023,0.6964
Ski Hardware,SKI_HARDWARE_0110,Stonepath,Stonepath Comp,5,552.97,3944.93,3240.61,6022.97,1.2173,0.538,Slow,False,True,0.3244,0.6428
Ski Hardware,SKI_HARDWARE_0111,Rockline,Rockline LTD,2,570.73,2244.63,1685.74,881.57,1.3315,1.9122,Moderate,False,False,0.0,0.0
Ski Hardware,SKI_HARDWARE_0112,Gravelpath,Gravelpath Team,18,119.91,2241.65,2197.69,931.07,1.02,2.3604,Moderate,False,False,0.0,0.0
Ski Hardware,SKI_HARDWARE_0113,Frostline,Frostline Elite,14,328.06,5729.0,4803.98,6014.33,1.1926,0.7988,Slow,False,True,0.3063,0.5336
Ski Hardware,SKI_HARDWARE_0114,Rockline,Rockline MAX,1,322.64,522.83,415.91,376.83,1.2571,1.1037,Slow,False,False,0.0,0.0
Ski Hardware,SKI_HARDWARE_0115,Deepfreeze,Deepfreeze Base,28,178.01,5546.88,5092.81,3328.01,1.0892,1.5303,Moderate,False,True,0.2797,0.4926
Ski Hardware,SKI_HARDWARE_0116,Gravelpath,Gravelpath Pro,0,271.09,174.98,130.97,90.45,1.336,1.4479,Slow,True,False,0.0,0.0
Ski Hardware,SKI_HARDWARE_0117,Stonepath,Stonepath Summit,2,486.7,1273.95,1018.99,4780.95,1.2502,0.2131,Dead,False,True,0.3515,0.6729
Ski Hardware,SKI_HARDWARE_0118,Gravelpath,Gravelpath Summit,0,520.1,152.15,112.38,152.22,1.3539,0.7383,Slow,True,True,0.2857,0.6047
Ski Hardware,SKI_HARDWARE_0119,Stonepath,Stonepath Enduro,0,421.86,251.49,227.64,192.31,1.1048,1.1837,Slow,True,True,0.1713,0.4863
Ski Hardware,SKI_HARDWARE_0120,Gravelpath,Gravelpath Xpedition,2,114.27,380.36,313.41,169.79,1.2136,1.8459,Moderate,False,False,0.0,0.0
Snowboard Hardware,SNOWBOARD_HARD_0001,Alpenglow,Alpenglow Origin,2,383.91,1347.2,1061.48,1091.24,1.2692,0.9727,Slow,False,True,0.2327,0.6985
Snowboard Hardware,SNOWBOARD_HARD_0002,Terracross,Terracross Foundation,1,556.56,903.47,666.6,627.64,1.3553,1.0621,Slow,False,True,0.3099,0.5321
Snowboard Hardware,SNOWBOARD_HARD_0003,Alpenglow,Alpenglow Venture,5,253.77,1708.68,1391.93,2437.93,1.2276,0.5709,Slow,False,True,0.3083,0.5395
Snowboard Hardware,SNOWBOARD_HARD_0004,Iceform,Iceform Venture,0,628.14,9.16,7.28,20.0,1.2571,0.3642,Dead,True,False,0.0,0.0
Snowboard Hardware,SNOWBOARD_HARD_0005,Terracross,Terracross Xpedition,7,572.99,4816.82,4267.82,6800.26,1.1286,0.6276,Slow,False,True,0.1412,0.6382
Snowboard Hardware,SNOWBOARD_HARD_0006,Alpenglow,Alpenglow Signature,5,401.76,2411.88,2364.59,2268.0,1.02,1.0426,Slow,False,True,0.0969,0.4936
Snowboard Hardware,SNOWBOARD_HARD_0007,Edgewood,Edgewood Base,100,197.74,23004.04,19846.24,10539.54,1.1591,1.883,Moderate,False,False,0.0,0.0
Snowboard Hardware,SNOWBOARD_HARD_0008,Alpenglow,Alpenglow Xpedition,10,311.04,4252.7,3349.94,3127.61,1.2695,1.0711,Slow,False,False,0.0,0.0
Snowboard Hardware,SNOWBOARD_HARD_0009,Alpenglow,Alpenglow LTD,3,409.03,1663.6,1355.09,1545.85,1.2277,0.8766,Slow,False,True,0.3338,0.577
Snowboard Hardware,SNOWBOARD_HARD_0010,Terracross,Terracross Carbon,5,235.5,1842.64,1408.84,1258.32,1.3079,1.1196,Slow,False,True,0.3105,0.5464
Snowboard Hardware,SNOWBOARD_HARD_0011,Edgewood,Edgewood Enduro,6,429.86,3824.78,2989.99,879.53,1.2792,3.3995,Fast,False,False,0.0,0.0
Snowboard Hardware,SNOWBOARD_HARD_0012,Terracross,Terracross Ridge,11,40.69,613.17,480.95,626.57,1.2749,0.7676,Slow,False,True,0.2218,0.7914
Snowboard Hardware,SNOWBOARD_HARD_0013,Alpenglow,Alpenglow Elite,1,588.69,1010.76,762.16,957.11,1.3262,0.7963,Slow,False,True,0.3153,0.4279
Snowboard Hardware,SNOWBOARD_HARD_0014,Terracross,Terracross Base,1,116.44,179.46,125.42,69.76,1.4309,1.7978,Moderate,False,False,0.0,0.0
Snowboard Hardware,SNOWBOARD_HARD_0015,Edgewood,Edgewood Traverse,7,299.25,2556.83,2124.79,2228.09,1.2033,0.9536,Slow,False,True,0.1661,0.6249
Snowboard Hardware,SNOWBOARD_HARD_0016,Terracross,Terracross LTD,0,77.59,32.95,29.64,20.0,1.1117,1.482,Slow,True,False,0.0,0.0
Snowboard Hardware,SNOWBOARD_HARD_0017,Edgewood,Edgewood Crest,0,550.24,169.94,129.03,251.13,1.3171,0.5138,Slow,True,False,0.0,0.0
Snowboard Hardware,SNOWBOARD_HARD_0018,Alpenglow,Alpenglow Base,22,361.49,10642.9,8260.63,5612.75,1.2884,1.4718,Slow,False,False,0.0,0.0
Snowboard Hardware,SNOWBOARD_HARD_0019,Edgewood,Edgewood Ascent,18,306.45,5690.82,5579.24,2340.0,1.02,2.3843,Moderate,False,False,0.0,0.0
Snowboard Hardware,SNOWBOARD_HARD_0020,Iceform,Iceform MAX,8,66.94,749.49,550.64,435.29,1.3611,1.265,Slow,False,False,0.0,0.0
Snowboard Hardware,SNOWBOARD_HARD_0021,Alpenglow,Alpenglow X1,9,40.23,522.07,376.91,457.58,1.3851,0.8237,Slow,False,True,0.1673,0.7401
Snowboard Hardware,SNOWBOARD_HARD_0022,Terracross,Terracross Carbon,13,635.59,10742.51,8324.74,7683.77,1.2904,1.0834,Slow,False,True,0.2411,0.5032
Snowboard Hardware,SNOWBOARD_HARD_0023,Terracross,Terracross Elite,2,594.67,1617.29,1241.26,1431.86,1.3029,0.8669,Slow,False,True,0.2759,0.6002
Snowboard Hardware,SNOWBOARD_HARD_0024,Alpenglow,Alpenglow Venture,75,617.67,49730.28,46679.0,11159.86,1.0654,4.1828,Fast,False,False,0.0,0.0
Snowboard Hardware,SNOWBOARD_HARD_0025,Edgewood,Edgewood Sport,2,615.68,2141.45,1604.65,383.73,1.3345,4.1817,Fast,False,False,0.0,0.0
Snowboard Hardware,SNOWBOARD_HARD_0026,Iceform,Iceform Venture,2,220.7,761.35,599.01,561.29,1.271,1.0672,Slow,False,False,0.0,0.0
Snowboard Hardware,SNOWBOARD_HARD_0027,Edgewood,Edgewood Summit,3,474.25,2048.67,1544.16,810.97,1.3267,1.9041,Moderate,False,False,0.0,0.0
Snowboard Hardware,SNOWBOARD_HARD_0028,Alpenglow,Alpenglow Origin,0,332.51,16.25,14.27,20.0,1.1388,0.7133,Slow,True,True,0.2827,0.5228
Snowboard Hardware,SNOWBOARD_HARD_0029,Iceform,Iceform Ascent,12,284.56,4909.01,3642.54,6103.48,1.3477,0.5968,Slow,False,True,0.2128,0.7242
Snowboard Hardware,SNOWBOARD_HARD_0030,Alpenglow,Alpenglow Ridge,4,314.41,2023.35,1372.5,972.28,1.4742,1.4116,Slow,False,False,0.0,0.0
Snowboard Hardware,SNOWBOARD_HARD_0031,Iceform,Iceform Signature,12,427.65,6943.18,5409.4,5409.32,1.2835,1.0,Slow,False,False,0.0,0.0
Snowboard Hardware,SNOWBOARD_HARD_0032,Terracross,Terracross X1,5,416.83,3366.66,2287.98,2032.58,1.4715,1.1257,Slow,False,True,0.2789,0.615
Snowboard Hardware,SNOWBOARD_HARD_0033,Terracross,Terracross Origin,0,531.26,339.3,265.44,356.79,1.2783,0.7439,Slow,True,True,0.2083,0.4272
Snowboard Hardware,SNOWBOARD_HARD_0034,Alpenglow,Alpenglow Carbon,26,143.5,4715.95,3798.6,8517.99,1.2415,0.446,Dead,False,True,0.1717,0.5789
Snowboard Hardware,SNOWBOARD_HARD_0035,Alpenglow,Alpenglow Tour,536,115.6,66739.15,61967.61,15967.11,1.077,3.881,Fast,False,False,0.0,0.0
Snowboard Hardware,SNOWBOARD_HARD_0036,Iceform,Iceform Tour,11,498.67,7157.56,5762.79,3503.09,1.242,1.6451,Moderate,False,False,0.0,0.0
Snowboard Hardware,SNOWBOARD_HARD_0037,Terracross,Terracross LTD,19,111.17,2398.18,2208.61,1125.61,1.0858,1.9621,Moderate,False,False,0.0,0.0
Snowboard Hardware,SNOWBOARD_HARD_0038,Edgewood,Edgewood Lite,0,463.58,479.05,411.33,347.16,1.1646,1.1849,Slow,True,True,0.1869,0.544
Snowboard Hardware,SNOWBOARD_HARD_0039,Alpenglow,Alpenglow Trail,1,536.59,935.82,846.18,473.29,1.1059,1.7879,Moderate,False,False,0.0,0.0
Snowboard Hardware,SNOWBOARD_HARD_0040,Iceform,Iceform MAX,9,265.78,2960.15,2450.92,1697.54,1.2078,1.4438,Slow,False,True,0.2315,0.6813
Snowboard Hardware,SNOWBOARD_HARD_0041,Edgewood,Edgewood Tour,1,209.47,477.04,370.5,297.23,1.2876,1.2465,Slow,False,True,0.1476,0.5256
Snowboard Hardware,SNOWBOARD_HARD_0042,Edgewood,Edgewood Origin,24,566.05,16801.97,14037.83,5610.84,1.1969,2.5019,Moderate,False,False,0.0,0.0
Snowboard Hardware,SNOWBOARD_HARD_0043,Iceform,Iceform Apex,0,518.2,25.48,21.05,20.0,1.2102,1.0525,Slow,True,True,0.3347,0.5102
Snowboard Hardware,SNOWBOARD_HARD_0044,Alpenglow,Alpenglow Signature,18,377.08,8885.3,6896.85,4067.65,1.2883,1.6955,Moderate,False,False,0.0,0.0
Snowboard Hardware,SNOWBOARD_HARD_0045,Alpenglow,Alpenglow Enduro,0,519.18,577.47,511.37,138.36,1.1293,3.6959,Fast,True,False,0.0,0.0
Snowboard Hardware,SNOWBOARD_HARD_0046,Terracross,Terracross Ascent,1,216.67,346.6,288.21,102.74,1.2026,2.8052,Moderate,False,False,0.0,0.0
Snowboard Hardware,SNOWBOARD_HARD_0047,Alpenglow,Alpenglow Comp,1,235.81,513.38,425.99,165.39,1.2052,2.5756,Moderate,False,False,0.0,0.0
Snowboard Hardware,SNOWBOARD_HARD_0048,Alpenglow,Alpenglow Tour,53,54.62,3087.9,2898.19,1935.33,1.0655,1.4975,Slow,False,False,0.0,0.0
Snowboard Hardware,SNOWBOARD_HARD_0049,Terracross,Terracross Series II,0,139.29,89.08,76.53,137.81,1.164,0.5553,Slow,True,True,0.3478,0.5706
Snowboard Hardware,SNOWBOARD_HARD_0050,Terracross,Terracross Traverse,1,532.75,628.82,549.54,423.44,1.1443,1.2978,Slow,False,True,0.2067,0.3822
Snowboard Hardware,SNOWBOARD_HARD_0051,Alpenglow,Alpenglow Comp,23,177.92,4415.11,4152.06,2299.38,1.0634,1.8057,Moderate,False,False,0.0,0.0
Snowboard Hardware,SNOWBOARD_HARD_0052,Alpenglow,Alpenglow Venture,37,152.66,6197.08,5752.03,4828.22,1.0774,1.1913,Slow,False,True,0.3144,0.2896
Snowboard Hardware,SNOWBOARD_HARD_0053,Terracross,Terracross Elite,3,529.88,2537.53,2090.34,894.77,1.2139,2.3362,Moderate,False,False,0.0,0.0
Snowboard Hardware,SNOWBOARD_HARD_0054,Edgewood,Edgewood Series II,4,137.34,601.8,590.0,1218.67,1.02,0.4841,Dead,False,True,0.2772,0.4549
Snowboard Hardware,SNOWBOARD_HARD_0055,Alpenglow,Alpenglow Xpedition,3,639.25,2766.6,2398.66,2203.26,1.1534,1.0887,Slow,False,True,0.2794,0.5468
Snowboard Hardware,SNOWBOARD_HARD_0056,Edgewood,Edgewood Comp,0,79.8,59.97,48.99,74.22,1.2242,0.66,Slow,True,True,0.2063,0.5418
Snowboard Hardware,SNOWBOARD_HARD_0057,Iceform,Iceform Signature,2,591.61,2078.4,1662.06,1042.07,1.2505,1.595,Moderate,False,False,0.0,0.0
Snowboard Hardware,SNOWBOARD_HARD_0058,Alpenglow,Alpenglow Comp,0,103.34,33.95,27.7,26.59,1.2255,1.0418,Slow,True,False,0.0,0.0
Snowboard Hardware,SNOWBOARD_HARD_0059,Alpenglow,Alpenglow Series II,14,270.29,4228.7,4052.74,660.4,1.0434,6.1368,Fast,False,False,0.0,0.0
Snowboard Hardware,SNOWBOARD_HARD_0060,Edgewood,Edgewood LTD,39,151.31,7774.11,5934.46,4818.11,1.31,1.2317,Slow,False,False,0.0,0.0
Snowboard Hardware,SNOWBOARD_HARD_0061,Alpenglow,Alpenglow Xpedition,5,49.94,392.45,280.92,870.06,1.397,0.3229,Dead,False,True,0.2431,0.5293
Snowboard Hardware,SNOWBOARD_HARD_0062,Alpenglow,Alpenglow Trail,6,611.14,4894.58,3885.44,3268.91,1.2597,1.1886,Slow,False,False,0.0,0.0
Snowboard Hardware,SNOWBOARD_HARD_0063,Terracross,Terracross X1,2,488.7,1710.52,1415.29,1173.95,1.2086,1.2056,Slow,False,False,0.0,0.0
Snowboard Hardware,SNOWBOARD_HARD_0064,Edgewood,Edgewood Trail,0,168.63,177.84,137.0,147.79,1.2981,0.927,Slow,True,True,0.2649,0.6588
Snowboard Hardware,SNOWBOARD_HARD_0065,Terracross,Terracross Series II,0,173.93,72.18,61.33,75.39,1.1768,0.8135,Slow,True,False,0.0,0.0
Snowboard Hardware,SNOWBOARD_HARD_0066,Iceform,Iceform Summit,2,520.59,1553.09,1457.69,1386.72,1.0654,1.0512,Slow,False,False,0.0,0.0
Snowboard Hardware,SNOWBOARD_HARD_0067,Edgewood,Edgewood Crest,5,240.5,1800.12,1215.78,942.74,1.4806,1.2896,Slow,False,False,0.0,0.0
Snowboard Hardware,SNOWBOARD_HARD_0068,Alpenglow,Alpenglow Signature,0,278.62,54.11,46.77,20.0,1.1569,2.3385,Moderate,True,False,0.0,0.0
Snowboard Hardware,SNOWBOARD_HARD_0069,Edgewood,Edgewood Tour,5,637.35,4560.2,3735.97,4604.1,1.2206,0.8114,Slow,False,False,0.0,0.0
Snowboard Hardware,SNOWBOARD_HARD_0070,Terracross,Terracross Tour,0,401.22,171.28,161.52,152.88,1.0604,1.0565,Slow,True,False,0.0,0.0
Snowboard Hardware,SNOWBOARD_HARD_0071,Terracross,Terracross Enduro,10,467.93,5063.44,4721.46,4604.04,1.0724,1.0255,Slow,False,True,0.3385,0.4664
Snowboard Hardware,SNOWBOARD_HARD_0072,Iceform,Iceform MAX,14,268.55,5034.29,4008.08,4515.19,1.256,0.8877,Slow,False,False,0.0,0.0
Snowboard Hardware,SNOWBOARD_HARD_0073,Terracross,Terracross Elite,0,489.51,428.21,394.7,793.48,1.0849,0.4974,Dead,True,False,0.0,0.0
Snowboard Hardware,SNOWBOARD_HARD_0074,Iceform,Iceform Carbon,3,173.28,694.84,588.3,389.63,1.1811,1.5099,Moderate,False,True,0.2415,0.3611
Snowboard Hardware,SNOWBOARD_HARD_0075,Iceform,Iceform Crest,4,353.98,1636.35,1604.26,1235.1,1.02,1.2989,Slow,False,False,0.0,0.0
Snowboard Hardware,SNOWBOARD_HARD_0076,Edgewood,Edgewood X1,2,579.25,1961.61,1466.5,1056.61,1.3376,1.3879,Slow,False,False,0.0,0.0
Snowboard Hardware,SNOWBOARD_HARD_0077,Edgewood,Edgewood MAX,0,632.52,623.67,511.99,297.98,1.2181,1.7182,Moderate,True,False,0.0,0.0
Snowboard Hardware,SNOWBOARD_HARD_0078,Alpenglow,Alpenglow Traverse,19,151.84,3818.59,2951.77,3306.87,1.2937,0.8926,Slow,False,True,0.1907,0.4796
Snowboard Hardware,SNOWBOARD_HARD_0079,Edgewood,Edgewood Ascent,0,540.82,175.27,141.32,62.64,1.2402,2.2561,Moderate,True,False,0.0,0.0
Snowboard Hardware,SNOWBOARD_HARD_0080,Edgewood,Edgewood Venture,0,421.51,307.24,251.75,205.43,1.2205,1.2255,Slow,True,False,0.0,0.0
Snowboard Hardware,SNOWBOARD_HARD_0081,Terracross,Terracross Crest,2,313.56,961.62,725.18,807.02,1.326,0.8986,Slow,False,True,0.2249,0.5563
Snowboard Hardware,SNOWBOARD_HARD_0082,Iceform,Iceform Base,26,226.69,7785.98,6067.67,2210.71,1.2832,2.7447,Moderate,False,False,0.0,0.0
Snowboard Hardware,SNOWBOARD_HARD_0083,Alpenglow,Alpenglow Xpedition,3,212.44,864.77,684.72,788.25,1.263,0.8687,Slow,False,True,0.2298,0.4868
Snowboard Hardware,SNOWBOARD_HARD_0084,Edgewood,Edgewood Tour,36,368.31,17899.85,13304.33,15218.71,1.3454,0.8742,Slow,False,True,0.412,0.4449
Snowboard Hardware,SNOWBOARD_HARD_0085,Terracross,Terracross Base,0,449.4,170.87,148.79,239.59,1.1484,0.621,Slow,True,True,0.2313,0.5631
Snowboard Hardware,SNOWBOARD_HARD_0086,Iceform,Iceform Sport,8,487.52,4868.03,4294.17,2233.0,1.1336,1.9231,Moderate,False,False,0.0,0.0
Snowboard Hardware,SNOWBOARD_HARD_0087,Terracross,Terracross Enduro,9,316.66,3549.76,2868.35,3077.73,1.2376,0.932,Slow,False,True,0.3388,0.571
Snowboard Hardware,SNOWBOARD_HARD_0088,Terracross,Terracross Signature,4,484.11,2225.39,2000.8,1481.79,1.1122,1.3503,Slow,False,True,0.2467,0.2488
Snowboard Hardware,SNOWBOARD_HARD_0089,Alpenglow,Alpenglow Traverse,7,626.11,6659.83,4906.48,2781.78,1.3574,1.7638,Moderate,False,False,0.0,0.0
Snowboard Hardware,SNOWBOARD_HARD_0090,Alpenglow,Alpenglow LTD,2,18.36,55.76,52.81,24.92,1.0559,2.1191,Moderate,False,False,0.0,0.0
Snowboard Hardware,SNOWBOARD_HARD_0091,Iceform,Iceform Venture,1,378.23,585.27,489.44,1150.73,1.1958,0.4253,Dead,False,True,0.275,0.5561
Snowboard Hardware,SNOWBOARD_HARD_0092,Iceform,Iceform Ridge,4,278.55,1615.69,1348.62,877.2,1.198,1.5374,Moderate,False,False,0.0,0.0
Snowboard Hardware,SNOWBOARD_HARD_0093,Edgewood,Edgewood Carbon,14,495.85,9032.63,7343.96,4685.24,1.2299,1.5675,Moderate,False,False,0.0,0.0
Snowboard Hardware,SNOWBOARD_HARD_0094,Iceform,Iceform Ascent,1,176.27,381.68,303.22,763.17,1.2587,0.3973,Dead,False,True,0.2831,0.6701
Snowboard Hardware,SNOWBOARD_HARD_0095,Edgewood,Edgewood Ascent,3,561.5,2505.17,2083.11,1323.8,1.2026,1.5736,Moderate,False,False,0.0,0.0
Snowboard Hardware,SNOWBOARD_HARD_0096,Iceform,Iceform Carbon,12,209.62,3054.53,2684.97,1559.55,1.1376,1.7216,Moderate,False,False,0.0,0.0
Snowboard Hardware,SNOWBOARD_HARD_0097,Edgewood,Edgewood Ascent,0,522.62,250.34,207.54,282.49,1.2062,0.7347,Slow,True,True,0.2191,0.6057
Snowboard Hardware,SNOWBOARD_HARD_0098,Edgewood,Edgewood Foundation,9,276.06,3393.46,2708.14,2148.31,1.2531,1.2606,Slow,False,False,0.0,0.0
Snowboard Hardware,SNOWBOARD_HARD_0099,Terracross,Terracross Lite,42,137.27,7127.58,5789.36,6703.29,1.2312,0.8637,Slow,False,False,0.0,0.0
Snowboard Hardware,SNOWBOARD_HARD_0100,Terracross,Terracross X1,1,368.12,522.8,423.85,1105.66,1.2334,0.3834,Dead,False,True,0.3516,0.5411
Snowboard Hardware,SNOWBOARD_HARD_0101,Iceform,Iceform Summit,0,52.72,44.74,34.4,33.9,1.3006,1.0148,Slow,True,True,0.2555,0.636
Snowboard Hardware,SNOWBOARD_HARD_0102,Edgewood,Edgewood LTD,3,297.88,1209.17,930.96,1696.29,1.2988,0.5488,Slow,False,True,0.3612,0.615
Snowboard Hardware,SNOWBOARD_HARD_0103,Edgewood,Edgewood Pro,7,365.28,3405.84,2617.37,2452.01,1.3012,1.0674,Slow,False,True,0.314,0.4693
Snowboard Hardware,SNOWBOARD_HARD_0104,Edgewood,Edgewood Crest,0,330.25,54.61,48.84,79.44,1.1182,0.6148,Slow,True,True,0.4035,0.7208
Snowboard Hardware,SNOWBOARD_HARD_0105,Alpenglow,Alpenglow Carbon,0,467.61,328.75,238.34,132.35,1.3793,1.8008,Moderate,True,True,0.0875,0.4666
Snowboard Hardware,SNOWBOARD_HARD_0106,Edgewood,Edgewood Apex,1,467.8,802.59,752.85,561.01,1.0661,1.3419,Slow,False,True,0.1946,0.3797
Snowboard Hardware,SNOWBOARD_HARD_0107,Alpenglow,Alpenglow Comp,0,305.49,36.24,31.0,29.99,1.1689,1.0337,Slow,True,True,0.2372,0.4218
Snowboard Hardware,SNOWBOARD_HARD_0108,Alpenglow,Alpenglow Origin,30,29.29,1154.71,892.83,408.36,1.2933,2.1864,Moderate,False,False,0.0,0.0
Snowboard Hardware,SNOWBOARD_HARD_0109,Alpenglow,Alpenglow Origin,0,631.17,406.92,326.72,267.38,1.2455,1.222,Slow,True,False,0.0,0.0
Snowboard Hardware,SNOWBOARD_HARD_0110,Edgewood,Edgewood Ascent,0,555.07,186.6,144.89,90.75,1.2879,1.5965,Moderate,True,False,0.0,0.0
Snowboard Hardware,SNOWBOARD_HARD_0111,Terracross,Terracross Apex,14,115.06,2199.32,1644.15,1934.58,1.3377,0.8499,Slow,False,False,0.0,0.0
Snowboard Hardware,SNOWBOARD_HARD_0112,Alpenglow,Alpenglow Elite,36,316.6,11758.72,11435.75,5362.1,1.0282,2.1327,Moderate,False,False,0.0,0.0
Snowboard Hardware,SNOWBOARD_HARD_0113,Alpenglow,Alpenglow Lite,15,251.2,4403.54,3920.56,4528.81,1.1232,0.8657,Slow,False,True,0.1734,0.5086
Snowboard Hardware,SNOWBOARD_HARD_0114,Alpenglow,Alpenglow Origin,3,561.24,2199.75,2021.39,816.36,1.0882,2.4761,Moderate,False,False,0.0,0.0
Snowboard Hardware,SNOWBOARD_HARD_0115,Edgewood,Edgewood Xpedition,14,603.66,10031.75,8755.0,10660.84,1.1458,0.8212,Slow,False,True,0.2061,0.3362
Snowboard Hardware,SNOWBOARD_HARD_0116,Alpenglow,Alpenglow Base,7,232.71,2133.12,1853.24,4238.51,1.151,0.4372,Dead,False,True,0.428,0.6046
Snowboard Hardware,SNOWBOARD_HARD_0117,Edgewood,Edgewood Tour,1,346.69,610.78,525.93,1185.16,1.1613,0.4438,Dead,False,True,0.3619,0.478
Snowboard Hardware,SNOWBOARD_HARD_0118,Iceform,Iceform Ridge,1,327.22,806.24,646.41,747.93,1.2473,0.8643,Slow,False,True,0.2625,0.4757
Snowboard Hardware,SNOWBOARD_HARD_0119,Edgewood,Edgewood Elite,7,296.76,2828.46,2317.09,1689.6,1.2207,1.3714,Slow,False,False,0.0,0.0
Snowboard Hardware,SNOWBOARD_HARD_0120,Alpenglow,Alpenglow Team,1,406.29,706.13,569.01,563.02,1.241,1.0106,Slow,False,True,0.3121,0.3428
Snowboard Hardware,SNOWBOARD_HARD_0121,Iceform,Iceform Pro,0,267.05,315.83,246.49,85.02,1.2813,2.899,Moderate,True,False,0.0,0.0
Snowboard Hardware,SNOWBOARD_HARD_0122,Edgewood,Edgewood MAX,56,31.8,2056.45,1792.16,1719.88,1.1475,1.042,Slow,False,True,0.2176,0.4478
Snowboard Hardware,SNOWBOARD_HARD_0123,Alpenglow,Alpenglow Sport,39,32.07,1618.44,1257.28,841.83,1.2873,1.4935,Slow,False,False,0.0,0.0
Snowboard Hardware,SNOWBOARD_HARD_0124,Edgewood,Edgewood Trail,7,417.65,3847.74,3049.15,2040.14,1.2619,1.4946,Slow,False,False,0.0,0.0
Snowboard Hardware,SNOWBOARD_HARD_0125,Terracross,Terracross Ascent,23,363.7,9915.89,8547.57,9174.41,1.1601,0.9317,Slow,False,True,0.1874,0.6536
Snowboard Hardware,SNOWBOARD_HARD_0126,Edgewood,Edgewood Pro,1,222.71,512.4,378.2,587.12,1.3548,0.6442,Slow,False,True,0.3994,0.6407
Snowboard Hardware,SNOWBOARD_HARD_0127,Edgewood,Edgewood Base,27,75.32,2548.29,2076.76,1582.93,1.2271,1.312,Slow,False,True,0.2724,0.4984
Snowboard Hardware,SNOWBOARD_HARD_0128,Terracross,Terracross Ascent,5,561.22,3561.17,2912.62,2256.85,1.2227,1.2906,Slow,False,False,0.0,0.0
Snowboard Hardware,SNOWBOARD_HARD_0129,Edgewood,Edgewood Tour,0,353.42,196.58,157.07,561.94,1.2516,0.2795,Dead,True,False,0.0,0.0
Snowboard Hardware,SNOWBOARD_HARD_0130,Edgewood,Edgewood LTD,4,265.64,1528.57,1286.32,740.93,1.1883,1.7361,Moderate,False,True,0.1849,0.5471
Snowboard Hardware,SNOWBOARD_HARD_0131,Alpenglow,Alpenglow Summit,1,238.48,352.32,265.53,187.62,1.3269,1.4152,Slow,False,False,0.0,0.0
Snowboard Hardware,SNOWBOARD_HARD_0132,Iceform,Iceform Signature,1,379.47,483.88,429.89,775.51,1.1256,0.5543,Slow,False,True,0.3055,0.473
Snowboard Hardware,SNOWBOARD_HARD_0133,Alpenglow,Alpenglow Elite,5,168.71,1267.09,937.41,1550.97,1.3517,0.6044,Slow,False,True,0.2989,0.6378
Snowboard Hardware,SNOWBOARD_HARD_0134,Terracross,Terracross Origin,0,468.99,197.91,169.63,389.56,1.1667,0.4354,Dead,True,False,0.0,0.0
Snowboard Hardware,SNOWBOARD_HARD_0135,Iceform,Iceform Lite,9,355.01,4172.73,3285.96,2350.28,1.2699,1.3981,Slow,False,True,0.2953,0.4837
Bikes,BIKES_0001,Edgewood,Edgewood Enduro,2,75.14,211.62,188.65,934.23,1.1218,0.2019,Dead,False,True,0.223,0.4823
Bikes,BIKES_0002,Basecamp,Basecamp Traverse,7,231.99,1813.35,1644.09,777.08,1.103,2.1157,Moderate,False,False,0.0,0.0
Bikes,BIKES_0003,Stonepath,Stonepath Enduro,0,250.72,104.67,91.44,328.18,1.1447,0.2786,Dead,True,True,0.3256,0.7309
Bikes,BIKES_0004,Stonepath,Stonepath LTD,5,166.42,1138.75,974.55,1557.37,1.1685,0.6258,Slow,False,True,0.3558,0.4752
Bikes,BIKES_0005,Edgewood,Edgewood Xpedition,6,88.04,574.3,529.9,686.02,1.0838,0.7724,Slow,False,True,0.2244,0.5875
Bikes,BIKES_0006,Edgewood,Edgewood Carbon,10,347.99,4310.35,3664.3,4418.2,1.1763,0.8294,Slow,False,True,0.3236,0.6352
Bikes,BIKES_0007,Duskridge,Duskridge Summit,10,618.71,7009.33,6209.69,8744.43,1.1288,0.7101,Slow,False,False,0.0,0.0
Bikes,BIKES_0008,Basecamp,Basecamp Crest,5,610.22,3794.48,3113.54,4459.84,1.2187,0.6981,Slow,False,True,0.2942,0.6681
Bikes,BIKES_0009,Edgewood,Edgewood Summit,1,165.09,190.93,187.18,663.91,1.02,0.2819,Dead,False,True,0.31,0.4982
Bikes,BIKES_0010,Basecamp,Basecamp Traverse,0,374.02,57.58,50.94,92.18,1.1304,0.5526,Slow,True,True,0.3004,0.5394
Bikes,BIKES_0011,Basecamp,Basecamp X1,5,541.98,3810.4,3116.7,2816.95,1.2226,1.1064,Slow,False,False,0.0,0.0
Bikes,BIKES_0012,Duskridge,Duskridge Team,163,28.42,5765.17,4654.61,4526.0,1.2386,1.0284,Slow,False,False,0.0,0.0
Bikes,BIKES_0013,Trailhead,Trailhead Traverse,91,25.84,2747.3,2354.61,2281.3,1.1668,1.0321,Slow,False,True,0.2707,0.6144
Bikes,BIKES_0014,Basecamp,Basecamp Team,0,127.29,109.53,88.09,98.02,1.2434,0.8987,Slow,True,True,0.2284,0.6542
Bikes,BIKES_0015,Edgewood,Edgewood Comp,4,198.26,844.09,827.54,993.0,1.02,0.8334,Slow,False,True,0.3121,0.5777
Bikes,BIKES_0016,Basecamp,Basecamp Comp,23,446.69,13507.25,10555.88,8643.76,1.2796,1.2212,Slow,False,False,0.0,0.0
Bikes,BIKES_0017,Basecamp,Basecamp Comp,26,44.07,1336.21,1169.7,734.76,1.1424,1.5919,Moderate,False,True,0.2362,0.5448
Bikes,BIKES_0018,Basecamp,Basecamp MAX,1,540.52,802.45,685.27,1101.78,1.171,0.622,Slow,False,True,0.1917,0.5559
Bikes,BIKES_0019,Duskridge,Duskridge Venture,18,66.5,1241.98,1217.63,1547.99,1.02,0.7866,Slow,False,True,0.2781,0.5211
Bikes,BIKES_0020,Stonepath,Stonepath Xpedition,1,272.3,673.66,529.05,827.07,1.2733,0.6397,Slow,False,True,0.3018,0.5579
Bikes,BIKES_0021,Edgewood,Edgewood Xpedition,7,74.08,614.94,563.07,1082.3,1.0921,0.5203,Slow,False,True,0.3397,0.6373
Bikes,BIKES_0022,Duskridge,Duskridge X1,0,494.19,446.16,359.55,488.9,1.2409,0.7354,Slow,True,True,0.2674,0.7663
Bikes,BIKES_0023,Basecamp,Basecamp Venture,10,578.36,6078.72,5959.53,4833.09,1.02,1.2331,Slow,False,False,0.0,0.0
Bikes,BIKES_0024,Edgewood,Edgewood Team,0,330.37,238.29,209.8,182.44,1.1358,1.15,Slow,True,True,0.3418,0.6648
Bikes,BIKES_0025,Basecamp,Basecamp Traverse,1,162.31,293.8,227.83,245.91,1.2895,0.9265,Slow,False,False,0.0,0.0
Bikes,BIKES_0026,Stonepath,Stonepath Traverse,9,234.52,2626.45,2171.42,2125.26,1.2096,1.0217,Slow,False,True,0.4015,0.5948
Bikes,BIKES_0027,Basecamp,Basecamp Apex,32,347.26,13225.39,11367.78,11256.06,1.1634,1.0099,Slow,False,True,0.2081,0.6588
Bikes,BIKES_0028,Basecamp,Basecamp Comp,1,498.31,1190.36,946.89,1964.4,1.2571,0.482,Dead,False,True,0.3323,0.6932
Bikes,BIKES_0029,Stonepath,Stonepath Enduro,0,438.01,110.02,91.85,41.98,1.1978,2.1881,Moderate,True,False,0.0,0.0
Bikes,BIKES_0030,Stonepath,Stonepath Elite,13,488.57,8364.04,6777.06,5600.82,1.2342,1.21,Slow,False,True,0.3255,0.5375
Bikes,BIKES_0031,Stonepath,Stonepath Series II,5,549.32,3118.81,2782.02,1607.07,1.1211,1.7311,Moderate,False,False,0.0,0.0
Bikes,BIKES_0032,Basecamp,Basecamp Traverse,10,527.28,5960.04,5471.82,2892.81,1.0892,1.8915,Moderate,False,False,0.0,0.0
Bikes,BIKES_0033,Edgewood,Edgewood Apex,11,406.23,4768.29,4674.79,12013.1,1.02,0.3891,Dead,False,True,0.2879,0.4189
Bikes,BIKES_0034,Duskridge,Duskridge Lite,0,534.87,320.81,255.88,285.67,1.2537,0.8957,Slow,True,False,0.0,0.0
Bikes,BIKES_0035,Basecamp,Basecamp Elite,10,115.01,1649.44,1260.69,2154.08,1.3084,0.5853,Slow,False,True,0.2878,0.717
Bikes,BIKES_0036,Edgewood,Edgewood MAX,1,341.04,765.04,656.03,1219.43,1.1662,0.538,Slow,False,False,0.0,0.0
Bikes,BIKES_0037,Edgewood,Edgewood Series II,0,570.91,124.92,98.16,108.7,1.2726,0.903,Slow,True,True,0.3462,0.5117
Bikes,BIKES_0038,Edgewood,Edgewood Origin,5,354.69,2183.88,1954.55,1429.06,1.1173,1.3677,Slow,False,True,0.1815,0.3947
Bikes,BIKES_0039,Edgewood,Edgewood Pro,0,125.69,87.8,66.64,81.71,1.3176,0.8155,Slow,True,True,0.4238,0.4491
Bikes,BIKES_0040,Basecamp,Basecamp Tour,69,161.08,14433.99,11225.75,11259.21,1.2858,0.997,Slow,False,True,0.2317,0.5605
Bikes,BIKES_0041,Edgewood,Edgewood Series II,2,242.54,667.76,551.64,686.51,1.2105,0.8035,Slow,False,True,0.2602,0.4134
Bikes,BIKES_0042,Basecamp,Basecamp Enduro,2,582.32,1395.28,1230.36,1268.49,1.134,0.9699,Slow,False,True,0.2295,0.6059
Bikes,BIKES_0043,Trailhead,Trailhead Pro,1,132.72,241.45,198.94,296.17,1.2137,0.6717,Slow,False,True,0.3847,0.6225
Bikes,BIKES_0044,Edgewood,Edgewood Ascent,1,501.36,733.71,572.78,478.11,1.281,1.198,Slow,False,True,0.2107,0.3617
Bikes,BIKES_0045,Duskridge,Duskridge Venture,0,160.39,17.88,15.57,52.31,1.1484,0.2976,Dead,True,True,0.2414,0.5121
Bikes,BIKES_0046,Duskridge,Duskridge Foundation,4,459.41,2583.69,1993.71,2789.21,1.2959,0.7148,Slow,False,True,0.2963,0.6059
Bikes,BIKES_0047,Stonepath,Stonepath Trail,67,63.79,4640.7,4337.45,2808.37,1.0699,1.5445,Moderate,False,False,0.0,0.0
Bikes,BIKES_0048,Stonepath,Stonepath Team,17,644.31,13221.61,10962.94,13611.23,1.206,0.8054,Slow,False,True,0.2741,0.551
Bikes,BIKES_0049,Basecamp,Basecamp LTD,15,427.91,7100.97,6652.71,7748.42,1.0674,0.8586,Slow,False,True,0.2839,0.566
Bikes,BIKES_0050,Duskridge,Duskridge Signature,1,240.09,380.34,320.74,706.42,1.1858,0.454,Dead,False,True,0.3175,0.5385
Bikes,BIKES_0051,Duskridge,Duskridge Crest,1,546.27,1040.9,901.41,1771.09,1.1547,0.509,Slow,False,True,0.2325,0.4604
Bikes,BIKES_0052,Basecamp,Basecamp Enduro,0,241.28,34.65,29.67,44.12,1.1677,0.6726,Slow,True,True,0.2766,0.8174
Bikes,BIKES_0053,Stonepath,Stonepath Pro,2,93.22,311.34,253.48,482.02,1.2283,0.5259,Slow,False,True,0.3626,0.7047
Bikes,BIKES_0054,Basecamp,Basecamp Venture,0,569.89,243.04,210.42,314.35,1.155,0.6694,Slow,True,True,0.3144,0.5325
Bikes,BIKES_0055,Duskridge,Duskridge Signature,8,292.67,3075.78,2427.39,2510.39,1.2671,0.9669,Slow,False,False,0.0,0.0
Bikes,BIKES_0056,Basecamp,Basecamp Trail,1,622.1,1444.84,1157.28,801.59,1.2485,1.4437,Slow,False,False,0.0,0.0
Bikes,BIKES_0057,Edgewood,Edgewood Origin,13,531.51,8056.82,7185.77,4559.95,1.1212,1.5758,Moderate,False,False,0.0,0.0
Bikes,BIKES_0058,Trailhead,Trailhead Base,6,540.29,4040.21,3260.09,2153.12,1.2393,1.5141,Moderate,False,False,0.0,0.0
Bikes,BIKES_0059,Edgewood,Edgewood MAX,5,252.92,1533.37,1355.15,1669.36,1.1315,0.8118,Slow,False,True,0.2526,0.6018
Bikes,BIKES_0060,Trailhead,Trailhead Foundation,30,389.5,12988.96,11696.46,5036.98,1.1105,2.3221,Moderate,False,False,0.0,0.0
Bikes,BIKES_0061,Basecamp,Basecamp Apex,4,258.31,1290.95,1102.46,1154.18,1.171,0.9552,Slow,False,True,0.243,0.6865
Bikes,BIKES_0062,Duskridge,Duskridge Team,0,290.82,55.26,49.18,89.66,1.1235,0.5486,Slow,True,True,0.2654,0.642
Bikes,BIKES_0063,Trailhead,Trailhead Summit,0,280.19,216.05,194.27,150.42,1.1121,1.2916,Slow,True,True,0.2977,0.4011
Bikes,BIKES_0064,Basecamp,Basecamp Tour,4,307.29,2016.47,1521.46,1578.61,1.3254,0.9638,Slow,False,True,0.1868,0.4741
Bikes,BIKES_0065,Stonepath,Stonepath Base,275,18.63,5763.12,5136.66,7438.61,1.122,0.6905,Slow,False,True,0.2016,0.6474
Bikes,BIKES_0066,Edgewood,Edgewood Lite,109,33.31,3745.18,3631.4,2372.11,1.0313,1.5309,Moderate,False,False,0.0,0.0
Bikes,BIKES_0067,Edgewood,Edgewood Series II,9,638.17,6727.57,5801.95,6409.46,1.1595,0.9052,Slow,False,True,0.1738,0.7938
Bikes,BIKES_0068,Duskridge,Duskridge Trail,0,411.78,41.98,33.39,20.0,1.2573,1.6694,Moderate,True,False,0.0,0.0
Bikes,BIKES_0069,Duskridge,Duskridge Base,0,648.15,558.27,468.83,367.37,1.1908,1.2762,Slow,True,True,0.2363,0.6107
Bikes,BIKES_0070,Edgewood,Edgewood Apex,8,463.18,4327.09,3897.63,2731.05,1.1102,1.4272,Slow,False,True,0.1981,0.5621
Bikes,BIKES_0071,Duskridge,Duskridge Base,0,557.98,308.64,237.63,291.15,1.2988,0.8162,Slow,True,True,0.2308,0.7123
Bikes,BIKES_0072,Basecamp,Basecamp Foundation,59,55.91,3787.32,3323.86,3410.99,1.1394,0.9745,Slow,False,True,0.3065,0.458
Bikes,BIKES_0073,Duskridge,Duskridge Signature,0,149.23,43.64,41.29,90.94,1.0568,0.454,Dead,True,True,0.3106,0.6543
Bikes,BIKES_0074,Edgewood,Edgewood Venture,14,172.6,2778.56,2588.62,4407.55,1.0734,0.5873,Slow,False,True,0.1624,0.4493
Bikes,BIKES_0075,Basecamp,Basecamp Base,1,282.35,390.14,323.59,607.0,1.2057,0.5331,Slow,False,True,0.346,0.7019
Bikes,BIKES_0076,Stonepath,Stonepath Ridge,33,111.5,4602.15,3784.55,3473.3,1.216,1.0896,Slow,False,False,0.0,0.0
Bikes,BIKES_0077,Stonepath,Stonepath Venture,13,25.46,429.3,355.4,660.94,1.2079,0.5377,Slow,False,True,0.2623,0.5209
Bikes,BIKES_0078,Basecamp,Basecamp Summit,0,180.52,11.42,9.08,21.62,1.2581,0.4198,Dead,True,True,0.3577,0.545
Bikes,BIKES_0079,Stonepath,Stonepath LTD,0,429.31,48.12,42.9,25.05,1.1217,1.7126,Moderate,True,True,0.283,0.4522
Bikes,BIKES_0080,Basecamp,Basecamp Series II,10,470.59,5419.79,4811.82,3795.41,1.1264,1.2678,Slow,False,False,0.0,0.0
Bikes,BIKES_0081,Stonepath,Stonepath LTD,11,401.15,6460.26,4803.12,4260.93,1.345,1.1272,Slow,False,True,0.1961,0.6097
Bikes,BIKES_0082,Trailhead,Trailhead Ascent,2,517.83,1586.3,1502.98,1449.92,1.0554,1.0366,Slow,False,False,0.0,0.0
Bikes,BIKES_0083,Basecamp,Basecamp Base,3,316.86,1287.62,1077.58,722.98,1.1949,1.4905,Slow,False,False,0.0,0.0
Bikes,BIKES_0084,Edgewood,Edgewood Base,3,542.07,2311.83,1811.73,1163.86,1.276,1.5566,Moderate,False,False,0.0,0.0
Bikes,BIKES_0085,Edgewood,Edgewood Signature,5,507.43,3414.6,2630.77,8897.97,1.2979,0.2957,Dead,False,True,0.4169,0.742
Bikes,BIKES_0086,Edgewood,Edgewood Trail,1,499.63,831.13,717.66,959.3,1.1581,0.7481,Slow,False,True,0.3105,0.6353
Bikes,BIKES_0087,Trailhead,Trailhead Venture,2,166.31,441.41,356.57,827.82,1.2379,0.4307,Dead,False,True,0.1574,0.3869
Bikes,BIKES_0088,Stonepath,Stonepath Sport,1,186.7,381.49,323.23,257.0,1.1802,1.2577,Slow,False,False,0.0,0.0
Bikes,BIKES_0089,Basecamp,Basecamp Pro,22,58.74,1598.99,1335.39,1509.63,1.1974,0.8846,Slow,False,True,0.1791,0.6878
Bikes,BIKES_0090,Trailhead,Trailhead Base,0,134.48,75.54,64.73,20.0,1.1671,3.2363,Fast,True,False,0.0,0.0
Bikes,BIKES_0091,Trailhead,Trailhead Traverse,1,300.75,373.73,316.53,508.12,1.1807,0.6229,Slow,False,True,0.2136,0.4989
Bikes,BIKES_0092,Edgewood,Edgewood Lite,2,578.3,1721.61,1250.29,2040.3,1.377,0.6128,Slow,False,True,0.2833,0.6044
Bikes,BIKES_0093,Trailhead,Trailhead Apex,9,154.24,1691.31,1422.53,2094.78,1.1889,0.6791,Slow,False,True,0.3732,0.6348
Bikes,BIKES_0094,Trailhead,Trailhead Base,17,299.89,7100.03,5125.93,5911.32,1.3851,0.8671,Slow,False,True,0.2038,0.7819
Bikes,BIKES_0095,Edgewood,Edgewood Elite,1,533.56,1076.16,839.17,1150.86,1.2824,0.7292,Slow,False,True,0.1937,0.5384
Bikes,BIKES_0096,Basecamp,Basecamp Summit,10,186.93,2427.3,1918.16,7390.14,1.2654,0.2596,Dead,False,True,0.4626,0.5844
Bikes,BIKES_0097,Edgewood,Edgewood Tour,13,147.72,2434.74,1934.09,1994.2,1.2589,0.9699,Slow,False,True,0.3323,0.5747
Bikes,BIKES_0098,Trailhead,Trailhead Series II,3,627.62,2476.13,2427.58,3769.73,1.02,0.644,Slow,False,True,0.3169,0.4987
Bikes,BIKES_0099,Stonepath,Stonepath Lite,23,141.51,4156.6,3362.35,3704.92,1.2362,0.9075,Slow,False,False,0.0,0.0
Bikes,BIKES_0100,Edgewood,Edgewood Crest,26,227.49,7384.26,6045.4,7153.16,1.2215,0.8451,Slow,False,True,0.3435,0.6001
Bikes,BIKES_0101,Trailhead,Trailhead Tour,0,432.88,77.49,70.77,83.53,1.0949,0.8472,Slow,True,True,0.2707,0.4622
Bikes,BIKES_0102,Edgewood,Edgewood Trail,0,120.5,45.24,39.81,38.98,1.1364,1.0214,Slow,True,True,0.3184,0.6732
Bikes,BIKES_0103,Trailhead,Trailhead Elite,2,99.45,229.0,210.35,421.03,1.0887,0.4996,Dead,False,True,0.2351,0.5475
Bikes,BIKES_0104,Duskridge,Duskridge Comp,1,473.91,767.61,672.41,1140.82,1.1416,0.5894,Slow,False,True,0.4451,0.5983
Bikes,BIKES_0105,Stonepath,Stonepath Elite,10,127.35,1578.62,1323.14,1466.34,1.1931,0.9023,Slow,False,False,0.0,0.0
Bikes,BIKES_0106,Trailhead,Trailhead Elite,4,482.57,2577.97,2168.73,1402.57,1.1887,1.5463,Moderate,False,False,0.0,0.0
Bikes,BIKES_0107,Duskridge,Duskridge Base,3,396.27,1790.11,1531.06,2919.29,1.1692,0.5245,Slow,False,True,0.3644,0.5422
Bikes,BIKES_0108,Stonepath,Stonepath Signature,0,596.93,595.63,530.4,510.01,1.123,1.04,Slow,True,True,0.194,0.4381
Bikes,BIKES_0109,Edgewood,Edgewood Origin,3,454.49,1880.35,1467.38,885.25,1.2814,1.6576,Moderate,False,True,0.1714,0.6392
Bikes,BIKES_0110,Duskridge,Duskridge Venture,5,467.2,3045.72,2741.63,1319.13,1.1109,2.0784,Moderate,False,False,0.0,0.0
Bikes,BIKES_0111,Trailhead,Trailhead Signature,1,248.48,524.77,423.1,653.26,1.2403,0.6477,Slow,False,True,0.2952,0.6503
Bikes,BIKES_0112,Trailhead,Trailhead Trail,6,54.46,384.15,350.24,879.08,1.0968,0.3984,Dead,False,True,0.4077,0.6815
Bikes,BIKES_0113,Edgewood,Edgewood Base,311,34.97,12103.44,10904.08,7559.04,1.11,1.4425,Slow,False,False,0.0,0.0
Bikes,BIKES_0114,Duskridge,Duskridge Signature,0,368.77,217.43,183.22,164.99,1.1867,1.1105,Slow,True,True,0.2731,0.5761
Bikes,BIKES_0115,Trailhead,Trailhead Team,17,428.42,8497.81,7692.78,6589.79,1.1046,1.1674,Slow,False,False,0.0,0.0
Bikes,BIKES_0116,Trailhead,Trailhead Xpedition,0,87.2,30.16,27.07,29.12,1.1139,0.9299,Slow,True,True,0.3478,0.6481
Bikes,BIKES_0117,Basecamp,Basecamp Ascent,26,490.67,14766.73,12807.58,4107.91,1.153,3.1178,Fast,False,False,0.0,0.0
Bikes,BIKES_0118,Trailhead,Trailhead Apex,12,191.32,2627.83,2316.91,2192.01,1.1342,1.057,Slow,False,False,0.0,0.0
Bikes,BIKES_0119,Duskridge,Duskridge Pro,11,528.55,7285.56,6114.49,2218.18,1.1915,2.7565,Moderate,False,False,0.0,0.0
Bikes,BIKES_0120,Trailhead,Trailhead Signature,5,295.67,1752.6,1571.47,1899.92,1.1153,0.8271,Slow,False,True,0.2635,0.4078
Bikes,BIKES_0121,Duskridge,Duskridge Team,22,198.03,5315.54,4359.86,5004.25,1.2192,0.8712,Slow,False,True,0.2374,0.5824
Bikes,BIKES_0122,Duskridge,Duskridge Origin,57,90.58,5680.63,5224.02,8576.3,1.0874,0.6091,Slow,False,True,0.3366,0.6766
Bikes,BIKES_0123,Basecamp,Basecamp Apex,1,367.5,687.77,674.28,459.26,1.02,1.4682,Slow,False,True,0.27,0.5167
Bikes,BIKES_0124,Stonepath,Stonepath Tour,0,375.28,241.99,218.82,624.76,1.1059,0.3502,Dead,True,True,0.2322,0.511
Bikes,BIKES_0125,Stonepath,Stonepath Tour,50,162.15,8643.0,8251.74,11483.23,1.0474,0.7186,Slow,False,True,0.2925,0.4481
Bikes,BIKES_0126,Duskridge,Duskridge Lite,78,423.53,34804.84,33058.06,18854.23,1.0528,1.7533,Moderate,False,False,0.0,0.0
Bikes,BIKES_0127,Duskridge,Duskridge Foundation,3,355.08,1417.05,1111.66,1772.92,1.2747,0.627,Slow,False,True,0.3198,0.5426
Bikes,BIKES_0128,Trailhead,Trailhead Signature,0,138.54,158.72,125.78,114.21,1.2619,1.1013,Slow,True,False,0.0,0.0
Bikes,BIKES_0129,Duskridge,Duskridge Pro,1,291.89,479.25,444.69,317.07,1.0777,1.4025,Slow,False,True,0.1581,0.6072
Bikes,BIKES_0130,Trailhead,Trailhead Foundation,0,495.98,211.84,163.15,96.44,1.2984,1.6918,Moderate,True,False,0.0,0.0
Bikes,BIKES_0131,Basecamp,Basecamp Xpedition,17,219.72,4408.75,3947.94,3735.39,1.1167,1.0569,Slow,False,True,0.2994,0.3814
Bikes,BIKES_0132,Basecamp,Basecamp Carbon,12,607.9,8124.42,7570.11,3249.01,1.0732,2.33,Moderate,False,False,0.0,0.0
Bikes,BIKES_0133,Duskridge,Duskridge Team,131,58.43,9502.9,7683.98,4276.7,1.2367,1.7967,Moderate,False,False,0.0,0.0
Bikes,BIKES_0134,Basecamp,Basecamp Xpedition,73,25.88,2273.63,1905.24,3622.49,1.1934,0.5259,Slow,False,True,0.3216,0.5043
Bikes,BIKES_0135,Duskridge,Duskridge Foundation,2,554.42,1322.88,1114.73,714.91,1.1867,1.5593,Moderate,False,False,0.0,0.0
Bikes,BIKES_0136,Trailhead,Trailhead Apex,705,34.56,27700.32,24369.78,14732.3,1.1367,1.6542,Moderate,False,True,0.3174,0.3694
Bikes,BIKES_0137,Edgewood,Edgewood Lite,8,347.13,3002.55,2801.66,2909.21,1.0717,0.963,Slow,False,True,0.2399,0.5772
Bikes,BIKES_0138,Basecamp,Basecamp LTD,7,520.77,4265.51,3735.69,4253.83,1.1418,0.8782,Slow,False,True,0.256,0.5298
Bikes,BIKES_0139,Duskridge,Duskridge Traverse,2,225.89,513.42,480.68,1786.75,1.0681,0.269,Dead,False,True,0.2743,0.5786
Bikes,BIKES_0140,Duskridge,Duskridge Origin,13,219.02,3310.59,2956.26,2023.98,1.1199,1.4606,Slow,False,False,0.0,0.0
Bikes,BIKES_0141,Basecamp,Basecamp Tour,1,226.76,504.69,398.46,1042.17,1.2666,0.3823,Dead,False,True,0.2989,0.6331
Bikes,BIKES_0142,Basecamp,Basecamp MAX,4,558.46,3042.37,2722.4,2133.76,1.1175,1.2759,Slow,False,True,0.2428,0.457
Bikes,BIKES_0143,Basecamp,Basecamp Apex,7,621.1,6299.33,4647.03,3650.73,1.3556,1.2729,Slow,False,True,0.432,0.5531
Bikes,BIKES_0144,Duskridge,Duskridge Summit,19,364.95,7502.76,6952.19,4957.43,1.0792,1.4024,Slow,False,False,0.0,0.0
Bikes,BIKES_0145,Basecamp,Basecamp Team,3,459.54,1691.12,1430.19,1773.4,1.1824,0.8065,Slow,False,False,0.0,0.0
Bikes,BIKES_0146,Basecamp,Basecamp Ridge,0,65.26,77.78,61.14,103.6,1.2722,0.5901,Slow,True,True,0.2779,0.5977
Bike Components,BIKE_COMPONENT_0001,Pinnacle,Pinnacle Tour,0,577.07,35.1,25.88,20.0,1.3563,1.2941,Slow,True,True,0.3561,0.4638
Bike Components,BIKE_COMPONENT_0002,Alpenglow,Alpenglow Venture,0,489.59,10.19,7.01,23.75,1.4523,0.2953,Dead,True,True,0.3519,0.6714
Bike Components,BIKE_COMPONENT_0003,Iceform,Iceform X1,0,243.43,50.73,43.33,20.0,1.1708,2.1665,Moderate,True,False,0.0,0.0
Bike Components,BIKE_COMPONENT_0004,Ridgecrest,Ridgecrest Sport,0,447.12,65.4,55.38,59.34,1.181,0.9331,Slow,True,True,0.2116,0.5768
Bike Components,BIKE_COMPONENT_0005,Opentrail,Opentrail LTD,8,114.58,1402.98,990.55,700.71,1.4164,1.4136,Slow,False,True,0.1777,0.5868
Bike Components,BIKE_COMPONENT_0006,Pinnacle,Pinnacle LTD,2,634.96,2313.7,1821.28,959.86,1.2704,1.8975,Moderate,False,True,0.2838,0.4488
Bike Components,BIKE_COMPONENT_0007,Basecamp,Basecamp Elite,0,566.67,263.19,208.83,113.4,1.2603,1.8416,Moderate,True,False,0.0,0.0
Bike Components,BIKE_COMPONENT_0008,Iceform,Iceform Summit,0,319.01,420.62,285.81,246.07,1.4717,1.1615,Slow,True,True,0.3745,0.5029
Bike Components,BIKE_COMPONENT_0009,Opentrail,Opentrail Xpedition,2,523.73,1913.93,1296.39,1127.69,1.4764,1.1496,Slow,False,True,0.2146,0.4599
Bike Components,BIKE_COMPONENT_0010,Opentrail,Opentrail Team,81,37.26,4337.68,3050.24,827.36,1.4221,3.6867,Fast,False,False,0.0,0.0
Bike Components,BIKE_COMPONENT_0011,Iceform,Iceform Origin,1,579.01,660.18,601.06,280.03,1.0984,2.1464,Moderate,False,False,0.0,0.0
Bike Components,BIKE_COMPONENT_0012,Iceform,Iceform Enduro,0,285.28,305.5,241.07,319.87,1.2673,0.7536,Slow,True,False,0.0,0.0
Bike Components,BIKE_COMPONENT_0013,Iceform,Iceform Venture,0,563.09,77.55,65.76,41.72,1.1793,1.5761,Moderate,True,True,0.249,0.4998
Bike Components,BIKE_COMPONENT_0014,Pinnacle,Pinnacle Xpedition,4,22.64,160.63,111.34,125.86,1.4426,0.8847,Slow,False,True,0.4165,0.5439
Bike Components,BIKE_COMPONENT_0015,Alpenglow,Alpenglow Traverse,1,154.76,266.31,216.45,110.32,1.2304,1.962,Moderate,False,False,0.0,0.0
Bike Components,BIKE_COMPONENT_0016,Pinnacle,Pinnacle Apex,24,65.35,2165.69,1595.0,612.06,1.3578,2.606,Moderate,False,False,0.0,0.0
Bike Components,BIKE_COMPONENT_0017,Iceform,Iceform Enduro,3,390.43,1589.6,1501.49,827.48,1.0587,1.8145,Moderate,False,False,0.0,0.0
Bike Components,BIKE_COMPONENT_0018,Ridgecrest,Ridgecrest Summit,0,648.3,10.66,7.88,20.0,1.353,0.3941,Dead,True,True,0.2957,0.6049
Bike Components,BIKE_COMPONENT_0019,Opentrail,Opentrail Foundation,13,414.55,6817.88,5526.71,1733.35,1.2336,3.1885,Fast,False,False,0.0,0.0
Bike Components,BIKE_COMPONENT_0020,Pinnacle,Pinnacle Venture,0,409.64,34.67,27.43,20.0,1.2638,1.3717,Slow,True,False,0.0,0.0
Bike Components,BIKE_COMPONENT_0021,Basecamp,Basecamp Venture,1,538.92,1059.64,863.02,181.22,1.2278,4.7622,Fast,False,False,0.0,0.0
Bike Components,BIKE_COMPONENT_0022,Alpenglow,Alpenglow Ridge,0,366.21,15.98,13.46,20.0,1.1869,0.6731,Slow,True,True,0.4076,0.5046
Bike Components,BIKE_COMPONENT_0023,Ridgecrest,Ridgecrest Traverse,32,60.74,2695.4,1960.11,598.31,1.3751,3.2761,Fast,False,False,0.0,0.0
Bike Components,BIKE_COMPONENT_0024,Alpenglow,Alpenglow Enduro,23,33.77,1028.51,786.57,350.48,1.3076,2.2443,Moderate,False,False,0.0,0.0
Bike Components,BIKE_COMPONENT_0025,Iceform,Iceform Enduro,0,479.5,171.96,147.55,96.33,1.1654,1.5317,Moderate,True,False,0.0,0.0
Bike Components,BIKE_COMPONENT_0026,Pinnacle,Pinnacle Trail,0,544.03,333.04,254.41,172.71,1.3091,1.4731,Slow,True,True,0.3199,0.4514
Bike Components,BIKE_COMPONENT_0027,Iceform,Iceform Elite,0,619.79,577.56,559.61,269.78,1.0321,2.0743,Moderate,True,False,0.0,0.0
Bike Components,BIKE_COMPONENT_0028,Basecamp,Basecamp Signature,2,360.45,1274.3,858.69,270.14,1.484,3.1787,Fast,False,False,0.0,0.0
Bike Components,BIKE_COMPONENT_0029,Pinnacle,Pinnacle Ascent,2,390.1,1299.84,930.35,848.76,1.3971,1.0961,Slow,False,True,0.2117,0.5564
Bike Components,BIKE_COMPONENT_0030,Pinnacle,Pinnacle Base,5,391.22,2426.26,2189.01,1651.54,1.1084,1.3254,Slow,False,True,0.3534,0.5347
Bike Components,BIKE_COMPONENT_0031,Basecamp,Basecamp Traverse,1,220.31,547.36,438.7,174.77,1.2477,2.5101,Moderate,False,False,0.0,0.0
Bike Components,BIKE_COMPONENT_0032,Ridgecrest,Ridgecrest Signature,1,209.65,340.37,245.27,900.77,1.3877,0.2723,Dead,False,True,0.4216,0.5468
Bike Components,BIKE_COMPONENT_0033,Iceform,Iceform Carbon,1,430.95,885.39,662.78,482.32,1.3359,1.3742,Slow,False,True,0.1873,0.6178
Bike Components,BIKE_COMPONENT_0034,Opentrail,Opentrail Trail,1,522.34,1108.39,890.48,438.41,1.2447,2.0311,Moderate,False,False,0.0,0.0
Bike Components,BIKE_COMPONENT_0035,Iceform,Iceform Pro,0,394.38,79.02,55.34,49.7,1.428,1.1135,Slow,True,False,0.0,0.0
Bike Components,BIKE_COMPONENT_0036,Opentrail,Opentrail MAX,5,252.65,1953.49,1485.49,990.15,1.315,1.5003,Moderate,False,True,0.0873,0.5076
Bike Components,BIKE_COMPONENT_0037,Iceform,Iceform Comp,1,19.41,45.31,34.5,22.34,1.3132,1.5444,Moderate,False,False,0.0,0.0
Bike Components,BIKE_COMPONENT_0038,Ridgecrest,Ridgecrest Tour,3,162.37,621.21,539.22,517.46,1.1521,1.042,Slow,False,True,0.2696,0.3789
Bike Components,BIKE_COMPONENT_0039,Iceform,Iceform Base,0,212.74,139.02,113.92,142.19,1.2203,0.8012,Slow,True,False,0.0,0.0
Bike Components,BIKE_COMPONENT_0040,Basecamp,Basecamp Enduro,0,376.57,108.63,71.09,155.83,1.528,0.4562,Dead,True,True,0.3678,0.6545
Bike Components,BIKE_COMPONENT_0041,Opentrail,Opentrail Tour,0,572.84,40.41,33.22,20.0,1.2164,1.6609,Moderate,True,False,0.0,0.0
Bike Components,BIKE_COMPONENT_0042,Iceform,Iceform Sport,5,327.28,2103.07,1657.2,519.87,1.2691,3.1877,Fast,False,False,0.0,0.0
Bike Components,BIKE_COMPONENT_0043,Basecamp,Basecamp Pro,0,430.95,182.13,178.56,217.04,1.02,0.8227,Slow,True,True,0.2677,0.4392
Bike Components,BIKE_COMPONENT_0044,Basecamp,Basecamp Base,0,539.09,286.19,250.75,447.27,1.1413,0.5606,Slow,True,True,0.2771,0.5398
Bike Components,BIKE_COMPONENT_0045,Ridgecrest,Ridgecrest Ascent,33,122.62,5467.56,4124.08,2169.56,1.3258,1.9009,Moderate,False,False,0.0,0.0
Bike Components,BIKE_COMPONENT_0046,Pinnacle,Pinnacle Ascent,53,194.09,14041.87,10474.93,3641.97,1.3405,2.8762,Moderate,False,False,0.0,0.0
Bike Components,BIKE_COMPONENT_0047,Alpenglow,Alpenglow Elite,2,356.95,939.49,782.67,1483.28,1.2004,0.5277,Slow,False,True,0.3538,0.3682
Bike Components,BIKE_COMPONENT_0048,Opentrail,Opentrail X1,2,170.62,561.99,462.08,336.7,1.2162,1.3724,Slow,False,False,0.0,0.0
Bike Components,BIKE_COMPONENT_0049,Iceform,Iceform Tour,10,200.26,2599.11,2190.42,1061.36,1.1866,2.0638,Moderate,False,False,0.0,0.0
Bike Components,BIKE_COMPONENT_0050,Pinnacle,Pinnacle Team,4,85.76,402.65,379.83,167.95,1.0601,2.2616,Moderate,False,False,0.0,0.0
Bike Components,BIKE_COMPONENT_0051,Alpenglow,Alpenglow MAX,0,559.12,25.08,21.7,29.81,1.1554,0.7282,Slow,True,False,0.0,0.0
Bike Components,BIKE_COMPONENT_0052,Opentrail,Opentrail Pro,0,308.97,25.1,21.96,20.0,1.1431,1.0979,Slow,True,True,0.2316,0.4534
Bike Components,BIKE_COMPONENT_0053,Pinnacle,Pinnacle LTD,0,390.24,68.8,47.4,33.4,1.4515,1.4193,Slow,True,False,0.0,0.0
Bike Components,BIKE_COMPONENT_0054,Pinnacle,Pinnacle Xpedition,1,207.8,514.66,349.44,728.99,1.4728,0.4793,Dead,False,True,0.2597,0.5776
Bike Components,BIKE_COMPONENT_0055,Pinnacle,Pinnacle Comp,2,506.78,1432.78,1083.76,314.86,1.322,3.442,Fast,False,False,0.0,0.0
Bike Components,BIKE_COMPONENT_0056,Opentrail,Opentrail Trail,0,448.64,253.45,232.93,92.85,1.0881,2.5087,Moderate,True,False,0.0,0.0
Bike Components,BIKE_COMPONENT_0057,Pinnacle,Pinnacle Foundation,1,431.31,480.13,439.57,261.3,1.0923,1.6823,Moderate,False,False,0.0,0.0
Bike Components,BIKE_COMPONENT_0058,Iceform,Iceform Team,0,565.11,37.63,27.84,56.46,1.3514,0.4931,Dead,True,True,0.4183,0.6773
Bike Components,BIKE_COMPONENT_0059,Ridgecrest,Ridgecrest Pro,2,242.69,556.39,509.83,196.15,1.0913,2.5992,Moderate,False,False,0.0,0.0
Bike Components,BIKE_COMPONENT_0060,Basecamp,Basecamp Ascent,7,197.34,1618.77,1417.16,968.66,1.1423,1.463,Slow,False,True,0.2582,0.4812
Bike Components,BIKE_COMPONENT_0061,Opentrail,Opentrail Summit,0,504.48,479.76,407.88,270.69,1.1762,1.5068,Moderate,True,False,0.0,0.0
Bike Components,BIKE_COMPONENT_0062,Opentrail,Opentrail Pro,3,171.34,853.2,528.84,237.19,1.6133,2.2296,Moderate,False,False,0.0,0.0
Bike Components,BIKE_COMPONENT_0063,Pinnacle,Pinnacle Enduro,2,495.18,1709.14,1283.59,742.05,1.3315,1.7298,Moderate,False,True,0.1761,0.5468
Bike Components,BIKE_COMPONENT_0064,Iceform,Iceform Tour,9,248.17,2885.3,2331.58,1567.01,1.2375,1.4879,Slow,False,False,0.0,0.0
Bike Components,BIKE_COMPONENT_0065,Pinnacle,Pinnacle LTD,0,327.19,320.67,210.82,232.68,1.5211,0.906,Slow,True,True,0.3043,0.5701
Bike Components,BIKE_COMPONENT_0066,Pinnacle,Pinnacle Xpedition,1,504.05,743.28,557.79,223.41,1.3326,2.4967,Moderate,False,False,0.0,0.0
Bike Components,BIKE_COMPONENT_0067,Opentrail,Opentrail Traverse,0,166.81,91.21,70.82,40.47,1.288,1.75,Moderate,True,False,0.0,0.0
Bike Components,BIKE_COMPONENT_0068,Pinnacle,Pinnacle Crest,2,636.12,1953.36,1579.4,789.95,1.2368,1.9994,Moderate,False,False,0.0,0.0
Bike Components,BIKE_COMPONENT_0069,Ridgecrest,Ridgecrest LTD,0,411.79,212.81,160.78,205.67,1.3237,0.7817,Slow,True,False,0.0,0.0
Bike Components,BIKE_COMPONENT_0070,Iceform,Iceform Ascent,0,221.4,201.97,166.57,94.48,1.2125,1.763,Moderate,True,False,0.0,0.0
Bike Components,BIKE_COMPONENT_0071,Pinnacle,Pinnacle Carbon,0,564.14,78.05,65.85,25.7,1.1854,2.5626,Moderate,True,False,0.0,0.0
Bike Components,BIKE_COMPONENT_0072,Alpenglow,Alpenglow Summit,0,199.24,195.57,143.61,177.32,1.3617,0.8099,Slow,True,True,0.3569,0.4806
Bike Components,BIKE_COMPONENT_0073,Iceform,Iceform Team,0,421.59,550.81,396.49,139.17,1.3892,2.849,Moderate,True,False,0.0,0.0
Bike Components,BIKE_COMPONENT_0074,Iceform,Iceform Sport,0,185.49,68.5,51.78,70.19,1.323,0.7376,Slow,True,True,0.3483,0.4452
Bike Components,BIKE_COMPONENT_0075,Iceform,Iceform Tour,0,233.11,40.35,34.06,20.0,1.1849,1.7028,Moderate,True,False,0.0,0.0
Bike Components,BIKE_COMPONENT_0076,Ridgecrest,Ridgecrest LTD,193,18.59,3874.82,3595.62,717.87,1.0776,5.0088,Fast,False,False,0.0,0.0
Bike Components,BIKE_COMPONENT_0077,Opentrail,Opentrail Elite,1,598.43,1098.62,971.71,529.28,1.1306,1.8359,Moderate,False,False,0.0,0.0
Bike Components,BIKE_COMPONENT_0078,Basecamp,Basecamp Lite,0,525.27,371.18,322.91,747.69,1.1495,0.4319,Dead,True,True,0.1467,0.7239
Bike Components,BIKE_COMPONENT_0079,Opentrail,Opentrail Xpedition,1,116.39,252.93,178.84,206.73,1.4143,0.8651,Slow,False,True,0.2981,0.7272
Bike Components,BIKE_COMPONENT_0080,Alpenglow,Alpenglow Sport,0,530.49,223.9,166.79,87.32,1.3424,1.9102,Moderate,True,False,0.0,0.0
Bike Components,BIKE_COMPONENT_0081,Opentrail,Opentrail Xpedition,0,211.7,176.31,128.98,105.67,1.367,1.2206,Slow,True,True,0.2368,0.5577
Bike Components,BIKE_COMPONENT_0082,Basecamp,Basecamp Base,0,67.01,4.96,3.8,20.0,1.3042,0.1902,Dead,True,True,0.2722,0.6724
Bike Components,BIKE_COMPONENT_0083,Opentrail,Opentrail Trail,17,304.35,6924.91,5238.07,1158.3,1.322,4.5222,Fast,False,False,0.0,0.0
Bike Components,BIKE_COMPONENT_0084,Basecamp,Basecamp Crest,0,477.47,144.0,141.17,172.08,1.02,0.8204,Slow,True,False,0.0,0.0
Bike Components,BIKE_COMPONENT_0085,Opentrail,Opentrail Series II,0,320.41,75.49,58.07,22.6,1.3001,2.5699,Moderate,True,False,0.0,0.0
Bike Components,BIKE_COMPONENT_0086,Pinnacle,Pinnacle Venture,0,234.34,169.68,114.44,54.31,1.4827,2.1073,Moderate,True,False,0.0,0.0
Bike Components,BIKE_COMPONENT_0087,Ridgecrest,Ridgecrest Base,0,288.43,78.99,53.06,20.0,1.4887,2.6529,Moderate,True,False,0.0,0.0
Bike Components,BIKE_COMPONENT_0088,Alpenglow,Alpenglow MAX,0,404.72,173.66,125.64,65.61,1.3822,1.9151,Moderate,True,False,0.0,0.0
Bike Components,BIKE_COMPONENT_0089,Opentrail,Opentrail Foundation,0,391.11,288.57,187.97,56.68,1.5352,3.3161,Fast,True,False,0.0,0.0
Bike Components,BIKE_COMPONENT_0090,Opentrail,Opentrail Base,1,186.95,290.63,229.86,105.37,1.2644,2.1815,Moderate,False,False,0.0,0.0
Bike Components,BIKE_COMPONENT_0091,Basecamp,Basecamp Elite,4,181.87,1033.67,846.12,1213.66,1.2217,0.6972,Slow,False,True,0.2635,0.5021
Bike Components,BIKE_COMPONENT_0092,Opentrail,Opentrail Traverse,3,592.68,2200.52,2157.38,471.73,1.02,4.5733,Fast,False,False,0.0,0.0
Bike Components,BIKE_COMPONENT_0093,Basecamp,Basecamp Summit,0,421.43,28.95,22.72,31.84,1.2743,0.7134,Slow,True,True,0.3981,0.6056
Bike Components,BIKE_COMPONENT_0094,Opentrail,Opentrail Tour,0,298.09,241.31,203.51,79.94,1.1857,2.5456,Moderate,True,False,0.0,0.0
Bike Components,BIKE_COMPONENT_0095,Opentrail,Opentrail Xpedition,2,352.83,817.25,729.03,887.73,1.121,0.8212,Slow,False,True,0.0912,0.4498
Bike Components,BIKE_COMPONENT_0096,Ridgecrest,Ridgecrest Foundation,4,59.22,413.23,278.24,278.63,1.4851,0.9986,Slow,False,False,0.0,0.0
Bike Components,BIKE_COMPONENT_0097,Ridgecrest,Ridgecrest Team,1,338.63,734.35,629.15,431.53,1.1672,1.458,Slow,False,False,0.0,0.0
Bike Components,BIKE_COMPONENT_0098,Basecamp,Basecamp Tour,0,153.47,62.58,54.3,42.43,1.1525,1.2798,Slow,True,False,0.0,0.0
Bike Components,BIKE_COMPONENT_0099,Alpenglow,Alpenglow Ridge,12,300.24,4921.91,3879.54,2345.46,1.2687,1.6541,Moderate,False,True,0.1814,0.3625
Bike Components,BIKE_COMPONENT_0100,Opentrail,Opentrail Sport,0,213.04,250.89,184.95,156.9,1.3565,1.1788,Slow,True,False,0.0,0.0
Bike Components,BIKE_COMPONENT_0101,Pinnacle,Pinnacle Traverse,0,566.59,99.99,72.07,20.0,1.3874,3.6037,Fast,True,False,0.0,0.0
Bike Components,BIKE_COMPONENT_0102,Basecamp,Basecamp Trail,0,328.36,90.38,74.1,52.91,1.2198,1.4003,Slow,True,True,0.2538,0.6187
Bike Components,BIKE_COMPONENT_0103,Iceform,Iceform Lite,2,320.86,744.5,645.62,251.61,1.1532,2.566,Moderate,False,False,0.0,0.0
Bike Components,BIKE_COMPONENT_0104,Iceform,Iceform Trail,0,47.11,23.61,19.73,20.0,1.1961,0.9867,Slow,True,True,0.1906,0.3848
Bike Components,BIKE_COMPONENT_0105,Alpenglow,Alpenglow Series II,0,383.94,54.11,37.85,37.59,1.4295,1.007,Slow,True,True,0.2216,0.5204
Bike Components,BIKE_COMPONENT_0106,Opentrail,Opentrail Origin,8,167.39,1877.25,1481.27,610.27,1.2673,2.4272,Moderate,False,False,0.0,0.0
Bike Components,BIKE_COMPONENT_0107,Pinnacle,Pinnacle Foundation,0,191.58,157.06,151.7,140.56,1.0353,1.0793,Slow,True,False,0.0,0.0
Bike Components,BIKE_COMPONENT_0108,Opentrail,Opentrail Crest,15,131.08,2475.78,2008.03,1008.01,1.2329,1.9921,Moderate,False,False,0.0,0.0
Bike Components,BIKE_COMPONENT_0109,Pinnacle,Pinnacle Venture,0,207.2,74.02,51.77,50.31,1.4298,1.029,Slow,True,False,0.0,0.0
Bike Components,BIKE_COMPONENT_0110,Iceform,Iceform Trail,1,64.58,157.43,127.82,47.53,1.2317,2.689,Moderate,False,True,0.05,0.2456
Bike Components,BIKE_COMPONENT_0111,Alpenglow,Alpenglow Xpedition,0,289.18,31.0,23.61,20.0,1.3134,1.1804,Slow,True,True,0.19,0.5448
Bike Components,BIKE_COMPONENT_0112,Alpenglow,Alpenglow Summit,1,145.47,264.39,213.11,157.79,1.2406,1.3507,Slow,False,False,0.0,0.0
Bike Components,BIKE_COMPONENT_0113,Alpenglow,Alpenglow Venture,0,618.13,35.15,29.93,20.0,1.1745,1.4963,Slow,True,False,0.0,0.0
Bike Components,BIKE_COMPONENT_0114,Basecamp,Basecamp Ridge,5,337.41,2169.51,1715.18,1371.56,1.2649,1.2505,Slow,False,False,0.0,0.0
Bike Components,BIKE_COMPONENT_0115,Ridgecrest,Ridgecrest Tour,8,90.85,1089.91,788.83,443.83,1.3817,1.7773,Moderate,False,False,0.0,0.0
Bike Components,BIKE_COMPONENT_0116,Opentrail,Opentrail Comp,1,291.92,562.93,428.48,159.58,1.3138,2.685,Moderate,False,False,0.0,0.0
Bike Components,BIKE_COMPONENT_0117,Iceform,Iceform Crest,0,368.39,28.79,22.1,22.18,1.3027,0.9963,Slow,True,True,0.2342,0.5517
Bike Components,BIKE_COMPONENT_0118,Pinnacle,Pinnacle MAX,1,398.88,812.31,542.68,295.51,1.4969,1.8364,Moderate,False,False,0.0,0.0
Bike Components,BIKE_COMPONENT_0119,Basecamp,Basecamp Xpedition,4,457.26,2350.84,2181.23,713.39,1.0778,3.0576,Fast,False,False,0.0,0.0
Bike Components,BIKE_COMPONENT_0120,Iceform,Iceform Ascent,1,297.41,652.38,528.65,102.44,1.234,5.1604,Fast,False,False,0.0,0.0
Bike Components,BIKE_COMPONENT_0121,Basecamp,Basecamp Summit,1,338.03,528.07,478.46,564.72,1.1037,0.8473,Slow,False,False,0.0,0.0
Bike Components,BIKE_COMPONENT_0122,Basecamp,Basecamp Venture,4,131.69,651.86,559.43,163.48,1.1652,3.4219,Fast,False,False,0.0,0.0
Bike Components,BIKE_COMPONENT_0123,Alpenglow,Alpenglow Crest,0,94.91,32.07,25.02,40.48,1.2816,0.6182,Slow,True,True,0.1911,0.2668
Bike Components,BIKE_COMPONENT_0124,Ridgecrest,Ridgecrest Signature,0,222.76,235.09,163.93,116.59,1.4341,1.4061,Slow,True,False,0.0,0.0
Bike Components,BIKE_COMPONENT_0125,Opentrail,Opentrail Trail,2,275.81,852.87,699.31,344.27,1.2196,2.0313,Moderate,False,False,0.0,0.0
Bike Components,BIKE_COMPONENT_0126,Iceform,Iceform LTD,0,317.81,55.21,43.2,20.0,1.2781,2.1601,Moderate,True,False,0.0,0.0
Bike Components,BIKE_COMPONENT_0127,Pinnacle,Pinnacle Carbon,0,199.19,135.73,113.26,20.0,1.1984,5.6632,Fast,True,False,0.0,0.0
Bike Components,BIKE_COMPONENT_0128,Pinnacle,Pinnacle Ridge,1,416.81,886.66,693.98,599.94,1.2776,1.1567,Slow,False,True,0.1137,0.7031
Bike Components,BIKE_COMPONENT_0129,Pinnacle,Pinnacle Ridge,0,51.72,48.48,44.32,20.0,1.094,2.2159,Moderate,True,False,0.0,0.0
Bike Components,BIKE_COMPONENT_0130,Iceform,Iceform Ascent,2,394.15,1625.17,1175.67,1161.88,1.3823,1.0119,Slow,False,False,0.0,0.0
Bike Components,BIKE_COMPONENT_0131,Basecamp,Basecamp Summit,2,486.83,1069.15,1043.21,293.49,1.0249,3.5545,Fast,False,False,0.0,0.0
Bike Components,BIKE_COMPONENT_0132,Pinnacle,Pinnacle Ascent,0,560.68,18.47,17.39,20.0,1.062,0.8694,Slow,True,True,0.2152,0.6686
Bike Components,BIKE_COMPONENT_0133,Ridgecrest,Ridgecrest LTD,1,172.02,209.14,182.71,107.39,1.1446,1.7014,Moderate,False,False,0.0,0.0
Bike Components,BIKE_COMPONENT_0134,Opentrail,Opentrail Pro,12,37.69,650.37,463.95,172.59,1.4018,2.6882,Moderate,False,False,0.0,0.0
Bike Components,BIKE_COMPONENT_0135,Iceform,Iceform Ridge,2,569.61,1601.24,1278.09,1057.43,1.2528,1.2087,Slow,False,False,0.0,0.0
Bike Components,BIKE_COMPONENT_0136,Opentrail,Opentrail Series II,6,531.11,3553.73,3284.09,969.8,1.0821,3.3864,Fast,False,False,0.0,0.0
Bike Components,BIKE_COMPONENT_0137,Alpenglow,Alpenglow Traverse,2,119.51,381.81,280.67,546.86,1.3604,0.5132,Slow,False,True,0.2501,0.5988
Bike Components,BIKE_COMPONENT_0138,Iceform,Iceform LTD,90,22.35,3182.53,2026.16,1689.08,1.5707,1.1996,Slow,False,False,0.0,0.0
Bike Components,BIKE_COMPONENT_0139,Ridgecrest,Ridgecrest Crest,1,159.28,254.87,227.94,376.92,1.1181,0.6047,Slow,False,True,0.3519,0.6373
Bike Components,BIKE_COMPONENT_0140,Iceform,Iceform Apex,1,502.66,833.75,690.8,963.79,1.2069,0.7168,Slow,False,True,0.2707,0.6105
Bike Components,BIKE_COMPONENT_0141,Iceform,Iceform Venture,5,272.59,2139.67,1431.2,819.66,1.495,1.7461,Moderate,False,False,0.0,0.0
Bike Components,BIKE_COMPONENT_0142,Iceform,Iceform Team,8,142.48,1422.37,1257.39,2246.91,1.1312,0.5596,Slow,False,True,0.2935,0.6462
Bike Components,BIKE_COMPONENT_0143,Opentrail,Opentrail Apex,1,548.84,1129.39,925.86,501.78,1.2198,1.8451,Moderate,False,False,0.0,0.0
Bike Components,BIKE_COMPONENT_0144,Opentrail,Opentrail Ridge,9,292.85,4546.1,2906.08,1713.28,1.5643,1.6962,Moderate,False,False,0.0,0.0
Bike Components,BIKE_COMPONENT_0145,Basecamp,Basecamp Apex,0,556.24,394.39,311.23,292.89,1.2672,1.0626,Slow,True,True,0.2835,0.4172
Bike Components,BIKE_COMPONENT_0146,Ridgecrest,Ridgecrest Carbon,0,577.01,57.83,55.26,34.39,1.0466,1.6068,Moderate,True,False,0.0,0.0
Bike Components,BIKE_COMPONENT_0147,Alpenglow,Alpenglow Comp,0,269.5,115.55,83.02,69.44,1.3918,1.1956,Slow,True,True,0.1674,0.6228
Bike Components,BIKE_COMPONENT_0148,Basecamp,Basecamp Enduro,8,160.53,2017.59,1361.47,730.6,1.4819,1.8635,Moderate,False,False,0.0,0.0
Bike Components,BIKE_COMPONENT_0149,Opentrail,Opentrail Foundation,1,191.6,329.33,243.51,50.71,1.3524,4.8018,Fast,False,False,0.0,0.0
Bike Components,BIKE_COMPONENT_0150,Basecamp,Basecamp Foundation,3,124.57,666.06,484.6,993.08,1.3745,0.488,Dead,False,True,0.2729,0.5666
Bike Components,BIKE_COMPONENT_0151,Ridgecrest,Ridgecrest Traverse,0,243.93,41.32,26.92,20.0,1.5351,1.346,Slow,True,True,0.2398,0.5774
Bike Components,BIKE_COMPONENT_0152,Opentrail,Opentrail Lite,0,640.09,73.33,57.76,67.25,1.2695,0.8588,Slow,True,True,0.4009,0.5578
Bike Components,BIKE_COMPONENT_0153,Alpenglow,Alpenglow MAX,0,385.41,250.84,216.63,95.92,1.1579,2.2584,Moderate,True,False,0.0,0.0
Bike Components,BIKE_COMPONENT_0154,Opentrail,Opentrail Elite,0,513.44,25.77,21.61,20.0,1.1923,1.0805,Slow,True,True,0.1942,0.4907
Bike Components,BIKE_COMPONENT_0155,Basecamp,Basecamp Series II,0,248.27,262.25,240.78,180.93,1.0892,1.3308,Slow,True,False,0.0,0.0
Bike Components,BIKE_COMPONENT_0156,Alpenglow,Alpenglow Foundation,0,541.25,245.83,189.1,191.25,1.3,0.9888,Slow,True,False,0.0,0.0
Bike Components,BIKE_COMPONENT_0157,Ridgecrest,Ridgecrest Foundation,0,406.3,210.65,161.24,72.48,1.3064,2.2248,Moderate,True,False,0.0,0.0
Bike Components,BIKE_COMPONENT_0158,Ridgecrest,Ridgecrest X1,9,340.31,4221.5,3167.76,1593.06,1.3326,1.9885,Moderate,False,False,0.0,0.0
Bike Components,BIKE_COMPONENT_0159,Opentrail,Opentrail LTD,0,609.58,13.36,10.51,20.0,1.2711,0.5257,Slow,True,True,0.3272,0.6964
Bike Components,BIKE_COMPONENT_0160,Basecamp,Basecamp Trail,0,411.5,65.23,50.69,20.0,1.2867,2.5347,Moderate,True,False,0.0,0.0
Bike Components,BIKE_COMPONENT_0161,Alpenglow,Alpenglow X1,4,44.46,290.37,217.04,231.08,1.3378,0.9392,Slow,False,True,0.172,0.5829
Bike Components,BIKE_COMPONENT_0162,Iceform,Iceform Ascent,4,156.73,1053.99,760.77,414.01,1.3854,1.8376,Moderate,False,False,0.0,0.0
Bike Components,BIKE_COMPONENT_0163,Opentrail,Opentrail Xpedition,61,43.21,3524.2,2654.84,1770.64,1.3275,1.4994,Slow,False,True,0.1994,0.356
Bike Components,BIKE_COMPONENT_0164,Alpenglow,Alpenglow Foundation,1,227.3,566.74,396.98,446.03,1.4276,0.89,Slow,False,False,0.0,0.0
Bike Components,BIKE_COMPONENT_0165,Alpenglow,Alpenglow Traverse,0,192.94,233.74,184.97,719.21,1.2637,0.2572,Dead,True,True,0.208,0.7362
Bike Components,BIKE_COMPONENT_0166,Iceform,Iceform Carbon,7,223.24,2175.6,1709.19,491.24,1.2729,3.4793,Fast,False,False,0.0,0.0
Bike Components,BIKE_COMPONENT_0167,Ridgecrest,Ridgecrest X1,0,611.78,581.73,550.32,616.01,1.0571,0.8934,Slow,True,True,0.225,0.5834
Bike Components,BIKE_COMPONENT_0168,Ridgecrest,Ridgecrest Trail,0,96.46,10.53,7.18,20.0,1.4653,0.3592,Dead,True,True,0.2507,0.6078
Bike Components,BIKE_COMPONENT_0169,Basecamp,Basecamp Enduro,68,48.65,4300.72,3308.22,1664.03,1.3,1.9881,Moderate,False,False,0.0,0.0
Bike Components,BIKE_COMPONENT_0170,Iceform,Iceform Pro,0,433.79,446.65,359.28,242.41,1.2432,1.4821,Slow,True,False,0.0,0.0
Bike Components,BIKE_COMPONENT_0171,Iceform,Iceform Pro,0,565.42,120.58,86.86,117.14,1.3882,0.7415,Slow,True,True,0.2679,0.5993
Bike Components,BIKE_COMPONENT_0172,Ridgecrest,Ridgecrest Foundation,1,95.36,178.21,149.93,54.93,1.1886,2.7296,Moderate,False,False,0.0,0.0
Bike Components,BIKE_COMPONENT_0173,Alpenglow,Alpenglow Xpedition,0,235.73,134.89,108.56,20.0,1.2426,5.4278,Fast,True,False,0.0,0.0
Bike Components,BIKE_COMPONENT_0174,Ridgecrest,Ridgecrest Foundation,3,125.59,614.85,440.92,280.45,1.3945,1.5722,Moderate,False,False,0.0,0.0
Bike Components,BIKE_COMPONENT_0175,Opentrail,Opentrail LTD,1,605.69,788.1,630.39,393.02,1.2502,1.604,Moderate,False,True,0.1638,0.3895
Bike Components,BIKE_COMPONENT_0176,Pinnacle,Pinnacle Comp,3,273.8,1214.77,919.49,156.64,1.3211,5.8701,Fast,False,False,0.0,0.0
Bike Components,BIKE_COMPONENT_0177,Ridgecrest,Ridgecrest MAX,0,95.53,52.63,42.24,20.0,1.2459,2.1121,Moderate,True,False,0.0,0.0
Bike Components,BIKE_COMPONENT_0178,Opentrail,Opentrail Foundation,0,321.68,17.53,15.09,20.0,1.1615,0.7547,Slow,True,True,0.2765,0.5656
Bike Components,BIKE_COMPONENT_0179,Opentrail,Opentrail Carbon,1,596.56,1410.28,1147.77,420.74,1.2287,2.728,Moderate,False,False,0.0,0.0
Bike Components,BIKE_COMPONENT_0180,Ridgecrest,Ridgecrest Series II,16,134.38,2797.21,2182.88,1704.17,1.2814,1.2809,Slow,False,True,0.2812,0.5809
Bike Components,BIKE_COMPONENT_0181,Ridgecrest,Ridgecrest Base,1,183.14,365.33,267.0,286.41,1.3683,0.9322,Slow,False,True,0.252,0.533
Bike Components,BIKE_COMPONENT_0182,Opentrail,Opentrail Carbon,3,320.92,1541.58,1146.35,282.35,1.3448,4.06,Fast,False,False,0.0,0.0
Bike Components,BIKE_COMPONENT_0183,Opentrail,Opentrail Comp,0,571.52,171.06,133.47,166.97,1.2816,0.7994,Slow,True,True,0.249,0.5244
Bike Components,BIKE_COMPONENT_0184,Iceform,Iceform Carbon,2,115.87,405.2,337.24,164.89,1.2015,2.0452,Moderate,False,False,0.0,0.0
Bike Components,BIKE_COMPONENT_0185,Pinnacle,Pinnacle MAX,0,567.75,703.12,493.19,455.38,1.4257,1.083,Slow,True,False,0.0,0.0
Bike Components,BIKE_COMPONENT_0186,Alpenglow,Alpenglow Signature,1,539.55,743.2,580.5,645.19,1.2803,0.8997,Slow,False,False,0.0,0.0
Bike Components,BIKE_COMPONENT_0187,Opentrail,Opentrail MAX,1,472.84,1200.61,820.75,530.29,1.4628,1.5477,Moderate,False,True,0.1877,0.5189
Bike Components,BIKE_COMPONENT_0188,Ridgecrest,Ridgecrest Tour,0,144.23,35.31,27.74,76.72,1.2728,0.3616,Dead,True,True,0.3241,0.5173
Bike Components,BIKE_COMPONENT_0189,Pinnacle,Pinnacle Tour,2,301.36,812.04,717.62,1703.0,1.1316,0.4214,Dead,False,True,0.3527,0.5916
Bike Components,BIKE_COMPONENT_0190,Pinnacle,Pinnacle Apex,0,183.77,245.85,157.79,200.05,1.5581,0.7888,Slow,True,True,0.3658,0.3839
Bike Components,BIKE_COMPONENT_0191,Basecamp,Basecamp Crest,0,417.57,189.02,148.93,155.65,1.2692,0.9568,Slow,True,False,0.0,0.0
Bike Components,BIKE_COMPONENT_0192,Iceform,Iceform Tour,0,286.86,82.17,62.68,86.18,1.3109,0.7273,Slow,True,True,0.3318,0.5762
Bike Components,BIKE_COMPONENT_0193,Basecamp,Basecamp Lite,1,598.14,1582.39,1172.97,727.98,1.349,1.6113,Moderate,False,False,0.0,0.0
Bike Components,BIKE_COMPONENT_0194,Basecamp,Basecamp Lite,2,563.94,1631.75,1265.29,449.42,1.2896,2.8154,Moderate,False,False,0.0,0.0
Bike Components,BIKE_COMPONENT_0195,Opentrail,Opentrail Base,1,600.22,861.5,708.81,398.83,1.2154,1.7772,Moderate,False,False,0.0,0.0
Bike Components,BIKE_COMPONENT_0196,Alpenglow,Alpenglow Lite,15,173.95,3006.82,2779.99,2170.31,1.0816,1.2809,Slow,False,True,0.1659,0.5385
Bike Components,BIKE_COMPONENT_0197,Ridgecrest,Ridgecrest Crest,2,193.15,698.39,571.98,551.61,1.221,1.0369,Slow,False,True,0.217,0.6487
Bike Components,BIKE_COMPONENT_0198,Basecamp,Basecamp Apex,0,475.19,193.04,137.4,61.14,1.405,2.2472,Moderate,True,False,0.0,0.0
Bike Components,BIKE_COMPONENT_0199,Alpenglow,Alpenglow Summit,0,494.0,639.94,480.34,162.36,1.3323,2.9586,Moderate,True,False,0.0,0.0
Bike Components,BIKE_COMPONENT_0200,Iceform,Iceform Ridge,0,394.44,216.24,154.77,127.23,1.3972,1.2165,Slow,True,True,0.3735,0.4455
Bike Components,BIKE_COMPONENT_0201,Opentrail,Opentrail Ridge,0,586.92,361.98,273.12,329.49,1.3253,0.8289,Slow,True,False,0.0,0.0
Bike Components,BIKE_COMPONENT_0202,Opentrail,Opentrail Origin,1,541.44,988.94,713.28,760.5,1.3865,0.9379,Slow,False,True,0.2797,0.8647
Bike Components,BIKE_COMPONENT_0203,Iceform,Iceform Apex,5,179.56,1072.75,923.39,494.86,1.1618,1.866,Moderate,False,False,0.0,0.0
Bike Components,BIKE_COMPONENT_0204,Alpenglow,Alpenglow Carbon,3,458.32,2456.64,1772.47,437.56,1.386,4.0508,Fast,False,False,0.0,0.0
Bike Components,BIKE_COMPONENT_0205,Pinnacle,Pinnacle LTD,14,72.35,1407.27,1072.38,1942.53,1.3123,0.5521,Slow,False,True,0.3293,0.6388
Bike Components,BIKE_COMPONENT_0206,Ridgecrest,Ridgecrest Foundation,1,311.07,424.45,394.27,282.06,1.0765,1.3978,Slow,False,False,0.0,0.0
Bike Components,BIKE_COMPONENT_0207,Iceform,Iceform Series II,2,452.71,1352.96,946.37,351.02,1.4296,2.696,Moderate,False,False,0.0,0.0
Bike Components,BIKE_COMPONENT_0208,Iceform,Iceform Summit,0,110.61,11.25,8.68,20.0,1.2966,0.4339,Dead,True,True,0.4267,0.4468
Bike Components,BIKE_COMPONENT_0209,Alpenglow,Alpenglow LTD,0,187.15,21.56,15.37,20.0,1.4026,0.7687,Slow,True,False,0.0,0.0
Bike Components,BIKE_COMPONENT_0210,Basecamp,Basecamp Lite,0,314.12,25.2,17.93,20.0,1.4052,0.8967,Slow,True,True,0.2204,0.5793
Bike Components,BIKE_COMPONENT_0211,Alpenglow,Alpenglow MAX,1,514.4,1230.56,832.95,518.37,1.4773,1.6069,Moderate,False,True,0.2593,0.5023
Bike Components,BIKE_COMPONENT_0212,Pinnacle,Pinnacle Origin,1,397.83,625.86,442.8,508.59,1.4134,0.8706,Slow,False,True,0.3844,0.5619
Bike Components,BIKE_COMPONENT_0213,Ridgecrest,Ridgecrest X1,11,542.55,8226.67,5977.54,1607.5,1.3763,3.7185,Fast,False,False,0.0,0.0
Bike Components,BIKE_COMPONENT_0214,Alpenglow,Alpenglow Origin,0,531.11,44.72,35.03,26.31,1.2764,1.3315,Slow,True,False,0.0,0.0
Bike Components,BIKE_COMPONENT_0215,Alpenglow,Alpenglow Trail,0,540.44,126.02,95.89,234.09,1.3142,0.4096,Dead,True,True,0.2707,0.5182
Bike Components,BIKE_COMPONENT_0216,Alpenglow,Alpenglow Pro,54,128.32,10792.53,6949.25,1551.54,1.553,4.4789,Fast,False,False,0.0,0.0
Bike Components,BIKE_COMPONENT_0217,Iceform,Iceform Team,1,139.3,251.03,188.2,96.69,1.3339,1.9463,Moderate,False,True,0.2634,0.3169
Bike Components,BIKE_COMPONENT_0218,Alpenglow,Alpenglow Sport,0,529.77,85.32,64.51,23.61,1.3225,2.7323,Moderate,True,False,0.0,0.0
Bike Components,BIKE_COMPONENT_0219,Opentrail,Opentrail Base,0,417.79,44.13,43.26,26.59,1.02,1.6273,Moderate,True,True,0.1495,0.6035
Bike Components,BIKE_COMPONENT_0220,Pinnacle,Pinnacle Summit,2,303.0,870.88,723.47,492.08,1.2038,1.4702,Slow,False,False,0.0,0.0
Bike Components,BIKE_COMPONENT_0221,Iceform,Iceform Ascent,0,239.43,220.97,172.72,131.67,1.2793,1.3118,Slow,True,True,0.2403,0.454
Bike Components,BIKE_COMPONENT_0222,Basecamp,Basecamp Xpedition,1,489.4,1102.22,848.79,792.7,1.2986,1.0708,Slow,False,True,0.279,0.7246
Bike Components,BIKE_COMPONENT_0223,Pinnacle,Pinnacle Lite,2,627.45,1718.71,1341.99,264.27,1.2807,5.078,Fast,False,False,0.0,0.0
Bike Components,BIKE_COMPONENT_0224,Ridgecrest,Ridgecrest Pro,0,338.31,394.66,330.05,229.96,1.1958,1.4353,Slow,True,True,0.234,0.4509
Bike Components,BIKE_COMPONENT_0225,Opentrail,Opentrail Series II,37,81.92,4411.3,3051.97,1044.33,1.4454,2.9224,Moderate,False,False,0.0,0.0
Bike Components,BIKE_COMPONENT_0226,Alpenglow,Alpenglow Signature,0,638.06,868.25,605.17,144.54,1.4347,4.1869,Fast,True,False,0.0,0.0
Bike Components,BIKE_COMPONENT_0227,Opentrail,Opentrail Carbon,0,298.4,443.94,296.63,236.7,1.4966,1.2532,Slow,True,True,0.2098,0.4209
Bike Components,BIKE_COMPONENT_0228,Alpenglow,Alpenglow Tour,6,143.25,1254.09,936.55,411.41,1.3391,2.2764,Moderate,False,False,0.0,0.0
Bike Components,BIKE_COMPONENT_0229,Pinnacle,Pinnacle Enduro,0,345.89,35.28,24.5,53.4,1.4404,0.4587,Dead,True,True,0.227,0.597
Bike Components,BIKE_COMPONENT_0230,Opentrail,Opentrail Tour,20,18.66,401.41,376.57,115.46,1.066,3.2613,Fast,False,False,0.0,0.0
Bike Components,BIKE_COMPONENT_0231,Iceform,Iceform Foundation,0,366.01,180.82,124.38,49.19,1.4538,2.5288,Moderate,True,False,0.0,0.0
Bike Components,BIKE_COMPONENT_0232,Alpenglow,Alpenglow Ascent,0,305.43,171.95,126.19,253.81,1.3627,0.4972,Dead,True,True,0.2309,0.6863
Bike Components,BIKE_COMPONENT_0233,Iceform,Iceform LTD,0,209.34,42.75,33.54,25.21,1.2746,1.3306,Slow,True,True,0.2013,0.5047
Bike Components,BIKE_COMPONENT_0234,Ridgecrest,Ridgecrest Origin,13,128.4,1868.21,1735.46,248.74,1.0765,6.9771,Fast,False,False,0.0,0.0
Bike Components,BIKE_COMPONENT_0235,Basecamp,Basecamp Comp,1,140.67,206.43,173.63,217.49,1.1889,0.7983,Slow,False,False,0.0,0.0
Bike Components,BIKE_COMPONENT_0236,Alpenglow,Alpenglow Base,0,563.24,301.78,235.91,113.63,1.2792,2.0761,Moderate,True,False,0.0,0.0
Bike Components,BIKE_COMPONENT_0237,Alpenglow,Alpenglow Base,1,555.64,845.54,713.87,218.01,1.1845,3.2745,Fast,False,False,0.0,0.0
Bike Components,BIKE_COMPONENT_0238,Opentrail,Opentrail Crest,0,471.12,41.88,33.43,20.0,1.253,1.6713,Moderate,True,False,0.0,0.0
Bike Components,BIKE_COMPONENT_0239,Opentrail,Opentrail Origin,0,327.38,53.57,39.48,42.85,1.357,0.9213,Slow,True,True,0.3099,0.6324
Bike Components,BIKE_COMPONENT_0240,Ridgecrest,Ridgecrest Apex,0,418.44,58.24,51.25,38.07,1.1365,1.3461,Slow,True,False,0.0,0.0
Bike Components,BIKE_COMPONENT_0241,Alpenglow,Alpenglow Series II,0,354.01,191.34,129.34,50.14,1.4794,2.5796,Moderate,True,False,0.0,0.0
Bike Components,BIKE_COMPONENT_0242,Ridgecrest,Ridgecrest Traverse,3,369.74,1621.63,1206.62,1109.33,1.3439,1.0877,Slow,False,True,0.1966,0.4349
Bike Components,BIKE_COMPONENT_0243,Ridgecrest,Ridgecrest Crest,2,199.32,509.76,444.46,163.29,1.1469,2.7219,Moderate,False,False,0.0,0.0
Bike Components,BIKE_COMPONENT_0244,Opentrail,Opentrail Ridge,13,546.12,9981.05,7185.72,1848.63,1.389,3.8871,Fast,False,False,0.0,0.0
Bike Components,BIKE_COMPONENT_0245,Pinnacle,Pinnacle Elite,0,423.52,18.29,15.47,20.0,1.1825,0.7733,Slow,True,True,0.2708,0.5053
Bike Components,BIKE_COMPONENT_0246,Opentrail,Opentrail Trail,34,209.91,8601.94,7174.83,3774.58,1.1989,1.9008,Moderate,False,False,0.0,0.0
Bike Components,BIKE_COMPONENT_0247,Basecamp,Basecamp LTD,0,89.55,21.97,21.54,20.0,1.02,1.077,Slow,True,False,0.0,0.0
Bike Components,BIKE_COMPONENT_0248,Iceform,Iceform Comp,0,373.63,95.27,78.69,99.02,1.2107,0.7947,Slow,True,True,0.3073,0.5975
Bike Components,BIKE_COMPONENT_0249,Alpenglow,Alpenglow MAX,0,292.67,300.84,251.48,472.24,1.1963,0.5325,Slow,True,True,0.3054,0.7304
Bike Components,BIKE_COMPONENT_0250,Basecamp,Basecamp Apex,0,146.25,121.67,88.71,114.83,1.3716,0.7725,Slow,True,False,0.0,0.0
Bike Components,BIKE_COMPONENT_0251,Basecamp,Basecamp Venture,1,282.51,320.27,293.92,218.24,1.0897,1.3467,Slow,False,True,0.2276,0.4891
Bike Components,BIKE_COMPONENT_0252,Alpenglow,Alpenglow Carbon,7,581.67,5879.3,4614.35,2041.53,1.2741,2.2602,Moderate,False,False,0.0,0.0
Bike Components,BIKE_COMPONENT_0253,Basecamp,Basecamp Enduro,0,246.58,201.05,197.1,239.66,1.02,0.8224,Slow,True,True,0.2876,0.5911
Bike Components,BIKE_COMPONENT_0254,Iceform,Iceform LTD,0,251.87,16.98,13.36,20.0,1.2712,0.6679,Slow,True,False,0.0,0.0
Bike Components,BIKE_COMPONENT_0255,Iceform,Iceform MAX,0,283.8,43.07,37.64,20.0,1.1443,1.8819,Moderate,True,True,0.2356,0.3672
Bike Components,BIKE_COMPONENT_0256,Pinnacle,Pinnacle Venture,4,84.72,471.66,359.15,214.43,1.3132,1.6749,Moderate,False,False,0.0,0.0
Bike Components,BIKE_COMPONENT_0257,Iceform,Iceform Xpedition,0,587.23,144.47,89.39,20.0,1.616,4.4697,Fast,True,False,0.0,0.0
Bike Components,BIKE_COMPONENT_0258,Iceform,Iceform Elite,10,58.0,931.21,637.35,301.79,1.4611,2.1119,Moderate,False,False,0.0,0.0
Bike Components,BIKE_COMPONENT_0259,Iceform,Iceform Team,0,548.44,179.77,145.73,54.34,1.2336,2.6817,Moderate,True,False,0.0,0.0
Bike Components,BIKE_COMPONENT_0260,Iceform,Iceform Ridge,0,639.26,37.88,28.38,20.0,1.3347,1.419,Slow,True,False,0.0,0.0
Bike Components,BIKE_COMPONENT_0261,Iceform,Iceform Sport,0,647.95,52.4,38.92,20.0,1.3462,1.9462,Moderate,True,True,0.1642,0.4387
Bike Components,BIKE_COMPONENT_0262,Ridgecrest,Ridgecrest Elite,0,523.88,356.66,284.26,111.96,1.2547,2.5389,Moderate,True,False,0.0,0.0
Bike Components,BIKE_COMPONENT_0263,Basecamp,Basecamp Ridge,7,206.79,1931.44,1448.86,515.41,1.3331,2.8111,Moderate,False,False,0.0,0.0
Bike Components,BIKE_COMPONENT_0264,Iceform,Iceform Traverse,7,116.53,1183.73,897.45,968.15,1.319,0.927,Slow,False,False,0.0,0.0
Bike Components,BIKE_COMPONENT_0265,Pinnacle,Pinnacle Apex,2,258.64,780.72,586.53,255.57,1.3311,2.295,Moderate,False,False,0.0,0.0
Bike Components,BIKE_COMPONENT_0266,Alpenglow,Alpenglow Ridge,0,447.8,68.32,52.12,32.46,1.311,1.6058,Moderate,True,True,0.1807,0.3944
Bike Components,BIKE_COMPONENT_0267,Opentrail,Opentrail Ascent,0,259.71,227.04,185.0,73.46,1.2272,2.5183,Moderate,True,False,0.0,0.0
Bike Components,BIKE_COMPONENT_0268,Ridgecrest,Ridgecrest Trail,5,108.29,947.88,584.31,283.53,1.6222,2.0608,Moderate,False,False,0.0,0.0
Bike Components,BIKE_COMPONENT_0269,Opentrail,Opentrail Comp,0,593.68,105.61,73.04,67.45,1.4459,1.0829,Slow,True,False,0.0,0.0
Bike Components,BIKE_COMPONENT_0270,Opentrail,Opentrail Origin,0,244.51,12.46,9.09,20.0,1.371,0.4545,Dead,True,True,0.3978,0.3198
Bike Components,BIKE_COMPONENT_0271,Basecamp,Basecamp Venture,0,351.08,83.64,82.0,54.99,1.02,1.4913,Slow,True,True,0.2525,0.5345
Bike Components,BIKE_COMPONENT_0272,Basecamp,Basecamp Foundation,0,647.17,58.19,42.37,98.68,1.3734,0.4294,Dead,True,False,0.0,0.0
Bike Components,BIKE_COMPONENT_0273,Ridgecrest,Ridgecrest Signature,0,484.14,463.06,397.21,732.9,1.1658,0.542,Slow,True,False,0.0,0.0
Bike Components,BIKE_COMPONENT_0274,Pinnacle,Pinnacle Enduro,0,536.23,316.04,228.21,397.79,1.3849,0.5737,Slow,True,True,0.2876,0.3881
Bike Components,BIKE_COMPONENT_0275,Pinnacle,Pinnacle Venture,3,591.39,2634.09,2021.9,1341.26,1.3028,1.5075,Moderate,False,False,0.0,0.0
Bike Components,BIKE_COMPONENT_0276,Iceform,Iceform Series II,0,498.49,310.18,219.17,120.55,1.4153,1.8181,Moderate,True,False,0.0,0.0
Bike Components,BIKE_COMPONENT_0277,Iceform,Iceform Team,0,542.78,187.07,138.51,142.6,1.3506,0.9713,Slow,True,True,0.2705,0.5063
Bike Components,BIKE_COMPONENT_0278,Basecamp,Basecamp Elite,2,348.93,1062.54,1004.46,942.19,1.0578,1.0661,Slow,False,False,0.0,0.0
Bike Components,BIKE_COMPONENT_0279,Ridgecrest,Ridgecrest Tour,3,277.15,1333.26,868.08,827.12,1.5359,1.0495,Slow,False,False,0.0,0.0
Bike Components,BIKE_COMPONENT_0280,Ridgecrest,Ridgecrest Enduro,1,249.45,420.11,282.54,603.99,1.4869,0.4678,Dead,False,True,0.2519,0.7766
Bike Components,BIKE_COMPONENT_0281,Opentrail,Opentrail Team,9,206.57,2863.89,1942.9,1551.93,1.474,1.2519,Slow,False,True,0.2631,0.4642
Bike Components,BIKE_COMPONENT_0282,Ridgecrest,Ridgecrest Sport,0,317.16,38.58,31.05,71.62,1.2424,0.4336,Dead,True,True,0.3094,0.4999
Bike Components,BIKE_COMPONENT_0283,Iceform,Iceform Tour,0,579.97,293.62,219.42,74.06,1.3381,2.9626,Moderate,True,False,0.0,0.0
Bike Components,BIKE_COMPONENT_0284,Pinnacle,Pinnacle Carbon,0,646.75,126.23,94.79,518.46,1.3317,0.1828,Dead,True,True,0.3121,0.6279
Bike Components,BIKE_COMPONENT_0285,Opentrail,Opentrail Elite,3,342.67,1721.8,1281.31,425.7,1.3438,3.0099,Fast,False,False,0.0,0.0
Bike Components,BIKE_COMPONENT_0286,Pinnacle,Pinnacle Comp,5,426.28,2964.65,2279.75,179.38,1.3004,12.7093,Fast,False,False,0.0,0.0
Bike Components,BIKE_COMPONENT_0287,Pinnacle,Pinnacle Summit,6,470.22,3411.63,3102.29,956.61,1.0997,3.243,Fast,False,False,0.0,0.0
Bike Components,BIKE_COMPONENT_0288,Ridgecrest,Ridgecrest Carbon,33,93.48,3871.43,3135.72,2031.78,1.2346,1.5433,Moderate,False,True,0.2665,0.2918
Bike Components,BIKE_COMPONENT_0289,Iceform,Iceform Apex,9,195.6,2680.28,1870.58,745.45,1.4329,2.5093,Moderate,False,False,0.0,0.0
Bike Components,BIKE_COMPONENT_0290,Ridgecrest,Ridgecrest Carbon,3,329.26,1361.88,1316.51,489.63,1.0345,2.6888,Moderate,False,False,0.0,0.0
Bike Components,BIKE_COMPONENT_0291,Opentrail,Opentrail Comp,8,71.63,792.76,598.84,307.57,1.3238,1.947,Moderate,False,False,0.0,0.0
Bike Components,BIKE_COMPONENT_0292,Pinnacle,Pinnacle Apex,35,35.41,1453.78,1247.3,708.36,1.1655,1.7608,Moderate,False,False,0.0,0.0
Bike Components,BIKE_COMPONENT_0293,Ridgecrest,Ridgecrest Base,63,56.63,4865.29,3586.74,473.04,1.3565,7.5823,Fast,False,False,0.0,0.0
Bike Components,BIKE_COMPONENT_0294,Iceform,Iceform Pro,0,311.8,78.08,64.31,39.22,1.2142,1.6397,Moderate,True,False,0.0,0.0
Bike Components,BIKE_COMPONENT_0295,Iceform,Iceform Ridge,12,102.49,1786.36,1314.48,390.25,1.359,3.3683,Fast,False,False,0.0,0.0
Bike Components,BIKE_COMPONENT_0296,Iceform,Iceform Sport,0,184.94,89.03,68.71,37.01,1.2958,1.8566,Moderate,True,False,0.0,0.0
Bike Components,BIKE_COMPONENT_0297,Iceform,Iceform Venture,0,203.11,201.64,188.01,151.12,1.0724,1.2441,Slow,True,True,0.2454,0.6818
Bike Components,BIKE_COMPONENT_0298,Basecamp,Basecamp Tour,0,535.86,281.77,238.44,293.41,1.1817,0.8127,Slow,True,False,0.0,0.0
Bike Components,BIKE_COMPONENT_0299,Iceform,Iceform Xpedition,1,174.6,288.58,201.54,180.89,1.4319,1.1141,Slow,False,True,0.3947,0.5406
Bike Components,BIKE_COMPONENT_0300,Alpenglow,Alpenglow Comp,0,546.37,188.4,154.87,78.36,1.2165,1.9763,Moderate,True,False,0.0,0.0
Bike Components,BIKE_COMPONENT_0301,Iceform,Iceform Apex,44,41.56,2295.28,1867.49,1534.28,1.2291,1.2172,Slow,False,True,0.217,0.4069
Bike Components,BIKE_COMPONENT_0302,Iceform,Iceform MAX,2,306.03,966.05,711.76,346.82,1.3573,2.0523,Moderate,False,False,0.0,0.0
Bike Components,BIKE_COMPONENT_0303,Basecamp,Basecamp Elite,0,363.11,85.55,68.79,38.19,1.2437,1.8015,Moderate,True,True,0.1849,0.3069
Bike Components,BIKE_COMPONENT_0304,Pinnacle,Pinnacle Pro,3,214.17,850.5,829.91,634.68,1.0248,1.3076,Slow,False,False,0.0,0.0
Bike Components,BIKE_COMPONENT_0305,Ridgecrest,Ridgecrest Comp,0,410.39,57.37,47.52,41.2,1.2073,1.1532,Slow,True,False,0.0,0.0
Bike Components,BIKE_COMPONENT_0306,Ridgecrest,Ridgecrest Series II,0,647.1,112.61,89.63,103.07,1.2564,0.8696,Slow,True,False,0.0,0.0
Bike Components,BIKE_COMPONENT_0307,Basecamp,Basecamp Carbon,4,119.29,563.06,517.81,353.34,1.0874,1.4655,Slow,False,False,0.0,0.0
Bike Components,BIKE_COMPONENT_0308,Pinnacle,Pinnacle Team,12,230.7,4094.58,2777.35,1341.32,1.4743,2.0706,Moderate,False,False,0.0,0.0
Bike Components,BIKE_COMPONENT_0309,Basecamp,Basecamp MAX,1,618.42,1146.1,898.87,408.64,1.275,2.1997,Moderate,False,False,0.0,0.0
Bike Components,BIKE_COMPONENT_0310,Iceform,Iceform Sport,0,591.82,61.88,53.05,94.0,1.1664,0.5644,Slow,True,True,0.2973,0.6978
Bike Components,BIKE_COMPONENT_0311,Pinnacle,Pinnacle Enduro,0,305.86,96.89,67.16,20.0,1.4427,3.3579,Fast,True,False,0.0,0.0
Bike Components,BIKE_COMPONENT_0312,Iceform,Iceform Foundation,3,333.16,1345.54,1123.17,541.38,1.198,2.0747,Moderate,False,False,0.0,0.0
Bike Components,BIKE_COMPONENT_0313,Pinnacle,Pinnacle Xpedition,0,498.36,750.85,483.67,236.59,1.5524,2.0444,Moderate,True,False,0.0,0.0
Bike Components,BIKE_COMPONENT_0314,Pinnacle,Pinnacle Pro,23,55.08,1438.61,1299.23,853.16,1.1073,1.5228,Moderate,False,True,0.1895,0.6005
Bike Components,BIKE_COMPONENT_0315,Basecamp,Basecamp Origin,6,102.01,870.39,707.0,220.26,1.2311,3.2098,Fast,False,False,0.0,0.0
Bike Components,BIKE_COMPONENT_0316,Alpenglow,Alpenglow Enduro,3,91.81,427.03,321.14,75.37,1.3297,4.2608,Fast,False,False,0.0,0.0
Bike Components,BIKE_COMPONENT_0317,Ridgecrest,Ridgecrest LTD,28,96.65,4123.17,2730.03,1042.85,1.5103,2.6179,Moderate,False,True,0.2192,0.3471
Bike Components,BIKE_COMPONENT_0318,Opentrail,Opentrail Traverse,1,287.15,685.97,455.5,206.19,1.506,2.2091,Moderate,False,False,0.0,0.0
Bike Components,BIKE_COMPONENT_0319,Basecamp,Basecamp Pro,3,266.22,1118.71,889.2,738.93,1.2581,1.2034,Slow,False,True,0.2374,0.5149
Bike Components,BIKE_COMPONENT_0320,Basecamp,Basecamp X1,2,160.35,491.07,335.32,138.11,1.4645,2.4279,Moderate,False,True,0.1964,0.3514
Bike Components,BIKE_COMPONENT_0321,Iceform,Iceform Foundation,1,419.39,564.82,438.57,236.76,1.2879,1.8523,Moderate,False,False,0.0,0.0
Bike Components,BIKE_COMPONENT_0322,Ridgecrest,Ridgecrest LTD,1,567.86,1423.93,942.69,739.69,1.5105,1.2744,Slow,False,False,0.0,0.0
Bike Components,BIKE_COMPONENT_0323,Basecamp,Basecamp Carbon,0,598.55,547.87,432.74,548.87,1.2661,0.7884,Slow,True,True,0.2925,0.6109
Bike Components,BIKE_COMPONENT_0324,Alpenglow,Alpenglow Enduro,0,244.09,267.7,209.59,164.63,1.2773,1.273,Slow,True,True,0.1793,0.5779
Bike Components,BIKE_COMPONENT_0325,Ridgecrest,Ridgecrest Pro,6,78.52,519.46,503.53,222.64,1.0316,2.2617,Moderate,False,False,0.0,0.0
Bike Components,BIKE_COMPONENT_0326,Iceform,Iceform Signature,3,478.88,1769.49,1711.55,501.07,1.0339,3.4158,Fast,False,False,0.0,0.0
Bike Components,BIKE_COMPONENT_0327,Alpenglow,Alpenglow Base,2,632.6,1866.26,1829.67,141.25,1.02,12.9533,Fast,False,False,0.0,0.0
Bike Components,BIKE_COMPONENT_0328,Opentrail,Opentrail Elite,0,106.23,50.04,39.96,20.0,1.2521,1.9982,Moderate,True,False,0.0,0.0
Bike Components,BIKE_COMPONENT_0329,Basecamp,Basecamp Carbon,0,289.53,163.16,112.71,198.87,1.4476,0.5668,Slow,True,False,0.0,0.0
Bike Components,BIKE_COMPONENT_0330,Ridgecrest,Ridgecrest Ascent,0,397.4,44.09,28.67,20.0,1.5375,1.4336,Slow,True,True,0.2298,0.4948
Bike Components,BIKE_COMPONENT_0331,Ridgecrest,Ridgecrest Origin,1,262.4,445.7,341.85,169.85,1.3038,2.0127,Moderate,False,False,0.0,0.0
Bike Components,BIKE_COMPONENT_0332,Iceform,Iceform Xpedition,0,248.29,123.9,101.01,67.17,1.2267,1.5037,Moderate,True,False,0.0,0.0
Bike Components,BIKE_COMPONENT_0333,Ridgecrest,Ridgecrest Lite,0,172.83,230.81,155.71,171.88,1.4823,0.9059,Slow,True,True,0.3158,0.2964
Bike Components,BIKE_COMPONENT_0334,Alpenglow,Alpenglow Tour,1,184.5,296.08,243.69,181.06,1.215,1.3459,Slow,False,True,0.1139,0.5852
Bike Components,BIKE_COMPONENT_0335,Iceform,Iceform LTD,2,137.64,337.14,293.28,241.44,1.1496,1.2147,Slow,False,True,0.3477,0.5286
Bike Components,BIKE_COMPONENT_0336,Ridgecrest,Ridgecrest Apex,7,224.26,2249.21,1767.14,1012.7,1.2728,1.745,Moderate,False,False,0.0,0.0
Bike Components,BIKE_COMPONENT_0337,Basecamp,Basecamp Trail,3,244.54,935.17,817.07,377.61,1.1445,2.1638,Moderate,False,False,0.0,0.0
Bike Components,BIKE_COMPONENT_0338,Pinnacle,Pinnacle Series II,0,45.27,13.7,9.96,20.0,1.3751,0.498,Dead,True,True,0.2514,0.494
Bike Components,BIKE_COMPONENT_0339,Alpenglow,Alpenglow Foundation,0,581.48,196.22,137.83,253.68,1.4237,0.5433,Slow,True,True,0.1977,0.5719
Bike Components,BIKE_COMPONENT_0340,Alpenglow,Alpenglow Crest,5,265.87,1852.82,1375.19,2250.6,1.3473,0.611,Slow,False,True,0.3465,0.3585
Bike Components,BIKE_COMPONENT_0341,Iceform,Iceform Crest,10,290.26,4649.47,3153.48,708.07,1.4744,4.4537,Fast,False,False,0.0,0.0
Bike Components,BIKE_COMPONENT_0342,Pinnacle,Pinnacle Team,2,143.4,562.73,415.79,339.77,1.3534,1.2237,Slow,False,False,0.0,0.0
Bike Components,BIKE_COMPONENT_0343,Alpenglow,Alpenglow Crest,1,404.12,633.81,576.98,400.98,1.0985,1.4389,Slow,False,False,0.0,0.0
Bike Components,BIKE_COMPONENT_0344,Ridgecrest,Ridgecrest Base,31,45.9,1752.56,1450.84,536.57,1.208,2.7039,Moderate,False,False,0.0,0.0
Bike Components,BIKE_COMPONENT_0345,Opentrail,Opentrail Venture,0,643.53,616.6,551.33,481.22,1.1184,1.1457,Slow,True,True,0.2947,0.4627
Bike Components,BIKE_COMPONENT_0346,Pinnacle,Pinnacle Summit,50,37.84,2714.02,1899.69,1482.0,1.4287,1.2818,Slow,False,False,0.0,0.0
Bike Components,BIKE_COMPONENT_0347,Iceform,Iceform Pro,0,116.21,63.0,41.95,20.0,1.5018,2.0976,Moderate,True,False,0.0,0.0
Bike Components,BIKE_COMPONENT_0348,Opentrail,Opentrail Crest,0,299.02,15.9,13.82,20.0,1.15,0.6912,Slow,True,True,0.337,0.5984
Bike Components,BIKE_COMPONENT_0349,Iceform,Iceform Team,0,214.93,8.18,5.25,20.0,1.5575,0.2627,Dead,True,True,0.2338,0.5381
Bike Components,BIKE_COMPONENT_0350,Pinnacle,Pinnacle Signature,2,240.52,584.01,516.22,269.81,1.1313,1.9133,Moderate,False,True,0.2463,0.4979
Kayaks & Canoes,KAYAKS_AND_CAN_0001,Ridgecrest,Ridgecrest Lite,8,233.66,2163.17,2016.02,2501.8,1.073,0.8058,Slow,False,True,0.3095,0.5238
Kayaks & Canoes,KAYAKS_AND_CAN_0002,Alpenglow,Alpenglow Comp,19,267.64,5598.98,5234.8,6348.12,1.0696,0.8246,Slow,False,True,0.2748,0.5335
Kayaks & Canoes,KAYAKS_AND_CAN_0003,Ironpass,Ironpass Apex,0,396.66,363.23,291.43,1200.73,1.2464,0.2427,Dead,True,True,0.3151,0.696
Kayaks & Canoes,KAYAKS_AND_CAN_0004,Rockline,Rockline Xpedition,24,593.68,14826.4,14535.69,10241.72,1.02,1.4193,Slow,False,False,0.0,0.0
Kayaks & Canoes,KAYAKS_AND_CAN_0005,Ridgecrest,Ridgecrest Venture,2,454.14,1418.11,1162.78,2865.83,1.2196,0.4057,Dead,False,True,0.2529,0.6101
Kayaks & Canoes,KAYAKS_AND_CAN_0006,Coastline,Coastline Sport,25,190.88,6629.2,4924.95,8488.97,1.346,0.5802,Slow,False,True,0.2287,0.3951
Kayaks & Canoes,KAYAKS_AND_CAN_0007,Alpenglow,Alpenglow Sport,0,160.18,42.15,32.6,38.16,1.2929,0.8544,Slow,True,False,0.0,0.0
Kayaks & Canoes,KAYAKS_AND_CAN_0008,Coastline,Coastline Lite,1,558.56,990.33,919.83,1322.5,1.0766,0.6955,Slow,False,True,0.1919,0.7786
Kayaks & Canoes,KAYAKS_AND_CAN_0009,Coastline,Coastline Venture,0,644.8,55.95,42.3,64.81,1.3228,0.6527,Slow,True,True,0.3654,0.5817
Kayaks & Canoes,KAYAKS_AND_CAN_0010,Ridgecrest,Ridgecrest Comp,0,496.66,64.19,46.03,20.43,1.3946,2.253,Moderate,True,False,0.0,0.0
Kayaks & Canoes,KAYAKS_AND_CAN_0011,Rockline,Rockline Ascent,3,579.53,2029.78,1940.58,1365.71,1.046,1.4209,Slow,False,True,0.2056,0.5122
Kayaks & Canoes,KAYAKS_AND_CAN_0012,Ridgecrest,Ridgecrest Tour,3,554.67,1953.18,1706.91,2291.77,1.1443,0.7448,Slow,False,True,0.3717,0.5796
Kayaks & Canoes,KAYAKS_AND_CAN_0013,Ridgecrest,Ridgecrest Summit,0,388.6,5.72,5.61,20.0,1.02,0.2803,Dead,True,False,0.0,0.0
Kayaks & Canoes,KAYAKS_AND_CAN_0014,Rockline,Rockline Elite,1,506.53,726.88,609.2,363.95,1.1932,1.6739,Moderate,False,True,0.2546,0.3743
Kayaks & Canoes,KAYAKS_AND_CAN_0015,Alpenglow,Alpenglow Summit,61,111.82,8496.24,6923.07,4302.75,1.2272,1.609,Moderate,False,True,0.2225,0.5006
Kayaks & Canoes,KAYAKS_AND_CAN_0016,Terracross,Terracross Pro,83,151.1,14324.39,12686.1,4693.87,1.1291,2.7027,Moderate,False,False,0.0,0.0
Kayaks & Canoes,KAYAKS_AND_CAN_0017,Rockline,Rockline Elite,7,156.78,1643.22,1253.96,1017.89,1.3104,1.2319,Slow,False,True,0.3604,0.4804
Kayaks & Canoes,KAYAKS_AND_CAN_0018,Ridgecrest,Ridgecrest Pro,5,645.19,4428.36,3838.65,6527.67,1.1536,0.5881,Slow,False,True,0.2403,0.7425
Kayaks & Canoes,KAYAKS_AND_CAN_0019,Terracross,Terracross Team,13,337.57,5155.82,4511.95,1621.08,1.1427,2.7833,Moderate,False,False,0.0,0.0
Kayaks & Canoes,KAYAKS_AND_CAN_0020,Alpenglow,Alpenglow Tour,0,345.37,280.88,222.58,789.66,1.2619,0.2819,Dead,True,True,0.2959,0.5276
Kayaks & Canoes,KAYAKS_AND_CAN_0021,Ridgecrest,Ridgecrest Elite,2,563.73,1891.67,1520.94,3785.11,1.2437,0.4018,Dead,False,True,0.2202,0.5494
Kayaks & Canoes,KAYAKS_AND_CAN_0022,Terracross,Terracross Venture,69,109.38,7914.67,7587.91,9885.07,1.0431,0.7676,Slow,False,False,0.0,0.0
Kayaks & Canoes,KAYAKS_AND_CAN_0023,Ironpass,Ironpass Summit,39,92.66,4787.93,3647.55,5291.49,1.3126,0.6893,Slow,False,False,0.0,0.0
Kayaks & Canoes,KAYAKS_AND_CAN_0024,Alpenglow,Alpenglow Apex,12,335.08,4604.12,4226.0,2793.14,1.0895,1.513,Moderate,False,False,0.0,0.0
Kayaks & Canoes,KAYAKS_AND_CAN_0025,Rockline,Rockline Trail,4,425.76,2379.55,2079.43,1589.03,1.1443,1.3086,Slow,False,False,0.0,0.0
Kayaks & Canoes,KAYAKS_AND_CAN_0026,Ridgecrest,Ridgecrest MAX,0,630.35,634.23,529.56,235.43,1.1977,2.2493,Moderate,True,False,0.0,0.0
Kayaks & Canoes,KAYAKS_AND_CAN_0027,Rockline,Rockline MAX,0,130.53,50.92,38.2,86.7,1.3328,0.4407,Dead,True,True,0.302,0.595
Kayaks & Canoes,KAYAKS_AND_CAN_0028,Coastline,Coastline Pro,6,178.62,1385.72,1143.79,6882.44,1.2115,0.1662,Dead,False,True,0.3857,0.5172
Kayaks & Canoes,KAYAKS_AND_CAN_0029,Ridgecrest,Ridgecrest Ascent,5,186.99,1457.78,1104.02,3627.5,1.3204,0.3043,Dead,False,True,0.3295,0.5942
Kayaks & Canoes,KAYAKS_AND_CAN_0030,Ridgecrest,Ridgecrest Xpedition,13,480.72,8034.56,6631.39,6784.72,1.2116,0.9774,Slow,False,True,0.3153,0.6779
Kayaks & Canoes,KAYAKS_AND_CAN_0031,Ironpass,Ironpass Foundation,1,180.18,249.07,188.67,213.7,1.3201,0.8829,Slow,False,True,0.3785,0.7092
Kayaks & Canoes,KAYAKS_AND_CAN_0032,Ironpass,Ironpass Crest,5,172.77,1340.72,997.83,1628.51,1.3436,0.6127,Slow,False,True,0.2758,0.6117
Kayaks & Canoes,KAYAKS_AND_CAN_0033,Ironpass,Ironpass Comp,3,592.99,2334.93,1940.04,3584.01,1.2035,0.5413,Slow,False,True,0.3545,0.7157
Kayaks & Canoes,KAYAKS_AND_CAN_0034,Ironpass,Ironpass MAX,1,574.7,837.57,659.84,970.27,1.2694,0.6801,Slow,False,True,0.3305,0.5853
Kayaks & Canoes,KAYAKS_AND_CAN_0035,Coastline,Coastline Signature,0,261.97,294.43,232.81,123.53,1.2647,1.8846,Moderate,True,True,0.1416,0.2562
Kayaks & Canoes,KAYAKS_AND_CAN_0036,Ironpass,Ironpass Trail,3,63.5,231.97,227.42,292.37,1.02,0.7779,Slow,False,True,0.27,0.4931
Kayaks & Canoes,KAYAKS_AND_CAN_0037,Rockline,Rockline Trail,13,349.86,6011.25,4772.63,2164.94,1.2595,2.2045,Moderate,False,False,0.0,0.0
Kayaks & Canoes,KAYAKS_AND_CAN_0038,Terracross,Terracross Traverse,0,516.04,274.26,247.25,485.47,1.1092,0.5093,Slow,True,True,0.237,0.5863
Kayaks & Canoes,KAYAKS_AND_CAN_0039,Rockline,Rockline Lite,8,470.28,4586.9,3868.45,15424.33,1.1857,0.2508,Dead,False,True,0.4554,0.7459
Kayaks & Canoes,KAYAKS_AND_CAN_0040,Ironpass,Ironpass Traverse,17,340.33,7435.55,5856.58,1410.94,1.2696,4.1508,Fast,False,False,0.0,0.0
Kayaks & Canoes,KAYAKS_AND_CAN_0041,Ridgecrest,Ridgecrest Ridge,1,581.56,930.04,828.92,972.58,1.122,0.8523,Slow,False,True,0.2363,0.5919
Kayaks & Canoes,KAYAKS_AND_CAN_0042,Coastline,Coastline Base,1,158.74,213.51,205.86,799.29,1.0372,0.2576,Dead,False,True,0.346,0.6418
Kayaks & Canoes,KAYAKS_AND_CAN_0043,Ridgecrest,Ridgecrest MAX,83,55.16,5992.43,4600.54,3693.85,1.3025,1.2455,Slow,False,False,0.0,0.0
Kayaks & Canoes,KAYAKS_AND_CAN_0044,Terracross,Terracross Xpedition,56,234.73,16436.14,13368.26,9731.93,1.2295,1.3736,Slow,False,True,0.2218,0.4592
Kayaks & Canoes,KAYAKS_AND_CAN_0045,Coastline,Coastline Traverse,27,95.35,2749.36,2649.4,1314.55,1.0377,2.0154,Moderate,False,False,0.0,0.0
Kayaks & Canoes,KAYAKS_AND_CAN_0046,Alpenglow,Alpenglow Traverse,4,400.98,2195.4,1898.17,2723.17,1.1566,0.697,Slow,False,True,0.3296,0.6741
Kayaks & Canoes,KAYAKS_AND_CAN_0047,Rockline,Rockline Xpedition,5,548.36,3620.85,3050.92,3903.46,1.1868,0.7816,Slow,False,True,0.2253,0.5594
Kayaks & Canoes,KAYAKS_AND_CAN_0048,Alpenglow,Alpenglow MAX,8,282.42,2696.93,2291.82,3334.7,1.1768,0.6873,Slow,False,True,0.3273,0.5462
Kayaks & Canoes,KAYAKS_AND_CAN_0049,Rockline,Rockline Lite,20,383.26,9287.5,7809.75,10761.62,1.1892,0.7257,Slow,False,False,0.0,0.0
Kayaks & Canoes,KAYAKS_AND_CAN_0050,Ironpass,Ironpass Foundation,25,80.12,2564.64,2048.33,1219.43,1.2521,1.6797,Moderate,False,False,0.0,0.0
Kayaks & Canoes,KAYAKS_AND_CAN_0051,Terracross,Terracross Base,2,227.76,684.09,613.01,1590.95,1.116,0.3853,Dead,False,True,0.2429,0.5592
Kayaks & Canoes,KAYAKS_AND_CAN_0052,Ironpass,Ironpass Trail,36,404.08,15161.48,14864.2,13167.65,1.02,1.1288,Slow,False,True,0.1403,0.4736
Kayaks & Canoes,KAYAKS_AND_CAN_0053,Ironpass,Ironpass LTD,2,593.11,1711.04,1456.06,1425.42,1.1751,1.0215,Slow,False,True,0.2822,0.4661
Kayaks & Canoes,KAYAKS_AND_CAN_0054,Ironpass,Ironpass Tour,59,45.79,3761.8,2745.01,2739.08,1.3704,1.0022,Slow,False,True,0.2299,0.4807
Kayaks & Canoes,KAYAKS_AND_CAN_0055,Ridgecrest,Ridgecrest Summit,0,318.72,128.69,118.7,161.45,1.0842,0.7352,Slow,True,False,0.0,0.0
Kayaks & Canoes,KAYAKS_AND_CAN_0056,Alpenglow,Alpenglow Comp,3,311.68,1257.72,1036.52,888.42,1.2134,1.1667,Slow,False,False,0.0,0.0
Kayaks & Canoes,KAYAKS_AND_CAN_0057,Rockline,Rockline Elite,0,364.3,340.77,271.42,351.06,1.2555,0.7732,Slow,True,True,0.2184,0.5537
Kayaks & Canoes,KAYAKS_AND_CAN_0058,Terracross,Terracross Elite,17,432.18,9480.98,7577.58,3519.41,1.2512,2.1531,Moderate,False,False,0.0,0.0
Kayaks & Canoes,KAYAKS_AND_CAN_0059,Rockline,Rockline Sport,0,552.84,23.29,19.82,35.04,1.1753,0.5655,Slow,True,True,0.4431,0.6233
Kayaks & Canoes,KAYAKS_AND_CAN_0060,Rockline,Rockline Summit,5,506.34,3296.99,2651.35,3544.91,1.2435,0.7479,Slow,False,True,0.2459,0.5966
Kayaks & Canoes,KAYAKS_AND_CAN_0061,Terracross,Terracross Signature,0,257.9,223.59,213.0,347.67,1.0497,0.6127,Slow,True,False,0.0,0.0
Kayaks & Canoes,KAYAKS_AND_CAN_0062,Rockline,Rockline Tour,25,286.2,9154.01,7216.18,8025.24,1.2685,0.8992,Slow,False,False,0.0,0.0
Kayaks & Canoes,KAYAKS_AND_CAN_0063,Coastline,Coastline Trail,9,84.88,850.84,787.53,1373.95,1.0804,0.5732,Slow,False,True,0.2508,0.5927
Kayaks & Canoes,KAYAKS_AND_CAN_0064,Alpenglow,Alpenglow Apex,5,434.01,3017.33,2364.61,7849.25,1.276,0.3013,Dead,False,False,0.0,0.0
Kayaks & Canoes,KAYAKS_AND_CAN_0065,Alpenglow,Alpenglow Lite,12,370.86,5972.22,4475.7,4362.57,1.3344,1.0259,Slow,False,True,0.3291,0.3493
Kayaks & Canoes,KAYAKS_AND_CAN_0066,Rockline,Rockline Sport,151,180.72,27840.34,27294.45,8106.74,1.02,3.3669,Fast,False,False,0.0,0.0
Kayaks & Canoes,KAYAKS_AND_CAN_0067,Coastline,Coastline Tour,0,420.06,127.67,100.12,160.05,1.2752,0.6255,Slow,True,False,0.0,0.0
Kayaks & Canoes,KAYAKS_AND_CAN_0068,Rockline,Rockline Traverse,0,474.83,391.97,367.8,339.67,1.0657,1.0828,Slow,True,True,0.222,0.5099
Kayaks & Canoes,KAYAKS_AND_CAN_0069,Ridgecrest,Ridgecrest Sport,4,647.22,3949.38,2869.89,2599.04,1.3761,1.1042,Slow,False,True,0.176,0.4813
Kayaks & Canoes,KAYAKS_AND_CAN_0070,Rockline,Rockline Lite,0,225.35,63.24,49.56,170.51,1.276,0.2906,Dead,True,True,0.4279,0.5913
Kayaks & Canoes,KAYAKS_AND_CAN_0071,Ironpass,Ironpass Enduro,4,351.98,2178.6,1735.26,4475.8,1.2555,0.3877,Dead,False,True,0.2942,0.5582
Kayaks & Canoes,KAYAKS_AND_CAN_0072,Ridgecrest,Ridgecrest Signature,0,376.51,341.2,308.07,220.32,1.1075,1.3983,Slow,True,False,0.0,0.0
Kayaks & Canoes,KAYAKS_AND_CAN_0073,Terracross,Terracross Base,73,34.47,3014.44,2533.37,5756.92,1.1899,0.4401,Dead,False,True,0.3558,0.7486
Kayaks & Canoes,KAYAKS_AND_CAN_0074,Rockline,Rockline Ascent,4,524.75,2941.66,2432.43,3857.78,1.2093,0.6305,Slow,False,False,0.0,0.0
Kayaks & Canoes,KAYAKS_AND_CAN_0075,Ironpass,Ironpass Crest,0,402.64,270.72,222.59,359.89,1.2162,0.6185,Slow,True,True,0.3856,0.69
Kayaks & Canoes,KAYAKS_AND_CAN_0076,Ridgecrest,Ridgecrest Ascent,16,96.31,1946.47,1571.91,4467.37,1.2383,0.3519,Dead,False,False,0.0,0.0
Kayaks & Canoes,KAYAKS_AND_CAN_0077,Ironpass,Ironpass Apex,131,245.55,32819.06,32175.55,13702.05,1.02,2.3482,Moderate,False,False,0.0,0.0
Kayaks & Canoes,KAYAKS_AND_CAN_0078,Ironpass,Ironpass Crest,0,534.41,100.75,80.43,224.99,1.2526,0.3575,Dead,True,True,0.3743,0.5489
Paddle & SUP Accessories,PADDLE_AND_SUP_0001,Stonepath,Stonepath Trail,28,118.01,5279.57,3362.35,838.66,1.5702,4.0092,Fast,False,False,0.0,0.0
Paddle & SUP Accessories,PADDLE_AND_SUP_0002,Duskridge,Duskridge Origin,8,91.77,1166.64,779.8,224.12,1.4961,3.4794,Fast,False,False,0.0,0.0
Paddle & SUP Accessories,PADDLE_AND_SUP_0003,Edgewood,Edgewood LTD,1,541.88,1274.83,891.05,152.58,1.4307,5.8398,Fast,False,False,0.0,0.0
Paddle & SUP Accessories,PADDLE_AND_SUP_0004,Powderline,Powderline Ridge,2,68.08,184.19,137.4,100.92,1.3406,1.3614,Slow,False,False,0.0,0.0
Paddle & SUP Accessories,PADDLE_AND_SUP_0005,Stonepath,Stonepath Ridge,0,573.56,194.12,133.14,134.11,1.458,0.9928,Slow,True,True,0.2437,0.454
Paddle & SUP Accessories,PADDLE_AND_SUP_0006,Canyonset,Canyonset Elite,0,267.37,248.92,177.4,88.93,1.4031,1.9949,Moderate,True,False,0.0,0.0
Paddle & SUP Accessories,PADDLE_AND_SUP_0007,Powderline,Powderline Tour,4,214.8,1674.44,923.18,411.41,1.8138,2.2439,Moderate,False,False,0.0,0.0
Paddle & SUP Accessories,PADDLE_AND_SUP_0008,Edgewood,Edgewood Xpedition,8,224.68,2313.43,1973.41,540.59,1.1723,3.6505,Fast,False,False,0.0,0.0
Paddle & SUP Accessories,PADDLE_AND_SUP_0009,Basecamp,Basecamp Pro,9,479.81,6137.56,4623.63,1886.02,1.3274,2.4515,Moderate,False,False,0.0,0.0
Paddle & SUP Accessories,PADDLE_AND_SUP_0010,Duskridge,Duskridge Ascent,0,287.46,97.71,73.65,20.0,1.3267,3.6826,Fast,True,False,0.0,0.0
Paddle & SUP Accessories,PADDLE_AND_SUP_0011,Canyonset,Canyonset Traverse,23,263.88,9389.76,6095.94,699.75,1.5403,8.7116,Fast,False,False,0.0,0.0
Paddle & SUP Accessories,PADDLE_AND_SUP_0012,Duskridge,Duskridge Ridge,0,588.01,657.48,474.67,372.89,1.3851,1.273,Slow,True,False,0.0,0.0
Paddle & SUP Accessories,PADDLE_AND_SUP_0013,Stonepath,Stonepath Tour,2,216.5,830.3,543.51,191.52,1.5277,2.8378,Moderate,False,False,0.0,0.0
Paddle & SUP Accessories,PADDLE_AND_SUP_0014,Canyonset,Canyonset Lite,64,100.21,8880.77,6451.29,745.65,1.3766,8.6519,Fast,False,False,0.0,0.0
Paddle & SUP Accessories,PADDLE_AND_SUP_0015,Powderline,Powderline LTD,16,327.02,8692.13,5336.86,720.55,1.6287,7.4066,Fast,False,False,0.0,0.0
Paddle & SUP Accessories,PADDLE_AND_SUP_0016,Edgewood,Edgewood Crest,3,432.53,1795.19,1311.69,447.18,1.3686,2.9333,Moderate,False,False,0.0,0.0
Paddle & SUP Accessories,PADDLE_AND_SUP_0017,Basecamp,Basecamp Venture,0,134.42,130.91,87.3,27.42,1.4995,3.1844,Fast,True,False,0.0,0.0
Paddle & SUP Accessories,PADDLE_AND_SUP_0018,Iceform,Iceform LTD,2,602.88,1858.89,1416.05,725.4,1.3127,1.9521,Moderate,False,False,0.0,0.0
Paddle & SUP Accessories,PADDLE_AND_SUP_0019,Canyonset,Canyonset Enduro,0,364.57,346.01,215.29,119.43,1.6071,1.8027,Moderate,True,True,0.1471,0.523
Paddle & SUP Accessories,PADDLE_AND_SUP_0020,Stonepath,Stonepath X1,3,257.49,1174.14,788.7,176.84,1.4887,4.46,Fast,False,False,0.0,0.0
Paddle & SUP Accessories,PADDLE_AND_SUP_0021,Duskridge,Duskridge Elite,2,365.23,1641.75,1075.72,170.46,1.5262,6.3108,Fast,False,False,0.0,0.0
Paddle & SUP Accessories,PADDLE_AND_SUP_0022,Stonepath,Stonepath Pro,21,26.98,816.7,571.39,415.39,1.4293,1.3755,Slow,False,True,0.1504,0.3331
Paddle & SUP Accessories,PADDLE_AND_SUP_0023,Iceform,Iceform Traverse,0,649.91,66.64,53.08,20.0,1.2556,2.6538,Moderate,True,False,0.0,0.0
Paddle & SUP Accessories,PADDLE_AND_SUP_0024,Iceform,Iceform Team,2,343.71,1436.94,961.04,357.7,1.4952,2.6867,Moderate,False,False,0.0,0.0
Paddle & SUP Accessories,PADDLE_AND_SUP_0025,Edgewood,Edgewood Pro,1,390.35,848.88,570.1,451.1,1.489,1.2638,Slow,False,True,0.227,0.6088
Paddle & SUP Accessories,PADDLE_AND_SUP_0026,Basecamp,Basecamp Sport,3,546.08,2474.15,1691.32,925.78,1.4629,1.8269,Moderate,False,False,0.0,0.0
Paddle & SUP Accessories,PADDLE_AND_SUP_0027,Canyonset,Canyonset Xpedition,9,84.75,1126.09,832.78,93.44,1.3522,8.912,Fast,False,False,0.0,0.0
Paddle & SUP Accessories,PADDLE_AND_SUP_0028,Duskridge,Duskridge Tour,5,136.01,898.88,739.85,1155.28,1.2149,0.6404,Slow,False,False,0.0,0.0
Paddle & SUP Accessories,PADDLE_AND_SUP_0029,Powderline,Powderline LTD,8,544.14,6394.83,4854.56,979.44,1.3173,4.9564,Fast,False,False,0.0,0.0
Paddle & SUP Accessories,PADDLE_AND_SUP_0030,Basecamp,Basecamp Crest,8,292.38,3337.54,2355.62,896.68,1.4168,2.627,Moderate,False,False,0.0,0.0
Paddle & SUP Accessories,PADDLE_AND_SUP_0031,Stonepath,Stonepath MAX,5,574.2,4215.29,3432.1,510.15,1.2282,6.7276,Fast,False,False,0.0,0.0
Paddle & SUP Accessories,PADDLE_AND_SUP_0032,Edgewood,Edgewood Crest,0,431.26,64.1,42.97,20.0,1.4916,2.1487,Moderate,True,False,0.0,0.0
Paddle & SUP Accessories,PADDLE_AND_SUP_0033,Firncrest,Firncrest MAX,1,169.63,284.91,189.73,99.08,1.5016,1.915,Moderate,False,False,0.0,0.0
Paddle & SUP Accessories,PADDLE_AND_SUP_0034,Firncrest,Firncrest Series II,3,358.32,1644.91,1419.32,331.91,1.1589,4.2763,Fast,False,False,0.0,0.0
Paddle & SUP Accessories,PADDLE_AND_SUP_0035,Powderline,Powderline Venture,42,322.69,18757.21,13810.22,1263.35,1.3582,10.9314,Fast,False,False,0.0,0.0
Paddle & SUP Accessories,PADDLE_AND_SUP_0036,Basecamp,Basecamp Pro,20,20.2,674.7,420.08,198.88,1.6061,2.1122,Moderate,False,False,0.0,0.0
Paddle & SUP Accessories,PADDLE_AND_SUP_0037,Canyonset,Canyonset LTD,13,130.07,2909.18,1758.8,806.37,1.6541,2.1811,Moderate,False,False,0.0,0.0
Paddle & SUP Accessories,PADDLE_AND_SUP_0038,Firncrest,Firncrest MAX,8,347.51,4111.99,3005.58,1834.82,1.3681,1.6381,Moderate,False,False,0.0,0.0
Paddle & SUP Accessories,PADDLE_AND_SUP_0039,Stonepath,Stonepath Tour,2,335.83,1139.91,838.44,345.03,1.3596,2.4301,Moderate,False,False,0.0,0.0
Paddle & SUP Accessories,PADDLE_AND_SUP_0040,Canyonset,Canyonset Foundation,1,517.54,1040.56,799.7,257.59,1.3012,3.1045,Fast,False,False,0.0,0.0
Paddle & SUP Accessories,PADDLE_AND_SUP_0041,Edgewood,Edgewood Pro,1,616.54,1063.8,731.92,344.65,1.4535,2.1237,Moderate,False,False,0.0,0.0
Paddle & SUP Accessories,PADDLE_AND_SUP_0042,Firncrest,Firncrest Trail,2,488.07,1744.38,1288.5,729.1,1.3538,1.7673,Moderate,False,False,0.0,0.0
Paddle & SUP Accessories,PADDLE_AND_SUP_0043,Basecamp,Basecamp Team,31,334.97,14059.28,10648.82,3402.34,1.3203,3.1298,Fast,False,False,0.0,0.0
Paddle & SUP Accessories,PADDLE_AND_SUP_0044,Powderline,Powderline LTD,0,482.88,42.03,31.03,20.0,1.3542,1.5516,Moderate,True,False,0.0,0.0
Paddle & SUP Accessories,PADDLE_AND_SUP_0045,Basecamp,Basecamp Xpedition,4,399.21,2903.65,1794.99,379.93,1.6176,4.7245,Fast,False,False,0.0,0.0
Paddle & SUP Accessories,PADDLE_AND_SUP_0046,Firncrest,Firncrest Elite,1,341.89,667.26,419.87,288.24,1.5892,1.4567,Slow,False,False,0.0,0.0
Paddle & SUP Accessories,PADDLE_AND_SUP_0047,Stonepath,Stonepath Summit,58,55.39,4487.5,3265.71,336.53,1.3741,9.7041,Fast,False,False,0.0,0.0
Paddle & SUP Accessories,PADDLE_AND_SUP_0048,Canyonset,Canyonset Signature,1,163.49,240.68,195.74,94.89,1.2296,2.0628,Moderate,False,False,0.0,0.0
Paddle & SUP Accessories,PADDLE_AND_SUP_0049,Basecamp,Basecamp Venture,2,88.09,351.26,235.46,81.37,1.4918,2.8939,Moderate,False,False,0.0,0.0
Paddle & SUP Accessories,PADDLE_AND_SUP_0050,Duskridge,Duskridge Series II,0,625.69,172.02,114.49,29.24,1.5024,3.9158,Fast,True,False,0.0,0.0
Paddle & SUP Accessories,PADDLE_AND_SUP_0051,Firncrest,Firncrest Enduro,2,616.22,2095.0,1461.85,503.63,1.4331,2.9026,Moderate,False,False,0.0,0.0
Paddle & SUP Accessories,PADDLE_AND_SUP_0052,Duskridge,Duskridge Ridge,4,210.98,1442.09,954.52,794.35,1.5108,1.2016,Slow,False,False,0.0,0.0
Paddle & SUP Accessories,PADDLE_AND_SUP_0053,Firncrest,Firncrest Elite,23,576.82,18787.74,13484.84,2211.33,1.3932,6.0981,Fast,False,False,0.0,0.0
Paddle & SUP Accessories,PADDLE_AND_SUP_0054,Basecamp,Basecamp Tour,0,599.14,627.45,416.38,63.56,1.5069,6.5515,Fast,True,False,0.0,0.0
Paddle & SUP Accessories,PADDLE_AND_SUP_0055,Powderline,Powderline Lite,0,595.67,183.27,134.15,83.2,1.3662,1.6123,Moderate,True,False,0.0,0.0
Paddle & SUP Accessories,PADDLE_AND_SUP_0056,Canyonset,Canyonset Base,6,576.6,5159.59,3800.32,3170.15,1.3577,1.1988,Slow,False,True,0.2568,0.4668
Paddle & SUP Accessories,PADDLE_AND_SUP_0057,Stonepath,Stonepath Ascent,5,65.82,561.23,370.47,146.49,1.5149,2.5289,Moderate,False,False,0.0,0.0
Paddle & SUP Accessories,PADDLE_AND_SUP_0058,Canyonset,Canyonset Pro,4,35.73,216.49,156.63,121.84,1.3822,1.2855,Slow,False,True,0.1652,0.5015
Paddle & SUP Accessories,PADDLE_AND_SUP_0059,Powderline,Powderline LTD,1,256.51,485.57,381.17,76.85,1.2739,4.96,Fast,False,False,0.0,0.0
Paddle & SUP Accessories,PADDLE_AND_SUP_0060,Powderline,Powderline Ascent,0,252.55,263.78,211.08,191.68,1.2497,1.1012,Slow,True,False,0.0,0.0
Paddle & SUP Accessories,PADDLE_AND_SUP_0061,Iceform,Iceform Enduro,0,579.19,71.24,69.84,36.0,1.02,1.9399,Moderate,True,False,0.0,0.0
Paddle & SUP Accessories,PADDLE_AND_SUP_0062,Powderline,Powderline Crest,0,648.83,685.02,441.26,212.0,1.5524,2.0814,Moderate,True,False,0.0,0.0
Paddle & SUP Accessories,PADDLE_AND_SUP_0063,Canyonset,Canyonset Team,0,640.92,47.12,34.86,20.0,1.3515,1.7431,Moderate,True,False,0.0,0.0
Paddle & SUP Accessories,PADDLE_AND_SUP_0064,Duskridge,Duskridge Elite,0,503.6,113.43,79.15,20.0,1.4331,3.9575,Fast,True,False,0.0,0.0
Paddle & SUP Accessories,PADDLE_AND_SUP_0065,Canyonset,Canyonset Summit,4,529.25,3423.85,2494.59,1097.41,1.3725,2.2732,Moderate,False,False,0.0,0.0
Paddle & SUP Accessories,PADDLE_AND_SUP_0066,Powderline,Powderline Summit,84,220.17,28335.34,18590.19,2672.45,1.5242,6.9562,Fast,False,False,0.0,0.0
Paddle & SUP Accessories,PADDLE_AND_SUP_0067,Stonepath,Stonepath Sport,39,52.9,2679.39,2098.12,698.55,1.277,3.0035,Fast,False,False,0.0,0.0
Paddle & SUP Accessories,PADDLE_AND_SUP_0068,Powderline,Powderline Traverse,0,339.61,352.89,290.14,74.45,1.2163,3.8974,Fast,True,False,0.0,0.0
Paddle & SUP Accessories,PADDLE_AND_SUP_0069,Iceform,Iceform Traverse,108,19.63,3380.83,2130.27,346.72,1.587,6.1441,Fast,False,False,0.0,0.0
Paddle & SUP Accessories,PADDLE_AND_SUP_0070,Edgewood,Edgewood Origin,32,37.54,1374.75,1201.48,265.28,1.1442,4.5291,Fast,False,False,0.0,0.0
Paddle & SUP Accessories,PADDLE_AND_SUP_0071,Canyonset,Canyonset Lite,32,178.45,7390.04,5711.78,2930.5,1.2938,1.9491,Moderate,False,True,0.1878,0.5275
Paddle & SUP Accessories,PADDLE_AND_SUP_0072,Iceform,Iceform Crest,87,43.66,5639.16,3827.16,1267.19,1.4735,3.0202,Fast,False,False,0.0,0.0
Paddle & SUP Accessories,PADDLE_AND_SUP_0073,Duskridge,Duskridge Trail,2,107.99,457.68,319.6,69.44,1.432,4.6025,Fast,False,False,0.0,0.0
Paddle & SUP Accessories,PADDLE_AND_SUP_0074,Edgewood,Edgewood Series II,8,609.05,7830.1,5203.21,859.23,1.5049,6.0556,Fast,False,False,0.0,0.0
Paddle & SUP Accessories,PADDLE_AND_SUP_0075,Powderline,Powderline X1,0,417.75,328.77,210.95,108.15,1.5586,1.9504,Moderate,True,False,0.0,0.0
Paddle & SUP Accessories,PADDLE_AND_SUP_0076,Powderline,Powderline Ascent,1,271.79,471.98,324.2,148.25,1.4558,2.1869,Moderate,False,False,0.0,0.0
Paddle & SUP Accessories,PADDLE_AND_SUP_0077,Canyonset,Canyonset Team,1,594.06,1224.22,1037.3,411.21,1.1802,2.5225,Moderate,False,False,0.0,0.0
Paddle & SUP Accessories,PADDLE_AND_SUP_0078,Stonepath,Stonepath Ascent,2,555.66,2113.85,1281.95,907.04,1.6489,1.4133,Slow,False,True,0.2055,0.3061
Paddle & SUP Accessories,PADDLE_AND_SUP_0079,Firncrest,Firncrest Summit,1,38.05,95.89,73.29,102.85,1.3085,0.7126,Slow,False,True,0.3016,0.4942
Paddle & SUP Accessories,PADDLE_AND_SUP_0080,Stonepath,Stonepath Comp,0,542.72,331.83,259.96,153.79,1.2765,1.6903,Moderate,True,True,0.1432,0.4829
Paddle & SUP Accessories,PADDLE_AND_SUP_0081,Canyonset,Canyonset Team,0,288.13,141.33,102.56,20.0,1.378,5.128,Fast,True,False,0.0,0.0
Paddle & SUP Accessories,PADDLE_AND_SUP_0082,Duskridge,Duskridge LTD,0,438.99,108.69,106.56,98.1,1.02,1.0863,Slow,True,True,0.2889,0.4708
Paddle & SUP Accessories,PADDLE_AND_SUP_0083,Firncrest,Firncrest Comp,0,359.23,61.59,41.91,20.0,1.4694,2.0957,Moderate,True,False,0.0,0.0
Paddle & SUP Accessories,PADDLE_AND_SUP_0084,Edgewood,Edgewood Trail,0,563.72,42.78,37.11,20.0,1.1528,1.8554,Moderate,True,True,0.2311,0.7452
Paddle & SUP Accessories,PADDLE_AND_SUP_0085,Iceform,Iceform Series II,1,397.22,678.38,496.01,402.4,1.3677,1.2326,Slow,False,True,0.2255,0.4475
Paddle & SUP Accessories,PADDLE_AND_SUP_0086,Duskridge,Duskridge Lite,1,268.7,431.98,298.06,39.03,1.4493,7.6362,Fast,False,False,0.0,0.0
Paddle & SUP Accessories,PADDLE_AND_SUP_0087,Canyonset,Canyonset X1,4,338.86,2159.6,1427.34,428.49,1.513,3.3311,Fast,False,False,0.0,0.0
Paddle & SUP Accessories,PADDLE_AND_SUP_0088,Powderline,Powderline Enduro,2,386.32,1475.43,1081.98,348.77,1.3636,3.1023,Fast,False,False,0.0,0.0
Paddle & SUP Accessories,PADDLE_AND_SUP_0089,Edgewood,Edgewood Ridge,11,559.53,8366.53,6438.65,1771.7,1.2994,3.6342,Fast,False,False,0.0,0.0
Paddle & SUP Accessories,PADDLE_AND_SUP_0090,Duskridge,Duskridge Traverse,1,592.49,938.25,725.92,649.65,1.2925,1.1174,Slow,False,True,0.2913,0.2597
Paddle & SUP Accessories,PADDLE_AND_SUP_0091,Stonepath,Stonepath Foundation,6,178.98,1620.19,1098.61,557.7,1.4748,1.9699,Moderate,False,False,0.0,0.0
Paddle & SUP Accessories,PADDLE_AND_SUP_0092,Stonepath,Stonepath Ridge,0,256.56,89.55,55.21,20.0,1.6218,2.7607,Moderate,True,False,0.0,0.0
Paddle & SUP Accessories,PADDLE_AND_SUP_0093,Iceform,Iceform Summit,86,73.72,7021.32,6352.94,1490.42,1.1052,4.2625,Fast,False,False,0.0,0.0
Paddle & SUP Accessories,PADDLE_AND_SUP_0094,Firncrest,Firncrest Summit,0,570.14,479.09,397.76,262.15,1.2045,1.5173,Moderate,True,True,0.2975,0.4848
Paddle & SUP Accessories,PADDLE_AND_SUP_0095,Duskridge,Duskridge Tour,1,257.48,422.53,356.47,130.96,1.1853,2.722,Moderate,False,False,0.0,0.0
Paddle & SUP Accessories,PADDLE_AND_SUP_0096,Stonepath,Stonepath Crest,17,169.07,4259.27,2953.85,588.93,1.4419,5.0156,Fast,False,False,0.0,0.0
Paddle & SUP Accessories,PADDLE_AND_SUP_0097,Canyonset,Canyonset Team,1,419.22,685.51,450.04,226.17,1.5232,1.9898,Moderate,False,False,0.0,0.0
Paddle & SUP Accessories,PADDLE_AND_SUP_0098,Canyonset,Canyonset Comp,9,189.36,2365.12,1705.74,615.86,1.3866,2.7697,Moderate,False,False,0.0,0.0
Paddle & SUP Accessories,PADDLE_AND_SUP_0099,Basecamp,Basecamp Venture,0,158.82,113.95,88.47,83.63,1.288,1.0579,Slow,True,False,0.0,0.0
Paddle & SUP Accessories,PADDLE_AND_SUP_0100,Powderline,Powderline Venture,7,37.35,436.05,286.24,43.04,1.5234,6.651,Fast,False,False,0.0,0.0
Paddle & SUP Accessories,PADDLE_AND_SUP_0101,Edgewood,Edgewood Apex,3,368.17,1656.55,1182.62,713.34,1.4007,1.6579,Moderate,False,False,0.0,0.0
Paddle & SUP Accessories,PADDLE_AND_SUP_0102,Canyonset,Canyonset Foundation,0,306.0,72.62,46.27,20.0,1.5696,2.3133,Moderate,True,False,0.0,0.0
Paddle & SUP Accessories,PADDLE_AND_SUP_0103,Powderline,Powderline Apex,5,642.33,5334.13,3829.75,747.02,1.3928,5.1267,Fast,False,False,0.0,0.0
Paddle & SUP Accessories,PADDLE_AND_SUP_0104,Iceform,Iceform Venture,21,135.38,3871.7,2885.93,886.25,1.3416,3.2563,Fast,False,False,0.0,0.0
Paddle & SUP Accessories,PADDLE_AND_SUP_0105,Stonepath,Stonepath Summit,4,399.49,2731.02,1704.49,456.83,1.6022,3.7311,Fast,False,False,0.0,0.0
Paddle & SUP Accessories,PADDLE_AND_SUP_0106,Firncrest,Firncrest Comp,2,224.79,681.2,667.84,781.54,1.02,0.8545,Slow,False,False,0.0,0.0
Paddle & SUP Accessories,PADDLE_AND_SUP_0107,Stonepath,Stonepath Comp,39,85.67,4447.59,3396.83,814.08,1.3093,4.1726,Fast,False,False,0.0,0.0
Paddle & SUP Accessories,PADDLE_AND_SUP_0108,Canyonset,Canyonset Team,0,462.41,194.73,153.36,47.36,1.2698,3.2382,Fast,True,False,0.0,0.0
Paddle & SUP Accessories,PADDLE_AND_SUP_0109,Basecamp,Basecamp Enduro,2,183.11,791.78,501.97,252.3,1.5773,1.9896,Moderate,False,False,0.0,0.0
Paddle & SUP Accessories,PADDLE_AND_SUP_0110,Firncrest,Firncrest Carbon,22,486.43,16045.28,11184.52,1035.6,1.4346,10.8001,Fast,False,False,0.0,0.0
Paddle & SUP Accessories,PADDLE_AND_SUP_0111,Edgewood,Edgewood Elite,21,28.93,749.98,631.1,221.64,1.1884,2.8474,Moderate,False,False,0.0,0.0
Paddle & SUP Accessories,PADDLE_AND_SUP_0112,Edgewood,Edgewood Apex,2,45.39,149.32,110.39,63.24,1.3526,1.7458,Moderate,False,False,0.0,0.0
Paddle & SUP Accessories,PADDLE_AND_SUP_0113,Edgewood,Edgewood Sport,0,427.67,40.22,35.0,20.0,1.1493,1.7499,Moderate,True,False,0.0,0.0
Paddle & SUP Accessories,PADDLE_AND_SUP_0114,Canyonset,Canyonset Ascent,17,36.59,904.61,627.88,368.26,1.4407,1.705,Moderate,False,False,0.0,0.0
Paddle & SUP Accessories,PADDLE_AND_SUP_0115,Basecamp,Basecamp Crest,12,206.36,4031.59,2590.05,552.5,1.5566,4.6879,Fast,False,False,0.0,0.0
Paddle & SUP Accessories,PADDLE_AND_SUP_0116,Firncrest,Firncrest Crest,0,593.61,111.21,84.53,20.0,1.3157,4.2263,Fast,True,False,0.0,0.0
Paddle & SUP Accessories,PADDLE_AND_SUP_0117,Basecamp,Basecamp Base,28,387.14,14625.37,10977.19,3701.78,1.3323,2.9654,Moderate,False,False,0.0,0.0
Paddle & SUP Accessories,PADDLE_AND_SUP_0118,Edgewood,Edgewood Origin,0,412.13,302.08,231.13,145.97,1.307,1.5834,Moderate,True,False,0.0,0.0
Paddle & SUP Accessories,PADDLE_AND_SUP_0119,Stonepath,Stonepath Summit,1,409.09,514.19,425.28,239.51,1.2091,1.7756,Moderate,False,False,0.0,0.0
Paddle & SUP Accessories,PADDLE_AND_SUP_0120,Canyonset,Canyonset Team,1,107.1,234.62,198.09,170.48,1.1844,1.1619,Slow,False,True,0.1308,0.4823
Paddle & SUP Accessories,PADDLE_AND_SUP_0121,Edgewood,Edgewood Ascent,0,605.61,838.35,509.39,208.64,1.6458,2.4414,Moderate,True,False,0.0,0.0
Paddle & SUP Accessories,PADDLE_AND_SUP_0122,Powderline,Powderline Ridge,0,381.98,468.02,376.57,145.85,1.2428,2.5819,Moderate,True,False,0.0,0.0
Paddle & SUP Accessories,PADDLE_AND_SUP_0123,Canyonset,Canyonset Carbon,150,21.0,4205.62,3166.93,573.34,1.328,5.5236,Fast,False,False,0.0,0.0
Paddle & SUP Accessories,PADDLE_AND_SUP_0124,Edgewood,Edgewood Tour,3,125.85,458.11,431.23,107.69,1.0623,4.0044,Fast,False,False,0.0,0.0
Paddle & SUP Accessories,PADDLE_AND_SUP_0125,Canyonset,Canyonset Tour,9,153.77,2160.93,1438.06,299.84,1.5027,4.796,Fast,False,False,0.0,0.0
Paddle & SUP Accessories,PADDLE_AND_SUP_0126,Iceform,Iceform LTD,29,176.57,5482.46,5149.15,1635.42,1.0647,3.1485,Fast,False,False,0.0,0.0
Paddle & SUP Accessories,PADDLE_AND_SUP_0127,Canyonset,Canyonset Series II,5,432.14,3676.68,2558.73,656.35,1.4369,3.8984,Fast,False,False,0.0,0.0
Paddle & SUP Accessories,PADDLE_AND_SUP_0128,Firncrest,Firncrest Traverse,15,446.41,8826.78,6766.03,4404.96,1.3046,1.536,Moderate,False,False,0.0,0.0
Paddle & SUP Accessories,PADDLE_AND_SUP_0129,Stonepath,Stonepath Comp,7,107.69,960.28,826.64,208.24,1.1617,3.9697,Fast,False,False,0.0,0.0
Paddle & SUP Accessories,PADDLE_AND_SUP_0130,Firncrest,Firncrest Summit,0,532.53,54.19,39.84,20.0,1.3601,1.992,Moderate,True,False,0.0,0.0
Paddle & SUP Accessories,PADDLE_AND_SUP_0131,Powderline,Powderline Xpedition,32,420.58,16804.78,13751.51,984.13,1.222,13.9733,Fast,False,False,0.0,0.0
Paddle & SUP Accessories,PADDLE_AND_SUP_0132,Stonepath,Stonepath Team,1,586.5,1557.71,1137.42,457.8,1.3695,2.4845,Moderate,False,False,0.0,0.0
Paddle & SUP Accessories,PADDLE_AND_SUP_0133,Powderline,Powderline Origin,0,269.76,73.06,48.75,20.0,1.4985,2.4376,Moderate,True,False,0.0,0.0
Paddle & SUP Accessories,PADDLE_AND_SUP_0134,Stonepath,Stonepath Origin,5,145.66,1044.98,760.82,721.39,1.3735,1.0547,Slow,False,False,0.0,0.0
Paddle & SUP Accessories,PADDLE_AND_SUP_0135,Basecamp,Basecamp Origin,1,77.37,152.58,121.89,62.62,1.2518,1.9465,Moderate,False,False,0.0,0.0
Paddle & SUP Accessories,PADDLE_AND_SUP_0136,Powderline,Powderline Elite,1,320.81,454.01,329.97,63.96,1.3759,5.1594,Fast,False,False,0.0,0.0
Paddle & SUP Accessories,PADDLE_AND_SUP_0137,Basecamp,Basecamp Origin,0,193.73,63.02,43.03,34.0,1.4647,1.2655,Slow,True,True,0.2755,0.409
Paddle & SUP Accessories,PADDLE_AND_SUP_0138,Stonepath,Stonepath Foundation,0,389.55,440.36,339.74,77.34,1.2962,4.393,Fast,True,False,0.0,0.0
Paddle & SUP Accessories,PADDLE_AND_SUP_0139,Powderline,Powderline Crest,35,19.43,1128.57,692.45,184.26,1.6298,3.7581,Fast,False,False,0.0,0.0
Paddle & SUP Accessories,PADDLE_AND_SUP_0140,Powderline,Powderline Trail,17,413.37,8961.81,7317.24,961.3,1.2248,7.6118,Fast,False,False,0.0,0.0
Paddle & SUP Accessories,PADDLE_AND_SUP_0141,Powderline,Powderline Comp,16,172.83,3873.08,2914.91,503.75,1.3287,5.7864,Fast,False,False,0.0,0.0
Paddle & SUP Accessories,PADDLE_AND_SUP_0142,Basecamp,Basecamp Series II,13,391.98,8352.98,5231.64,1319.12,1.5966,3.966,Fast,False,False,0.0,0.0
Paddle & SUP Accessories,PADDLE_AND_SUP_0143,Basecamp,Basecamp MAX,21,18.69,546.78,401.27,120.59,1.3626,3.3275,Fast,False,False,0.0,0.0
Paddle & SUP Accessories,PADDLE_AND_SUP_0144,Edgewood,Edgewood X1,3,547.05,3112.88,2006.39,1151.58,1.5515,1.7423,Moderate,False,True,0.236,0.297
Paddle & SUP Accessories,PADDLE_AND_SUP_0145,Iceform,Iceform X1,0,470.03,423.15,263.57,63.32,1.6055,4.1626,Fast,True,False,0.0,0.0
Paddle & SUP Accessories,PADDLE_AND_SUP_0146,Firncrest,Firncrest Foundation,1,492.85,1144.98,801.55,456.94,1.4285,1.7542,Moderate,False,False,0.0,0.0
Paddle & SUP Accessories,PADDLE_AND_SUP_0147,Edgewood,Edgewood Crest,1,382.75,559.93,455.89,325.88,1.2282,1.399,Slow,False,True,0.1637,0.4819
Paddle & SUP Accessories,PADDLE_AND_SUP_0148,Canyonset,Canyonset Ridge,1,495.75,1251.07,810.19,474.92,1.5442,1.7059,Moderate,False,False,0.0,0.0
Paddle & SUP Accessories,PADDLE_AND_SUP_0149,Firncrest,Firncrest LTD,0,97.39,72.09,55.15,20.0,1.3071,2.7576,Moderate,True,False,0.0,0.0
Paddle & SUP Accessories,PADDLE_AND_SUP_0150,Canyonset,Canyonset X1,24,301.85,9431.99,7450.83,1919.58,1.2659,3.8815,Fast,False,False,0.0,0.0
Paddle & SUP Accessories,PADDLE_AND_SUP_0151,Canyonset,Canyonset Signature,0,636.38,96.07,58.19,20.0,1.651,2.9097,Moderate,True,False,0.0,0.0
Paddle & SUP Accessories,PADDLE_AND_SUP_0152,Powderline,Powderline Carbon,3,382.94,1632.33,1392.95,1190.19,1.1718,1.1704,Slow,False,True,0.2254,0.4748
Paddle & SUP Accessories,PADDLE_AND_SUP_0153,Duskridge,Duskridge LTD,0,232.34,202.53,158.39,20.0,1.2786,7.9197,Fast,True,False,0.0,0.0
Paddle & SUP Accessories,PADDLE_AND_SUP_0154,Canyonset,Canyonset Comp,0,560.87,265.66,202.31,20.0,1.3132,10.1153,Fast,True,False,0.0,0.0
Paddle & SUP Accessories,PADDLE_AND_SUP_0155,Edgewood,Edgewood Team,6,143.8,1360.21,893.51,509.57,1.5223,1.7534,Moderate,False,True,0.1437,0.1918
Paddle & SUP Accessories,PADDLE_AND_SUP_0156,Duskridge,Duskridge Crest,0,548.81,558.36,406.6,171.26,1.3732,2.3742,Moderate,True,False,0.0,0.0
Paddle & SUP Accessories,PADDLE_AND_SUP_0157,Firncrest,Firncrest Apex,0,616.22,228.14,160.73,87.68,1.4194,1.8332,Moderate,True,False,0.0,0.0
Paddle & SUP Accessories,PADDLE_AND_SUP_0158,Iceform,Iceform Base,21,228.69,6138.31,4859.89,859.58,1.2631,5.6538,Fast,False,False,0.0,0.0
Paddle & SUP Accessories,PADDLE_AND_SUP_0159,Firncrest,Firncrest Crest,3,467.04,2042.76,1606.92,568.62,1.2712,2.826,Moderate,False,False,0.0,0.0
Camping & Shelter,CAMPING_AND_SH_0001,Opentrail,Opentrail Traverse,0,595.86,550.36,415.65,332.17,1.3241,1.2513,Slow,True,False,0.0,0.0
Camping & Shelter,CAMPING_AND_SH_0002,Iceform,Iceform MAX,0,120.34,33.67,27.36,20.0,1.2306,1.3679,Slow,True,False,0.0,0.0
Camping & Shelter,CAMPING_AND_SH_0003,Gravelpath,Gravelpath Series II,2,169.84,644.86,480.35,215.18,1.3425,2.2323,Moderate,False,False,0.0,0.0
Camping & Shelter,CAMPING_AND_SH_0004,Iceform,Iceform Team,1,334.4,424.32,344.55,148.85,1.2315,2.3148,Moderate,False,False,0.0,0.0
Camping & Shelter,CAMPING_AND_SH_0005,Shorebreak,Shorebreak Foundation,5,120.9,761.05,638.97,231.55,1.1911,2.7595,Moderate,False,False,0.0,0.0
Camping & Shelter,CAMPING_AND_SH_0006,Frostline,Frostline Pro,0,629.55,381.69,242.79,634.92,1.5721,0.3824,Dead,True,True,0.3033,0.4199
Camping & Shelter,CAMPING_AND_SH_0007,Gravelpath,Gravelpath Pro,0,423.78,160.43,116.81,101.79,1.3734,1.1476,Slow,True,True,0.2093,0.6026
Camping & Shelter,CAMPING_AND_SH_0008,Opentrail,Opentrail Pro,0,617.72,257.43,160.68,26.82,1.6021,5.9918,Fast,True,False,0.0,0.0
Camping & Shelter,CAMPING_AND_SH_0009,Opentrail,Opentrail Base,7,216.53,2032.62,1579.33,497.11,1.287,3.177,Fast,False,False,0.0,0.0
Camping & Shelter,CAMPING_AND_SH_0010,Powderline,Powderline Enduro,10,366.28,4379.93,3860.33,2457.58,1.1346,1.5708,Moderate,False,False,0.0,0.0
Camping & Shelter,CAMPING_AND_SH_0011,Frostline,Frostline Trail,0,523.07,90.71,67.76,108.71,1.3387,0.6233,Slow,True,True,0.3086,0.5439
Camping & Shelter,CAMPING_AND_SH_0012,Iceform,Iceform MAX,0,570.73,217.66,181.72,239.32,1.1978,0.7593,Slow,True,True,0.1533,0.7412
Camping & Shelter,CAMPING_AND_SH_0013,Iceform,Iceform LTD,1,585.58,1132.76,952.87,563.94,1.1888,1.6897,Moderate,False,False,0.0,0.0
Camping & Shelter,CAMPING_AND_SH_0014,Powderline,Powderline Enduro,0,614.41,275.2,211.97,115.2,1.2983,1.8399,Moderate,True,False,0.0,0.0
Camping & Shelter,CAMPING_AND_SH_0015,Iceform,Iceform Team,25,32.27,1101.28,809.18,898.23,1.361,0.9009,Slow,False,True,0.357,0.5281
Camping & Shelter,CAMPING_AND_SH_0016,Frostline,Frostline X1,8,19.18,205.2,165.95,297.5,1.2365,0.5578,Slow,False,False,0.0,0.0
Camping & Shelter,CAMPING_AND_SH_0017,Iceform,Iceform Apex,4,325.26,2185.22,1460.07,965.66,1.4967,1.512,Moderate,False,False,0.0,0.0
Camping & Shelter,CAMPING_AND_SH_0018,Frostline,Frostline Pro,15,306.51,6959.45,4604.7,2582.05,1.5114,1.7834,Moderate,False,True,0.1876,0.3679
Camping & Shelter,CAMPING_AND_SH_0019,Northeave,Northeave Enduro,1,356.97,669.92,490.69,606.29,1.3653,0.8093,Slow,False,True,0.3106,0.4412
Camping & Shelter,CAMPING_AND_SH_0020,Iceform,Iceform Signature,0,488.97,521.21,357.86,296.31,1.4565,1.2077,Slow,True,True,0.2893,0.5271
Camping & Shelter,CAMPING_AND_SH_0021,Iceform,Iceform LTD,23,90.71,2330.03,2166.58,1269.34,1.0754,1.7069,Moderate,False,False,0.0,0.0
Camping & Shelter,CAMPING_AND_SH_0022,Opentrail,Opentrail Trail,0,477.2,57.41,48.02,20.0,1.1956,2.401,Moderate,True,False,0.0,0.0
Camping & Shelter,CAMPING_AND_SH_0023,Northeave,Northeave LTD,39,234.83,11834.58,9275.17,3342.49,1.2759,2.7749,Moderate,False,False,0.0,0.0
Camping & Shelter,CAMPING_AND_SH_0024,Iceform,Iceform Xpedition,0,564.47,553.67,415.87,323.85,1.3314,1.2841,Slow,True,False,0.0,0.0
Camping & Shelter,CAMPING_AND_SH_0025,Frostline,Frostline Lite,29,86.14,3390.72,2574.92,1566.05,1.3168,1.6442,Moderate,False,False,0.0,0.0
Camping & Shelter,CAMPING_AND_SH_0026,Northeave,Northeave Ridge,133,27.14,4372.54,3627.92,1998.82,1.2052,1.815,Moderate,False,False,0.0,0.0
Camping & Shelter,CAMPING_AND_SH_0027,Powderline,Powderline Team,36,221.14,9247.28,8039.36,3234.27,1.1503,2.4857,Moderate,False,False,0.0,0.0
Camping & Shelter,CAMPING_AND_SH_0028,Shorebreak,Shorebreak Ridge,4,425.55,2599.13,1735.6,494.38,1.4975,3.5106,Fast,False,False,0.0,0.0
Camping & Shelter,CAMPING_AND_SH_0029,Iceform,Iceform Apex,1,235.29,544.38,389.32,107.09,1.3983,3.6354,Fast,False,False,0.0,0.0
Camping & Shelter,CAMPING_AND_SH_0030,Shorebreak,Shorebreak Base,2,287.01,907.06,781.27,658.87,1.161,1.1858,Slow,False,True,0.2728,0.586
Camping & Shelter,CAMPING_AND_SH_0031,Powderline,Powderline Lite,0,306.75,302.98,224.09,269.97,1.3521,0.8301,Slow,True,True,0.1985,0.5279
Camping & Shelter,CAMPING_AND_SH_0032,Shorebreak,Shorebreak Sport,3,133.2,622.26,521.34,228.17,1.1936,2.2848,Moderate,False,False,0.0,0.0
Camping & Shelter,CAMPING_AND_SH_0033,Gravelpath,Gravelpath Signature,18,508.56,11568.15,9398.44,4628.8,1.2309,2.0304,Moderate,False,False,0.0,0.0
Camping & Shelter,CAMPING_AND_SH_0034,Opentrail,Opentrail LTD,0,565.01,565.67,426.13,695.79,1.3274,0.6125,Slow,True,True,0.2969,0.5559
Camping & Shelter,CAMPING_AND_SH_0035,Gravelpath,Gravelpath Venture,0,337.79,52.15,35.87,20.0,1.4539,1.7936,Moderate,True,False,0.0,0.0
Camping & Shelter,CAMPING_AND_SH_0036,Powderline,Powderline LTD,2,327.49,963.71,796.68,611.75,1.2097,1.3023,Slow,False,True,0.3677,0.5439
Camping & Shelter,CAMPING_AND_SH_0037,Gravelpath,Gravelpath Comp,13,150.72,2616.14,2064.81,1645.26,1.267,1.255,Slow,False,True,0.3372,0.5841
Camping & Shelter,CAMPING_AND_SH_0038,Gravelpath,Gravelpath Apex,10,239.31,3123.01,2606.25,1439.93,1.1983,1.81,Moderate,False,False,0.0,0.0
Camping & Shelter,CAMPING_AND_SH_0039,Gravelpath,Gravelpath Signature,206,20.49,4661.92,4231.86,3140.33,1.1016,1.3476,Slow,False,True,0.1708,0.4558
Camping & Shelter,CAMPING_AND_SH_0040,Gravelpath,Gravelpath Sport,0,329.55,82.11,57.61,51.75,1.4251,1.1134,Slow,True,False,0.0,0.0
Camping & Shelter,CAMPING_AND_SH_0041,Northeave,Northeave Tour,0,643.83,157.23,116.07,68.56,1.3546,1.693,Moderate,True,False,0.0,0.0
Camping & Shelter,CAMPING_AND_SH_0042,Opentrail,Opentrail Sport,0,353.6,193.29,128.06,103.76,1.5094,1.2341,Slow,True,True,0.398,0.4865
Camping & Shelter,CAMPING_AND_SH_0043,Gravelpath,Gravelpath Elite,3,514.1,2283.48,1632.53,697.74,1.3987,2.3397,Moderate,False,False,0.0,0.0
Camping & Shelter,CAMPING_AND_SH_0044,Powderline,Powderline Series II,0,475.87,54.82,40.79,35.77,1.3439,1.1403,Slow,True,False,0.0,0.0
Camping & Shelter,CAMPING_AND_SH_0045,Gravelpath,Gravelpath Trail,2,510.17,1552.81,1312.98,496.12,1.1827,2.6465,Moderate,False,False,0.0,0.0
Camping & Shelter,CAMPING_AND_SH_0046,Frostline,Frostline Team,0,541.96,342.4,277.31,272.71,1.2347,1.0169,Slow,True,True,0.3748,0.5521
Camping & Shelter,CAMPING_AND_SH_0047,Opentrail,Opentrail Signature,15,394.38,8517.82,5968.02,4463.98,1.4272,1.3369,Slow,False,True,0.2208,0.5855
Camping & Shelter,CAMPING_AND_SH_0048,Powderline,Powderline Enduro,2,640.21,1962.58,1366.42,1141.45,1.4363,1.1971,Slow,False,False,0.0,0.0
Camping & Shelter,CAMPING_AND_SH_0049,Frostline,Frostline Ridge,1,447.28,887.24,752.46,957.12,1.1791,0.7862,Slow,False,False,0.0,0.0
Camping & Shelter,CAMPING_AND_SH_0050,Gravelpath,Gravelpath Sport,2,522.39,1621.44,1402.37,1335.29,1.1562,1.0502,Slow,False,False,0.0,0.0
Camping & Shelter,CAMPING_AND_SH_0051,Iceform,Iceform Pro,1,623.63,938.24,691.63,1292.66,1.3566,0.535,Slow,False,True,0.3991,0.7549
Camping & Shelter,CAMPING_AND_SH_0052,Powderline,Powderline Comp,6,535.5,3952.17,3388.09,1776.77,1.1665,1.9069,Moderate,False,False,0.0,0.0
Camping & Shelter,CAMPING_AND_SH_0053,Iceform,Iceform Comp,5,371.6,2401.53,1995.52,876.61,1.2035,2.2764,Moderate,False,False,0.0,0.0
Camping & Shelter,CAMPING_AND_SH_0054,Opentrail,Opentrail Signature,12,276.39,4526.41,3453.76,3504.01,1.3106,0.9857,Slow,False,True,0.2572,0.5372
Camping & Shelter,CAMPING_AND_SH_0055,Northeave,Northeave Ascent,60,32.94,2522.85,1999.71,1144.75,1.2616,1.7468,Moderate,False,False,0.0,0.0
Camping & Shelter,CAMPING_AND_SH_0056,Powderline,Powderline Comp,1,645.08,982.98,674.73,436.7,1.4569,1.5451,Moderate,False,False,0.0,0.0
Camping & Shelter,CAMPING_AND_SH_0057,Shorebreak,Shorebreak Pro,13,563.69,8667.23,7396.99,5664.08,1.1717,1.3059,Slow,False,False,0.0,0.0
Camping & Shelter,CAMPING_AND_SH_0058,Shorebreak,Shorebreak Carbon,0,270.83,263.86,200.97,156.21,1.3129,1.2866,Slow,True,False,0.0,0.0
Camping & Shelter,CAMPING_AND_SH_0059,Opentrail,Opentrail Trail,1,473.89,724.95,556.63,336.39,1.3024,1.6547,Moderate,False,False,0.0,0.0
Camping & Shelter,CAMPING_AND_SH_0060,Opentrail,Opentrail Team,22,369.15,9714.14,8437.63,3263.35,1.1513,2.5856,Moderate,False,False,0.0,0.0
Camping & Shelter,CAMPING_AND_SH_0061,Powderline,Powderline Foundation,1,427.61,879.03,590.32,411.49,1.4891,1.4346,Slow,False,False,0.0,0.0
Camping & Shelter,CAMPING_AND_SH_0062,Northeave,Northeave Origin,8,104.83,1070.46,883.25,298.11,1.212,2.9628,Moderate,False,False,0.0,0.0
Camping & Shelter,CAMPING_AND_SH_0063,Powderline,Powderline Traverse,0,529.51,74.25,61.86,33.36,1.2002,1.8542,Moderate,True,False,0.0,0.0
Camping & Shelter,CAMPING_AND_SH_0064,Iceform,Iceform Trail,1,112.76,229.02,167.49,307.98,1.3674,0.5438,Slow,False,True,0.3335,0.5409
Camping & Shelter,CAMPING_AND_SH_0065,Opentrail,Opentrail Apex,2,178.03,553.0,369.06,244.65,1.4984,1.5085,Moderate,False,True,0.1576,0.4879
Camping & Shelter,CAMPING_AND_SH_0066,Powderline,Powderline Ascent,2,316.92,1064.33,768.02,1202.85,1.3858,0.6385,Slow,False,True,0.3108,0.5943
Camping & Shelter,CAMPING_AND_SH_0067,Opentrail,Opentrail Signature,4,507.17,2232.06,2188.3,958.42,1.02,2.2832,Moderate,False,True,0.1479,0.3872
Camping & Shelter,CAMPING_AND_SH_0068,Iceform,Iceform Elite,2,610.4,2280.96,1517.03,904.08,1.5036,1.678,Moderate,False,False,0.0,0.0
Camping & Shelter,CAMPING_AND_SH_0069,Iceform,Iceform Base,0,396.26,7.52,5.99,20.0,1.2559,0.2994,Dead,True,True,0.3272,0.6847
Camping & Shelter,CAMPING_AND_SH_0070,Gravelpath,Gravelpath Sport,6,266.75,2598.1,1615.88,1025.65,1.6079,1.5755,Moderate,False,True,0.1907,0.4289
Camping & Shelter,CAMPING_AND_SH_0071,Iceform,Iceform Origin,0,587.73,129.89,103.11,112.48,1.2598,0.9167,Slow,True,False,0.0,0.0
Camping & Shelter,CAMPING_AND_SH_0072,Frostline,Frostline Crest,10,275.11,4260.49,2923.18,1253.04,1.4575,2.3329,Moderate,False,False,0.0,0.0
Camping & Shelter,CAMPING_AND_SH_0073,Frostline,Frostline Xpedition,2,334.46,781.45,687.81,972.51,1.1361,0.7073,Slow,False,True,0.252,0.5198
Camping & Shelter,CAMPING_AND_SH_0074,Northeave,Northeave Ascent,1,566.28,747.8,605.25,270.11,1.2355,2.2408,Moderate,False,False,0.0,0.0
Camping & Shelter,CAMPING_AND_SH_0075,Powderline,Powderline Signature,35,235.72,10929.02,8328.3,2604.68,1.3123,3.1974,Fast,False,False,0.0,0.0
Camping & Shelter,CAMPING_AND_SH_0076,Frostline,Frostline Ridge,0,258.16,109.85,73.75,20.0,1.4895,3.6875,Fast,True,False,0.0,0.0
Camping & Shelter,CAMPING_AND_SH_0077,Northeave,Northeave Xpedition,0,625.69,253.4,201.7,100.39,1.2563,2.0092,Moderate,True,False,0.0,0.0
Camping & Shelter,CAMPING_AND_SH_0078,Iceform,Iceform Signature,11,294.35,4496.04,3347.77,3088.7,1.343,1.0839,Slow,False,False,0.0,0.0
Camping & Shelter,CAMPING_AND_SH_0079,Shorebreak,Shorebreak Summit,1,501.49,735.85,549.99,195.99,1.3379,2.8063,Moderate,False,False,0.0,0.0
Camping & Shelter,CAMPING_AND_SH_0080,Gravelpath,Gravelpath Signature,0,301.53,76.46,50.93,20.0,1.5011,2.5466,Moderate,True,False,0.0,0.0
Camping & Shelter,CAMPING_AND_SH_0081,Iceform,Iceform Carbon,0,630.88,35.17,32.15,20.0,1.0939,1.6076,Moderate,True,False,0.0,0.0
Camping & Shelter,CAMPING_AND_SH_0082,Frostline,Frostline Crest,411,19.54,10854.08,8042.2,2196.31,1.3496,3.6617,Fast,False,False,0.0,0.0
Camping & Shelter,CAMPING_AND_SH_0083,Frostline,Frostline Series II,4,370.27,2510.0,1602.8,1003.13,1.566,1.5978,Moderate,False,False,0.0,0.0
Camping & Shelter,CAMPING_AND_SH_0084,Powderline,Powderline Base,4,594.97,3783.69,2584.52,1563.7,1.464,1.6528,Moderate,False,False,0.0,0.0
Camping & Shelter,CAMPING_AND_SH_0085,Powderline,Powderline Signature,2,53.73,214.15,147.96,90.03,1.4473,1.6434,Moderate,False,False,0.0,0.0
Camping & Shelter,CAMPING_AND_SH_0086,Shorebreak,Shorebreak Trail,0,471.06,57.42,43.58,21.09,1.3178,2.0661,Moderate,True,False,0.0,0.0
Camping & Shelter,CAMPING_AND_SH_0087,Gravelpath,Gravelpath Venture,0,540.4,383.03,300.98,107.0,1.2726,2.8129,Moderate,True,False,0.0,0.0
Camping & Shelter,CAMPING_AND_SH_0088,Northeave,Northeave Ascent,107,38.16,4692.07,4099.5,1781.57,1.1445,2.3011,Moderate,False,False,0.0,0.0
Camping & Shelter,CAMPING_AND_SH_0089,Opentrail,Opentrail LTD,2,248.95,839.67,635.45,306.91,1.3214,2.0705,Moderate,False,False,0.0,0.0
Camping & Shelter,CAMPING_AND_SH_0090,Shorebreak,Shorebreak Enduro,0,632.92,443.48,290.3,69.16,1.5277,4.1975,Fast,True,False,0.0,0.0
Camping & Shelter,CAMPING_AND_SH_0091,Shorebreak,Shorebreak Crest,95,36.78,5043.03,3510.06,897.57,1.4367,3.9106,Fast,False,True,0.2028,0.4211
Camping & Shelter,CAMPING_AND_SH_0092,Shorebreak,Shorebreak Xpedition,12,301.6,4765.89,3804.02,1817.62,1.2529,2.0929,Moderate,False,False,0.0,0.0
Camping & Shelter,CAMPING_AND_SH_0093,Northeave,Northeave Elite,1,551.75,1421.71,978.47,751.84,1.453,1.3014,Slow,False,False,0.0,0.0
Camping & Shelter,CAMPING_AND_SH_0094,Shorebreak,Shorebreak Sport,0,209.69,53.72,39.33,20.0,1.3657,1.9667,Moderate,True,False,0.0,0.0
Camping & Shelter,CAMPING_AND_SH_0095,Frostline,Frostline Apex,17,349.17,9319.71,6061.8,2771.95,1.5374,2.1868,Moderate,False,False,0.0,0.0
Camping & Shelter,CAMPING_AND_SH_0096,Shorebreak,Shorebreak Pro,10,230.65,2559.56,2329.0,1610.87,1.099,1.4458,Slow,False,False,0.0,0.0
Camping & Shelter,CAMPING_AND_SH_0097,Opentrail,Opentrail Signature,3,200.56,1072.06,764.23,506.7,1.4028,1.5083,Moderate,False,False,0.0,0.0
Camping & Shelter,CAMPING_AND_SH_0098,Frostline,Frostline Lite,5,88.11,709.19,509.3,907.8,1.3925,0.561,Slow,False,True,0.2291,0.7277
Camping & Shelter,CAMPING_AND_SH_0099,Northeave,Northeave Pro,0,276.29,59.9,45.45,74.95,1.318,0.6063,Slow,True,False,0.0,0.0
Camping & Shelter,CAMPING_AND_SH_0100,Frostline,Frostline Summit,0,599.21,248.46,214.17,431.72,1.1601,0.4961,Dead,True,True,0.3813,0.7024
Camping & Shelter,CAMPING_AND_SH_0101,Frostline,Frostline Team,0,545.62,293.66,217.08,565.39,1.3528,0.3839,Dead,True,True,0.3396,0.4863
Camping & Shelter,CAMPING_AND_SH_0102,Iceform,Iceform LTD,0,244.66,226.78,204.54,41.0,1.1087,4.9883,Fast,True,False,0.0,0.0
Camping & Shelter,CAMPING_AND_SH_0103,Opentrail,Opentrail Crest,1,221.31,403.75,268.05,335.64,1.5063,0.7986,Slow,False,True,0.2127,0.7616
Camping & Shelter,CAMPING_AND_SH_0104,Iceform,Iceform Foundation,9,37.28,524.21,368.99,101.41,1.4206,3.6387,Fast,False,False,0.0,0.0
Camping & Shelter,CAMPING_AND_SH_0105,Gravelpath,Gravelpath Venture,19,149.04,3078.08,2940.98,777.85,1.0466,3.7809,Fast,False,False,0.0,0.0
Camping & Shelter,CAMPING_AND_SH_0106,Northeave,Northeave Pro,5,350.83,2308.63,2065.32,1106.69,1.1178,1.8662,Moderate,False,False,0.0,0.0
Camping & Shelter,CAMPING_AND_SH_0107,Gravelpath,Gravelpath Origin,3,158.63,568.08,488.51,318.42,1.1629,1.5341,Moderate,False,False,0.0,0.0
Camping & Shelter,CAMPING_AND_SH_0108,Iceform,Iceform Enduro,1,631.11,808.3,659.34,452.76,1.2259,1.4563,Slow,False,True,0.2225,0.5521
Camping & Shelter,CAMPING_AND_SH_0109,Northeave,Northeave Comp,0,145.36,116.47,84.47,34.75,1.3788,2.4309,Moderate,True,False,0.0,0.0
Camping & Shelter,CAMPING_AND_SH_0110,Opentrail,Opentrail Lite,0,248.55,133.13,112.49,75.02,1.1835,1.4994,Slow,True,False,0.0,0.0
Camping & Shelter,CAMPING_AND_SH_0111,Opentrail,Opentrail Venture,6,116.13,1172.69,771.82,346.01,1.5194,2.2307,Moderate,False,False,0.0,0.0
Camping & Shelter,CAMPING_AND_SH_0112,Northeave,Northeave Ascent,1,624.73,1108.62,1058.84,887.72,1.047,1.1928,Slow,False,False,0.0,0.0
Camping & Shelter,CAMPING_AND_SH_0113,Iceform,Iceform Ascent,0,180.55,62.49,43.29,20.0,1.4433,2.1646,Moderate,True,False,0.0,0.0
Camping & Shelter,CAMPING_AND_SH_0114,Frostline,Frostline Series II,1,482.01,896.04,777.66,551.68,1.1522,1.4096,Slow,False,False,0.0,0.0
Camping & Shelter,CAMPING_AND_SH_0115,Powderline,Powderline Base,38,331.47,14521.18,12712.76,6613.46,1.1423,1.9223,Moderate,False,False,0.0,0.0
Camping & Shelter,CAMPING_AND_SH_0116,Iceform,Iceform Trail,1,614.59,755.94,626.4,465.55,1.2068,1.3455,Slow,False,True,0.1817,0.4601
Camping & Shelter,CAMPING_AND_SH_0117,Frostline,Frostline Ascent,7,250.42,2073.9,1922.98,646.59,1.0785,2.974,Moderate,False,False,0.0,0.0
Camping & Shelter,CAMPING_AND_SH_0118,Opentrail,Opentrail Base,1,632.53,1618.21,1254.19,3452.51,1.2903,0.3633,Dead,False,True,0.2611,0.7828
Camping & Shelter,CAMPING_AND_SH_0119,Frostline,Frostline LTD,0,223.63,140.79,113.21,87.85,1.2437,1.2886,Slow,True,False,0.0,0.0
Camping & Shelter,CAMPING_AND_SH_0120,Gravelpath,Gravelpath Pro,6,269.08,2433.21,1717.82,2375.43,1.4165,0.7232,Slow,False,True,0.1629,0.6694
Camping & Shelter,CAMPING_AND_SH_0121,Iceform,Iceform Tour,5,119.23,907.25,713.31,949.17,1.2719,0.7515,Slow,False,False,0.0,0.0
Camping & Shelter,CAMPING_AND_SH_0122,Powderline,Powderline Ascent,7,506.79,5442.06,3790.87,781.83,1.4356,4.8487,Fast,False,False,0.0,0.0
Camping & Shelter,CAMPING_AND_SH_0123,Shorebreak,Shorebreak X1,0,639.78,27.61,20.55,24.96,1.3436,0.8235,Slow,True,False,0.0,0.0
Camping & Shelter,CAMPING_AND_SH_0124,Frostline,Frostline Base,6,494.67,4806.44,3157.62,3808.55,1.5222,0.8291,Slow,False,True,0.1585,0.4936
Camping & Shelter,CAMPING_AND_SH_0125,Shorebreak,Shorebreak Origin,2,110.36,309.75,303.67,169.32,1.02,1.7935,Moderate,False,False,0.0,0.0
Camping & Shelter,CAMPING_AND_SH_0126,Northeave,Northeave Tour,7,120.72,934.91,916.58,842.12,1.02,1.0884,Slow,False,False,0.0,0.0
Camping & Shelter,CAMPING_AND_SH_0127,Powderline,Powderline Trail,0,550.94,95.1,76.72,236.91,1.2395,0.3239,Dead,True,True,0.37,0.448
Camping & Shelter,CAMPING_AND_SH_0128,Northeave,Northeave Comp,53,103.24,7257.4,5524.55,1483.05,1.3137,3.7251,Fast,False,False,0.0,0.0
Camping & Shelter,CAMPING_AND_SH_0129,Opentrail,Opentrail Sport,0,645.46,23.82,16.31,20.0,1.4602,0.8156,Slow,True,False,0.0,0.0
Camping & Shelter,CAMPING_AND_SH_0130,Gravelpath,Gravelpath Crest,3,228.85,930.64,867.65,2405.66,1.0726,0.3607,Dead,False,True,0.2913,0.6735
Camping & Shelter,CAMPING_AND_SH_0131,Powderline,Powderline Traverse,7,264.68,2326.9,1868.44,1313.19,1.2454,1.4228,Slow,False,True,0.2012,0.5252
Camping & Shelter,CAMPING_AND_SH_0132,Shorebreak,Shorebreak Trail,7,245.93,2540.98,1869.41,333.62,1.3592,5.6035,Fast,False,False,0.0,0.0
Camping & Shelter,CAMPING_AND_SH_0133,Shorebreak,Shorebreak Sport,11,329.98,5114.24,3778.84,3612.96,1.3534,1.0459,Slow,False,True,0.2655,0.7687
Camping & Shelter,CAMPING_AND_SH_0134,Opentrail,Opentrail LTD,10,412.42,5918.69,4218.06,1319.37,1.4032,3.197,Fast,False,False,0.0,0.0
Camping & Shelter,CAMPING_AND_SH_0135,Iceform,Iceform Carbon,0,509.66,385.32,314.85,352.46,1.2238,0.8933,Slow,True,False,0.0,0.0
Camping & Shelter,CAMPING_AND_SH_0136,Powderline,Powderline Carbon,0,265.71,55.77,42.47,35.88,1.3132,1.1837,Slow,True,True,0.4594,0.5538
Camping & Shelter,CAMPING_AND_SH_0137,Powderline,Powderline Crest,0,469.53,57.91,46.1,61.75,1.2561,0.7465,Slow,True,True,0.3124,0.5166
Camping & Shelter,CAMPING_AND_SH_0138,Iceform,Iceform Tour,0,600.41,126.43,98.47,94.84,1.2839,1.0383,Slow,True,False,0.0,0.0
Camping & Shelter,CAMPING_AND_SH_0139,Shorebreak,Shorebreak Crest,181,47.33,12404.68,8603.17,4179.41,1.4419,2.0585,Moderate,False,False,0.0,0.0
Camping & Shelter,CAMPING_AND_SH_0140,Iceform,Iceform Ascent,10,319.09,3523.65,3278.54,841.83,1.0748,3.8946,Fast,False,False,0.0,0.0
Camping & Shelter,CAMPING_AND_SH_0141,Shorebreak,Shorebreak Carbon,17,372.26,9560.06,6624.79,3100.35,1.4431,2.1368,Moderate,False,False,0.0,0.0
Camping & Shelter,CAMPING_AND_SH_0142,Northeave,Northeave LTD,2,462.55,1235.65,1001.74,850.79,1.2335,1.1774,Slow,False,True,0.2374,0.4843
Camping & Shelter,CAMPING_AND_SH_0143,Gravelpath,Gravelpath Trail,13,77.93,1424.33,1057.83,833.6,1.3465,1.269,Slow,False,False,0.0,0.0
Camping & Shelter,CAMPING_AND_SH_0144,Gravelpath,Gravelpath Xpedition,7,26.45,211.99,186.44,293.55,1.1371,0.6351,Slow,False,True,0.1862,0.521
Camping & Shelter,CAMPING_AND_SH_0145,Frostline,Frostline Foundation,1,372.05,991.46,686.02,500.85,1.4452,1.3697,Slow,False,True,0.3269,0.536
Camping & Shelter,CAMPING_AND_SH_0146,Frostline,Frostline Carbon,1,508.85,779.21,655.74,373.28,1.1883,1.7567,Moderate,False,True,0.1291,0.4626
Camping & Shelter,CAMPING_AND_SH_0147,Shorebreak,Shorebreak X1,1,353.05,536.09,379.6,172.23,1.4122,2.204,Moderate,False,False,0.0,0.0
Camping & Shelter,CAMPING_AND_SH_0148,Gravelpath,Gravelpath Origin,3,412.28,1619.41,1443.67,1507.64,1.1217,0.9576,Slow,False,True,0.2656,0.4561
Camping & Shelter,CAMPING_AND_SH_0149,Gravelpath,Gravelpath MAX,0,364.5,103.19,85.09,169.5,1.2126,0.502,Slow,True,True,0.3277,0.5357
Camping & Shelter,CAMPING_AND_SH_0150,Iceform,Iceform Xpedition,0,416.32,64.87,45.41,20.0,1.4286,2.2704,Moderate,True,False,0.0,0.0
Camping & Shelter,CAMPING_AND_SH_0151,Gravelpath,Gravelpath Pro,127,32.37,4791.23,4122.8,1771.8,1.1621,2.3269,Moderate,False,False,0.0,0.0
Camping & Shelter,CAMPING_AND_SH_0152,Frostline,Frostline X1,2,451.59,1277.38,1216.56,1376.42,1.05,0.8839,Slow,False,True,0.1677,0.5838
Camping & Shelter,CAMPING_AND_SH_0153,Northeave,Northeave Foundation,11,300.49,4373.47,3516.36,1548.1,1.2437,2.2714,Moderate,False,False,0.0,0.0
Camping & Shelter,CAMPING_AND_SH_0154,Iceform,Iceform Foundation,0,461.76,220.86,173.13,102.28,1.2757,1.6927,Moderate,True,False,0.0,0.0
Camping & Shelter,CAMPING_AND_SH_0155,Northeave,Northeave Origin,7,71.2,738.65,561.72,311.97,1.315,1.8005,Moderate,False,False,0.0,0.0
Sleep Systems,SLEEP_SYSTEMS_0001,Gravelpath,Gravelpath Carbon,0,524.2,494.71,411.59,608.21,1.202,0.6767,Slow,True,True,0.2316,0.6406
Sleep Systems,SLEEP_SYSTEMS_0002,Ironpass,Ironpass Elite,12,246.14,3841.42,3032.03,3572.61,1.2669,0.8487,Slow,False,False,0.0,0.0
Sleep Systems,SLEEP_SYSTEMS_0003,Clearwater,Clearwater Comp,1,486.13,802.13,688.09,1096.58,1.1657,0.6275,Slow,False,False,0.0,0.0
Sleep Systems,SLEEP_SYSTEMS_0004,Canyonset,Canyonset Ascent,6,194.25,1569.89,1304.24,814.05,1.2037,1.6022,Moderate,False,False,0.0,0.0
Sleep Systems,SLEEP_SYSTEMS_0005,Clearwater,Clearwater Origin,35,87.06,4006.45,3127.15,1726.13,1.2812,1.8117,Moderate,False,False,0.0,0.0
Sleep Systems,SLEEP_SYSTEMS_0006,Gravelpath,Gravelpath Crest,4,380.33,2197.65,1740.1,853.43,1.2629,2.0389,Moderate,False,True,0.2883,0.4526
Sleep Systems,SLEEP_SYSTEMS_0007,Clearwater,Clearwater Base,5,563.55,4875.14,3135.27,2085.65,1.5549,1.5033,Moderate,False,True,0.2186,0.334
Sleep Systems,SLEEP_SYSTEMS_0008,Ridgecrest,Ridgecrest LTD,1,365.42,985.78,700.01,1260.26,1.4082,0.5554,Slow,False,True,0.3673,0.518
Sleep Systems,SLEEP_SYSTEMS_0009,Ridgecrest,Ridgecrest Base,5,90.86,625.21,493.24,730.99,1.2676,0.6747,Slow,False,False,0.0,0.0
Sleep Systems,SLEEP_SYSTEMS_0010,Ridgecrest,Ridgecrest Tour,3,495.26,1973.71,1501.78,1510.93,1.3142,0.9939,Slow,False,False,0.0,0.0
Sleep Systems,SLEEP_SYSTEMS_0011,Basecamp,Basecamp Venture,1,273.47,622.41,522.76,636.88,1.1906,0.8208,Slow,False,False,0.0,0.0
Sleep Systems,SLEEP_SYSTEMS_0012,Ironpass,Ironpass Venture,10,185.24,2182.28,2033.37,1464.07,1.0732,1.3888,Slow,False,True,0.2798,0.4631
Sleep Systems,SLEEP_SYSTEMS_0013,Ridgecrest,Ridgecrest Crest,3,252.62,1024.95,870.96,341.44,1.1768,2.5508,Moderate,False,False,0.0,0.0
Sleep Systems,SLEEP_SYSTEMS_0014,Canyonset,Canyonset Venture,1,401.74,1015.56,770.17,197.89,1.3186,3.8919,Fast,False,False,0.0,0.0
Sleep Systems,SLEEP_SYSTEMS_0015,Basecamp,Basecamp Tour,32,129.37,6166.65,4196.76,3052.96,1.4694,1.3747,Slow,False,True,0.3365,0.4603
Sleep Systems,SLEEP_SYSTEMS_0016,Ironpass,Ironpass LTD,0,340.59,179.9,127.98,445.84,1.4056,0.2871,Dead,True,True,0.2948,0.559
Sleep Systems,SLEEP_SYSTEMS_0017,Basecamp,Basecamp Venture,2,583.15,1884.06,1339.74,738.33,1.4063,1.8146,Moderate,False,False,0.0,0.0
Sleep Systems,SLEEP_SYSTEMS_0018,Clearwater,Clearwater Base,0,220.83,28.43,21.11,20.0,1.3468,1.0556,Slow,True,True,0.1701,0.4241
Sleep Systems,SLEEP_SYSTEMS_0019,Canyonset,Canyonset Trail,6,172.64,1388.43,1071.02,865.36,1.2964,1.2377,Slow,False,False,0.0,0.0
Sleep Systems,SLEEP_SYSTEMS_0020,Ironpass,Ironpass Pro,17,304.07,7140.58,5194.86,993.92,1.3745,5.2266,Fast,False,False,0.0,0.0
Sleep Systems,SLEEP_SYSTEMS_0021,Canyonset,Canyonset Comp,1,71.76,91.98,73.9,75.24,1.2447,0.9822,Slow,False,True,0.1692,0.4536
Sleep Systems,SLEEP_SYSTEMS_0022,Summitform,Summitform Foundation,29,92.71,4004.46,2716.15,1387.15,1.4743,1.9581,Moderate,False,False,0.0,0.0
Sleep Systems,SLEEP_SYSTEMS_0023,Shorebreak,Shorebreak Crest,3,344.6,1560.88,1271.18,653.03,1.2279,1.9466,Moderate,False,False,0.0,0.0
Sleep Systems,SLEEP_SYSTEMS_0024,Basecamp,Basecamp Carbon,9,153.53,1797.36,1387.52,925.0,1.2954,1.5,Moderate,False,False,0.0,0.0
Sleep Systems,SLEEP_SYSTEMS_0025,Ironpass,Ironpass Carbon,25,94.37,2480.2,2390.09,1972.68,1.0377,1.2116,Slow,False,True,0.2363,0.6009
Sleep Systems,SLEEP_SYSTEMS_0026,Gravelpath,Gravelpath Apex,5,54.76,373.77,297.63,243.51,1.2558,1.2223,Slow,False,True,0.2889,0.6615
Sleep Systems,SLEEP_SYSTEMS_0027,Gravelpath,Gravelpath Summit,3,566.89,2475.7,2099.78,710.14,1.179,2.9568,Moderate,False,False,0.0,0.0
Sleep Systems,SLEEP_SYSTEMS_0028,Gravelpath,Gravelpath Elite,7,214.48,2179.45,1634.17,846.97,1.3337,1.9294,Moderate,False,False,0.0,0.0
Sleep Systems,SLEEP_SYSTEMS_0029,Basecamp,Basecamp Ridge,21,128.27,3404.3,2766.51,1485.76,1.2305,1.862,Moderate,False,True,0.2017,0.392
Sleep Systems,SLEEP_SYSTEMS_0030,Ridgecrest,Ridgecrest Xpedition,14,355.35,6544.77,5193.47,1518.89,1.2602,3.4193,Fast,False,False,0.0,0.0
Sleep Systems,SLEEP_SYSTEMS_0031,Gravelpath,Gravelpath Series II,4,331.58,2267.87,1582.73,782.57,1.4329,2.0225,Moderate,False,False,0.0,0.0
Sleep Systems,SLEEP_SYSTEMS_0032,Basecamp,Basecamp Team,1,466.66,674.34,475.32,198.79,1.4187,2.3911,Moderate,False,False,0.0,0.0
Sleep Systems,SLEEP_SYSTEMS_0033,Ridgecrest,Ridgecrest Xpedition,9,315.7,3275.06,2870.73,2254.93,1.1408,1.2731,Slow,False,False,0.0,0.0
Sleep Systems,SLEEP_SYSTEMS_0034,Clearwater,Clearwater Ascent,16,134.66,3417.14,2159.14,752.55,1.5826,2.8691,Moderate,False,False,0.0,0.0
Sleep Systems,SLEEP_SYSTEMS_0035,Clearwater,Clearwater Carbon,0,264.37,300.05,240.93,144.82,1.2454,1.6636,Moderate,True,False,0.0,0.0
Sleep Systems,SLEEP_SYSTEMS_0036,Ridgecrest,Ridgecrest Pro,5,245.77,1780.37,1231.04,928.57,1.4462,1.3257,Slow,False,True,0.3149,0.6823
Sleep Systems,SLEEP_SYSTEMS_0037,Canyonset,Canyonset Summit,2,334.21,1136.39,846.28,235.3,1.3428,3.5967,Fast,False,False,0.0,0.0
Sleep Systems,SLEEP_SYSTEMS_0038,Clearwater,Clearwater Team,2,54.67,159.27,127.37,141.0,1.2504,0.9033,Slow,False,True,0.2744,0.5086
Sleep Systems,SLEEP_SYSTEMS_0039,Summitform,Summitform LTD,1,536.74,1049.48,843.97,824.66,1.2435,1.0234,Slow,False,False,0.0,0.0
Sleep Systems,SLEEP_SYSTEMS_0040,Summitform,Summitform Comp,1,541.55,891.28,777.62,1288.75,1.1462,0.6034,Slow,False,False,0.0,0.0
Sleep Systems,SLEEP_SYSTEMS_0041,Clearwater,Clearwater LTD,0,95.51,106.54,69.25,20.0,1.5386,3.4623,Fast,True,False,0.0,0.0
Sleep Systems,SLEEP_SYSTEMS_0042,Ironpass,Ironpass Lite,1,490.94,1284.54,790.97,379.88,1.624,2.0822,Moderate,False,False,0.0,0.0
Sleep Systems,SLEEP_SYSTEMS_0043,Shorebreak,Shorebreak Elite,2,336.4,1373.17,923.22,796.54,1.4874,1.159,Slow,False,True,0.2385,0.4625
Sleep Systems,SLEEP_SYSTEMS_0044,Canyonset,Canyonset Enduro,1,455.93,609.33,501.33,307.64,1.2154,1.6296,Moderate,False,False,0.0,0.0
Sleep Systems,SLEEP_SYSTEMS_0045,Ridgecrest,Ridgecrest Carbon,15,334.88,5813.33,5330.54,7164.78,1.0906,0.744,Slow,False,True,0.3614,0.5078
Sleep Systems,SLEEP_SYSTEMS_0046,Canyonset,Canyonset Venture,43,86.05,4253.48,3746.68,1780.6,1.1353,2.1042,Moderate,False,False,0.0,0.0
Sleep Systems,SLEEP_SYSTEMS_0047,Canyonset,Canyonset Traverse,7,211.04,2419.78,1641.07,1156.68,1.4745,1.4188,Slow,False,False,0.0,0.0
Sleep Systems,SLEEP_SYSTEMS_0048,Summitform,Summitform Series II,19,147.36,3609.49,2821.34,6329.3,1.2794,0.4458,Dead,False,True,0.3699,0.66
Sleep Systems,SLEEP_SYSTEMS_0049,Ridgecrest,Ridgecrest Sport,11,39.21,604.1,439.75,436.66,1.3737,1.0071,Slow,False,False,0.0,0.0
Sleep Systems,SLEEP_SYSTEMS_0050,Ironpass,Ironpass Team,38,333.59,16157.86,12943.48,3530.95,1.2483,3.6657,Fast,False,False,0.0,0.0
Sleep Systems,SLEEP_SYSTEMS_0051,Gravelpath,Gravelpath Xpedition,0,190.39,81.33,60.01,31.63,1.3553,1.8969,Moderate,True,False,0.0,0.0
Sleep Systems,SLEEP_SYSTEMS_0052,Ironpass,Ironpass Crest,0,514.98,35.94,32.89,28.34,1.0928,1.1605,Slow,True,False,0.0,0.0
Sleep Systems,SLEEP_SYSTEMS_0053,Ironpass,Ironpass Lite,16,170.36,4036.93,2816.49,1399.5,1.4333,2.0125,Moderate,False,False,0.0,0.0
Sleep Systems,SLEEP_SYSTEMS_0054,Gravelpath,Gravelpath Foundation,2,532.66,2388.52,1590.81,1103.67,1.5015,1.4414,Slow,False,False,0.0,0.0
Sleep Systems,SLEEP_SYSTEMS_0055,Summitform,Summitform Summit,9,102.9,1012.15,934.93,902.13,1.0826,1.0363,Slow,False,True,0.1882,0.7627
Sleep Systems,SLEEP_SYSTEMS_0056,Shorebreak,Shorebreak X1,46,27.79,1479.94,1280.87,871.4,1.1554,1.4699,Slow,False,True,0.1428,0.7611
Sleep Systems,SLEEP_SYSTEMS_0057,Shorebreak,Shorebreak LTD,21,77.45,2460.32,1695.81,1597.74,1.4508,1.0614,Slow,False,False,0.0,0.0
Sleep Systems,SLEEP_SYSTEMS_0058,Clearwater,Clearwater Lite,3,466.4,1589.12,1490.71,944.59,1.066,1.5782,Moderate,False,False,0.0,0.0
Sleep Systems,SLEEP_SYSTEMS_0059,Ridgecrest,Ridgecrest Sport,11,25.54,390.9,283.25,202.68,1.3801,1.3975,Slow,False,False,0.0,0.0
Sleep Systems,SLEEP_SYSTEMS_0060,Summitform,Summitform Apex,0,543.84,261.0,226.17,112.59,1.154,2.0088,Moderate,True,False,0.0,0.0
Sleep Systems,SLEEP_SYSTEMS_0061,Basecamp,Basecamp Lite,64,237.11,21277.66,15316.39,3525.5,1.3892,4.3445,Fast,False,False,0.0,0.0
Sleep Systems,SLEEP_SYSTEMS_0062,Ironpass,Ironpass Base,3,213.51,1057.48,731.92,282.02,1.4448,2.5953,Moderate,False,False,0.0,0.0
Sleep Systems,SLEEP_SYSTEMS_0063,Gravelpath,Gravelpath MAX,16,467.5,8234.95,7726.9,4379.61,1.0658,1.7643,Moderate,False,False,0.0,0.0
Sleep Systems,SLEEP_SYSTEMS_0064,Ironpass,Ironpass Pro,0,268.14,48.39,37.49,20.0,1.2907,1.8746,Moderate,True,False,0.0,0.0
Sleep Systems,SLEEP_SYSTEMS_0065,Summitform,Summitform LTD,0,339.8,20.39,19.01,34.03,1.073,0.5584,Slow,True,True,0.3154,0.5199
Sleep Systems,SLEEP_SYSTEMS_0066,Canyonset,Canyonset Sport,19,185.76,5013.26,3709.57,2421.79,1.3514,1.5318,Moderate,False,False,0.0,0.0
Sleep Systems,SLEEP_SYSTEMS_0067,Basecamp,Basecamp LTD,2,647.75,1982.48,1396.75,778.91,1.4194,1.7932,Moderate,False,False,0.0,0.0
Sleep Systems,SLEEP_SYSTEMS_0068,Ridgecrest,Ridgecrest Base,14,573.7,11921.42,8525.81,6802.72,1.3983,1.2533,Slow,False,False,0.0,0.0
Sleep Systems,SLEEP_SYSTEMS_0069,Clearwater,Clearwater Foundation,69,87.85,6993.77,6140.5,4412.54,1.139,1.3916,Slow,False,False,0.0,0.0
Sleep Systems,SLEEP_SYSTEMS_0070,Clearwater,Clearwater Origin,14,348.4,5737.54,5115.11,3006.19,1.1217,1.7015,Moderate,False,False,0.0,0.0
Sleep Systems,SLEEP_SYSTEMS_0071,Canyonset,Canyonset Pro,3,227.91,1025.6,834.35,1497.8,1.2292,0.5571,Slow,False,True,0.3062,0.641
Sleep Systems,SLEEP_SYSTEMS_0072,Canyonset,Canyonset Ascent,31,32.71,1361.71,1032.86,526.44,1.3184,1.962,Moderate,False,False,0.0,0.0
Sleep Systems,SLEEP_SYSTEMS_0073,Shorebreak,Shorebreak Series II,24,26.74,780.57,647.29,969.01,1.2059,0.668,Slow,False,True,0.4749,0.4375
Sleep Systems,SLEEP_SYSTEMS_0074,Shorebreak,Shorebreak Xpedition,13,62.45,1047.55,826.37,1310.1,1.2676,0.6308,Slow,False,True,0.2668,0.5573
Sleep Systems,SLEEP_SYSTEMS_0075,Summitform,Summitform Origin,1,349.65,575.11,466.82,730.74,1.232,0.6388,Slow,False,False,0.0,0.0
Sleep Systems,SLEEP_SYSTEMS_0076,Ironpass,Ironpass Lite,11,489.2,7066.65,5495.25,4476.25,1.286,1.2276,Slow,False,False,0.0,0.0
Sleep Systems,SLEEP_SYSTEMS_0077,Clearwater,Clearwater LTD,6,343.76,3489.37,2329.79,1095.18,1.4977,2.1273,Moderate,False,False,0.0,0.0
Sleep Systems,SLEEP_SYSTEMS_0078,Basecamp,Basecamp Base,1,529.44,820.2,642.08,377.27,1.2774,1.7019,Moderate,False,False,0.0,0.0
Sleep Systems,SLEEP_SYSTEMS_0079,Canyonset,Canyonset Enduro,1,439.62,911.55,831.17,720.75,1.0967,1.1532,Slow,False,True,0.2683,0.5306
Sleep Systems,SLEEP_SYSTEMS_0080,Ridgecrest,Ridgecrest Xpedition,3,631.31,2672.71,1923.55,1312.98,1.3895,1.465,Slow,False,True,0.1139,0.6068
Sleep Systems,SLEEP_SYSTEMS_0081,Shorebreak,Shorebreak Venture,0,429.9,17.32,14.27,20.0,1.2137,0.7136,Slow,True,True,0.2584,0.6493
Sleep Systems,SLEEP_SYSTEMS_0082,Ironpass,Ironpass Xpedition,4,206.14,978.95,940.11,1203.88,1.0413,0.7809,Slow,False,True,0.4062,0.5824
Sleep Systems,SLEEP_SYSTEMS_0083,Ridgecrest,Ridgecrest X1,0,302.68,336.47,243.13,196.61,1.3839,1.2366,Slow,True,True,0.3354,0.4012
Sleep Systems,SLEEP_SYSTEMS_0084,Summitform,Summitform Sport,0,208.88,52.9,38.94,27.61,1.3582,1.4104,Slow,True,True,0.273,0.6816
Sleep Systems,SLEEP_SYSTEMS_0085,Summitform,Summitform MAX,0,323.64,125.0,81.9,59.87,1.5262,1.368,Slow,True,False,0.0,0.0
Sleep Systems,SLEEP_SYSTEMS_0086,Summitform,Summitform Foundation,2,448.61,1668.07,1218.69,476.47,1.3687,2.5578,Moderate,False,False,0.0,0.0
Sleep Systems,SLEEP_SYSTEMS_0087,Canyonset,Canyonset Elite,0,221.22,40.28,27.1,20.0,1.4865,1.355,Slow,True,True,0.2174,0.4221
Sleep Systems,SLEEP_SYSTEMS_0088,Shorebreak,Shorebreak Pro,0,445.21,201.57,146.23,81.49,1.3784,1.7945,Moderate,True,False,0.0,0.0
Sleep Systems,SLEEP_SYSTEMS_0089,Shorebreak,Shorebreak Traverse,0,240.05,98.39,62.74,59.49,1.5682,1.0546,Slow,True,True,0.2063,0.5839
Sleep Systems,SLEEP_SYSTEMS_0090,Ironpass,Ironpass Lite,8,372.38,4175.09,3281.9,1533.07,1.2722,2.1407,Moderate,False,False,0.0,0.0
Sleep Systems,SLEEP_SYSTEMS_0091,Clearwater,Clearwater Foundation,0,590.73,140.81,100.08,169.13,1.407,0.5917,Slow,True,False,0.0,0.0
Sleep Systems,SLEEP_SYSTEMS_0092,Canyonset,Canyonset Traverse,16,218.92,4783.83,3641.14,2350.2,1.3138,1.5493,Moderate,False,False,0.0,0.0
Sleep Systems,SLEEP_SYSTEMS_0093,Canyonset,Canyonset LTD,8,74.18,734.35,606.51,315.02,1.2108,1.9253,Moderate,False,False,0.0,0.0
Sleep Systems,SLEEP_SYSTEMS_0094,Ironpass,Ironpass Comp,6,403.27,2717.64,2633.15,1985.28,1.0321,1.3263,Slow,False,True,0.2157,0.4787
Sleep Systems,SLEEP_SYSTEMS_0095,Basecamp,Basecamp Sport,20,171.64,5119.84,3511.7,1606.66,1.4579,2.1857,Moderate,False,False,0.0,0.0
Sleep Systems,SLEEP_SYSTEMS_0096,Ridgecrest,Ridgecrest Origin,75,315.97,28878.86,23780.62,4280.08,1.2144,5.5561,Fast,False,True,0.1035,0.3654
Sleep Systems,SLEEP_SYSTEMS_0097,Ironpass,Ironpass Summit,2,429.68,1107.62,860.28,645.27,1.2875,1.3332,Slow,False,False,0.0,0.0
Sleep Systems,SLEEP_SYSTEMS_0098,Gravelpath,Gravelpath Series II,0,377.25,441.81,296.5,118.48,1.4901,2.5024,Moderate,True,False,0.0,0.0
Sleep Systems,SLEEP_SYSTEMS_0099,Ironpass,Ironpass Carbon,87,23.87,2549.84,2094.03,1625.17,1.2177,1.2885,Slow,False,True,0.2443,0.3957
Sleep Systems,SLEEP_SYSTEMS_0100,Gravelpath,Gravelpath Crest,114,18.01,2452.61,2062.59,742.88,1.1891,2.7765,Moderate,False,False,0.0,0.0
Sleep Systems,SLEEP_SYSTEMS_0101,Ridgecrest,Ridgecrest Crest,6,437.02,4153.05,3051.72,1396.71,1.3609,2.1849,Moderate,False,False,0.0,0.0
Sleep Systems,SLEEP_SYSTEMS_0102,Basecamp,Basecamp Trail,0,64.78,74.98,60.05,120.0,1.2486,0.5004,Slow,True,True,0.4005,0.5853
Sleep Systems,SLEEP_SYSTEMS_0103,Canyonset,Canyonset Trail,3,511.88,2316.32,1788.23,680.38,1.2953,2.6283,Moderate,False,False,0.0,0.0
Sleep Systems,SLEEP_SYSTEMS_0104,Clearwater,Clearwater Enduro,46,271.48,14269.17,12726.2,5494.14,1.1212,2.3163,Moderate,False,False,0.0,0.0
Sleep Systems,SLEEP_SYSTEMS_0105,Summitform,Summitform Pro,16,216.21,3921.0,3541.21,1112.14,1.1073,3.1841,Fast,False,False,0.0,0.0
Sleep Systems,SLEEP_SYSTEMS_0106,Canyonset,Canyonset Elite,0,606.17,34.53,25.13,20.0,1.3741,1.2564,Slow,True,False,0.0,0.0
Sleep Systems,SLEEP_SYSTEMS_0107,Ridgecrest,Ridgecrest Ascent,0,455.08,44.9,31.14,20.0,1.4421,1.5569,Moderate,True,False,0.0,0.0
Sleep Systems,SLEEP_SYSTEMS_0108,Ridgecrest,Ridgecrest Traverse,2,595.69,2239.57,1698.15,959.84,1.3188,1.7692,Moderate,False,False,0.0,0.0
Sleep Systems,SLEEP_SYSTEMS_0109,Ridgecrest,Ridgecrest Ascent,0,208.14,136.95,123.92,104.24,1.1051,1.1887,Slow,True,True,0.2721,0.5713
Sleep Systems,SLEEP_SYSTEMS_0110,Clearwater,Clearwater Venture,47,556.32,32298.35,26494.92,5878.85,1.219,4.5068,Fast,False,False,0.0,0.0
Sleep Systems,SLEEP_SYSTEMS_0111,Summitform,Summitform MAX,3,488.32,2259.76,1695.7,2090.17,1.3326,0.8113,Slow,False,True,0.3108,0.7695
Sleep Systems,SLEEP_SYSTEMS_0112,Basecamp,Basecamp Summit,0,621.84,138.99,95.05,169.39,1.4622,0.5612,Slow,True,True,0.3301,0.5743
Sleep Systems,SLEEP_SYSTEMS_0113,Gravelpath,Gravelpath Traverse,7,210.9,2031.56,1540.76,2131.98,1.3185,0.7227,Slow,False,True,0.2372,0.4409
Sleep Systems,SLEEP_SYSTEMS_0114,Shorebreak,Shorebreak Elite,0,386.52,423.9,310.23,177.89,1.3664,1.744,Moderate,True,False,0.0,0.0
Sleep Systems,SLEEP_SYSTEMS_0115,Shorebreak,Shorebreak Comp,2,365.04,901.66,752.13,1164.5,1.1988,0.6459,Slow,False,False,0.0,0.0
Sleep Systems,SLEEP_SYSTEMS_0116,Ironpass,Ironpass Apex,2,462.43,2184.52,1333.42,874.15,1.6383,1.5254,Moderate,False,True,0.2497,0.2969
Sleep Systems,SLEEP_SYSTEMS_0117,Clearwater,Clearwater Foundation,0,554.31,542.63,349.29,1017.95,1.5535,0.3431,Dead,True,True,0.3229,0.4548
Sleep Systems,SLEEP_SYSTEMS_0118,Gravelpath,Gravelpath Series II,38,159.54,8200.12,6129.82,1604.73,1.3377,3.8199,Fast,False,False,0.0,0.0
Sleep Systems,SLEEP_SYSTEMS_0119,Summitform,Summitform Carbon,29,140.07,4533.58,4186.75,3110.24,1.0828,1.3461,Slow,False,True,0.2334,0.5137
Sleep Systems,SLEEP_SYSTEMS_0120,Ridgecrest,Ridgecrest Enduro,7,137.28,1434.21,1077.84,498.25,1.3306,2.1633,Moderate,False,False,0.0,0.0
Climbing Gear,CLIMBING_GEAR_0001,Highmark,Highmark Lite,26,39.0,1322.5,1020.02,210.89,1.2965,4.8366,Fast,False,False,0.0,0.0
Climbing Gear,CLIMBING_GEAR_0002,Highmark,Highmark Carbon,4,110.94,770.61,497.54,389.22,1.5488,1.2783,Slow,False,False,0.0,0.0
Climbing Gear,CLIMBING_GEAR_0003,Opentrail,Opentrail Team,4,165.02,1116.64,761.62,182.78,1.4661,4.1669,Fast,False,False,0.0,0.0
Climbing Gear,CLIMBING_GEAR_0004,Coastline,Coastline Carbon,0,559.63,259.28,219.89,109.33,1.1791,2.0113,Moderate,True,False,0.0,0.0
Climbing Gear,CLIMBING_GEAR_0005,Coastline,Coastline Crest,3,347.28,1375.49,1203.19,413.28,1.1432,2.9113,Moderate,False,False,0.0,0.0
Climbing Gear,CLIMBING_GEAR_0006,Hardpack,Hardpack Base,2,170.89,500.4,415.66,292.27,1.2039,1.4222,Slow,False,False,0.0,0.0
Climbing Gear,CLIMBING_GEAR_0007,Coastline,Coastline Sport,3,207.09,1185.39,785.39,308.52,1.5093,2.5457,Moderate,False,False,0.0,0.0
Climbing Gear,CLIMBING_GEAR_0008,Coastline,Coastline X1,14,215.45,4428.75,3202.18,645.64,1.383,4.9597,Fast,False,False,0.0,0.0
Climbing Gear,CLIMBING_GEAR_0009,Highmark,Highmark MAX,1,446.19,1011.89,696.79,1239.85,1.4522,0.562,Slow,False,True,0.3486,0.7241
Climbing Gear,CLIMBING_GEAR_0010,Coastline,Coastline Comp,1,430.2,625.65,444.39,65.01,1.4079,6.8357,Fast,False,False,0.0,0.0
Climbing Gear,CLIMBING_GEAR_0011,Opentrail,Opentrail Base,0,525.37,78.74,77.19,20.0,1.02,3.8597,Fast,True,True,0.0726,0.2548
Climbing Gear,CLIMBING_GEAR_0012,Hardpack,Hardpack Base,33,133.11,5606.64,4494.61,1067.43,1.2474,4.2107,Fast,False,False,0.0,0.0
Climbing Gear,CLIMBING_GEAR_0013,Opentrail,Opentrail Ridge,3,180.96,662.16,616.23,324.41,1.0745,1.8995,Moderate,False,False,0.0,0.0
Climbing Gear,CLIMBING_GEAR_0014,Hardpack,Hardpack Apex,0,96.24,70.49,54.66,25.94,1.2897,2.1071,Moderate,True,False,0.0,0.0
Climbing Gear,CLIMBING_GEAR_0015,Opentrail,Opentrail Ridge,4,434.91,2532.61,1762.26,797.93,1.4371,2.2085,Moderate,False,False,0.0,0.0
Climbing Gear,CLIMBING_GEAR_0016,Opentrail,Opentrail Ascent,1,624.59,832.45,707.33,421.89,1.1769,1.6766,Moderate,False,False,0.0,0.0
Climbing Gear,CLIMBING_GEAR_0017,Coastline,Coastline Apex,8,260.33,3451.98,2234.54,665.81,1.5448,3.3561,Fast,False,False,0.0,0.0
Climbing Gear,CLIMBING_GEAR_0018,Hardpack,Hardpack Summit,0,631.29,67.91,47.12,20.0,1.4413,2.3559,Moderate,True,False,0.0,0.0
Climbing Gear,CLIMBING_GEAR_0019,Coastline,Coastline Apex,7,155.89,1671.0,1133.46,937.4,1.4742,1.2092,Slow,False,True,0.1232,0.4415
Climbing Gear,CLIMBING_GEAR_0020,Opentrail,Opentrail Venture,1,614.75,1598.14,1171.36,553.74,1.3643,2.1154,Moderate,False,False,0.0,0.0
Climbing Gear,CLIMBING_GEAR_0021,Opentrail,Opentrail Series II,0,594.92,166.73,122.46,39.43,1.3615,3.1059,Fast,True,False,0.0,0.0
Climbing Gear,CLIMBING_GEAR_0022,Coastline,Coastline X1,11,156.97,2654.12,1834.41,669.58,1.4469,2.7396,Moderate,False,False,0.0,0.0
Climbing Gear,CLIMBING_GEAR_0023,Opentrail,Opentrail Traverse,5,113.45,769.57,600.64,439.92,1.2813,1.3653,Slow,False,True,0.1725,0.3777
Climbing Gear,CLIMBING_GEAR_0024,Opentrail,Opentrail Lite,0,403.01,268.99,203.44,578.92,1.3222,0.3514,Dead,True,True,0.2555,0.624
Climbing Gear,CLIMBING_GEAR_0025,Highmark,Highmark Series II,0,500.75,23.97,20.34,20.0,1.1783,1.0171,Slow,True,True,0.2806,0.5977
Climbing Gear,CLIMBING_GEAR_0026,Hardpack,Hardpack Foundation,8,487.04,5162.19,4329.48,1926.5,1.1923,2.2473,Moderate,False,False,0.0,0.0
Climbing Gear,CLIMBING_GEAR_0027,Highmark,Highmark X1,7,576.71,4626.52,4254.67,2359.03,1.0874,1.8036,Moderate,False,False,0.0,0.0
Climbing Gear,CLIMBING_GEAR_0028,Hardpack,Hardpack Foundation,0,634.21,750.13,523.83,334.64,1.432,1.5654,Moderate,True,False,0.0,0.0
Climbing Gear,CLIMBING_GEAR_0029,Hardpack,Hardpack Summit,0,451.69,308.09,227.27,74.61,1.3556,3.0462,Fast,True,False,0.0,0.0
Climbing Gear,CLIMBING_GEAR_0030,Opentrail,Opentrail Series II,9,171.26,2336.3,1684.21,1018.88,1.3872,1.653,Moderate,False,False,0.0,0.0
Climbing Gear,CLIMBING_GEAR_0031,Hardpack,Hardpack Team,3,610.02,2667.55,1861.6,580.08,1.4329,3.2092,Fast,False,False,0.0,0.0
Climbing Gear,CLIMBING_GEAR_0032,Highmark,Highmark X1,0,563.53,162.61,127.66,33.54,1.2738,3.8057,Fast,True,False,0.0,0.0
Climbing Gear,CLIMBING_GEAR_0033,Coastline,Coastline Series II,0,553.77,217.13,154.26,142.62,1.4076,1.0816,Slow,True,False,0.0,0.0
Climbing Gear,CLIMBING_GEAR_0034,Opentrail,Opentrail Tour,0,404.12,12.73,9.9,20.0,1.286,0.4949,Dead,True,True,0.3091,0.6685
Climbing Gear,CLIMBING_GEAR_0035,Coastline,Coastline Base,0,248.63,164.9,122.27,53.27,1.3487,2.2953,Moderate,True,False,0.0,0.0
Climbing Gear,CLIMBING_GEAR_0036,Coastline,Coastline MAX,1,154.25,368.79,307.24,241.06,1.2004,1.2745,Slow,False,True,0.2132,0.4495
Climbing Gear,CLIMBING_GEAR_0037,Coastline,Coastline Elite,4,195.6,1001.67,856.64,514.48,1.1693,1.6651,Moderate,False,True,0.1724,0.4712
Climbing Gear,CLIMBING_GEAR_0038,Coastline,Coastline Traverse,0,627.32,54.39,41.19,25.97,1.3205,1.5859,Moderate,True,True,0.1605,0.3735
Climbing Gear,CLIMBING_GEAR_0039,Coastline,Coastline Ridge,2,346.67,1280.64,995.68,243.09,1.2862,4.096,Fast,False,False,0.0,0.0
Climbing Gear,CLIMBING_GEAR_0040,Hardpack,Hardpack Summit,0,140.29,93.99,66.65,20.0,1.4103,3.3325,Fast,True,False,0.0,0.0
Climbing Gear,CLIMBING_GEAR_0041,Hardpack,Hardpack Sport,1,391.14,747.82,593.18,122.63,1.2607,4.8371,Fast,False,False,0.0,0.0
Climbing Gear,CLIMBING_GEAR_0042,Coastline,Coastline X1,0,446.57,233.2,228.63,133.57,1.02,1.7118,Moderate,True,False,0.0,0.0
Climbing Gear,CLIMBING_GEAR_0043,Opentrail,Opentrail Signature,16,442.89,10300.33,7372.64,2106.0,1.3971,3.5008,Fast,False,False,0.0,0.0
Climbing Gear,CLIMBING_GEAR_0044,Highmark,Highmark Traverse,2,439.64,1543.69,1256.07,238.3,1.229,5.2709,Fast,False,False,0.0,0.0
Climbing Gear,CLIMBING_GEAR_0045,Coastline,Coastline Traverse,1,302.48,726.11,531.02,201.51,1.3674,2.6352,Moderate,False,False,0.0,0.0
Climbing Gear,CLIMBING_GEAR_0046,Hardpack,Hardpack Elite,12,85.5,1426.4,1093.17,518.95,1.3048,2.1065,Moderate,False,False,0.0,0.0
Climbing Gear,CLIMBING_GEAR_0047,Coastline,Coastline Tour,0,297.95,76.55,64.53,20.0,1.1862,3.2265,Fast,True,False,0.0,0.0
Climbing Gear,CLIMBING_GEAR_0048,Opentrail,Opentrail Ridge,0,66.78,44.18,29.44,20.0,1.5006,1.4721,Slow,True,False,0.0,0.0
Climbing Gear,CLIMBING_GEAR_0049,Hardpack,Hardpack Signature,0,71.51,67.73,47.36,116.91,1.4303,0.4051,Dead,True,True,0.2315,0.5812
Climbing Gear,CLIMBING_GEAR_0050,Coastline,Coastline Foundation,2,605.7,1776.47,1375.54,1863.56,1.2915,0.7381,Slow,False,False,0.0,0.0
Climbing Gear,CLIMBING_GEAR_0051,Highmark,Highmark Team,0,224.59,94.82,74.29,67.47,1.2764,1.101,Slow,True,True,0.2042,0.4948
Climbing Gear,CLIMBING_GEAR_0052,Hardpack,Hardpack Crest,33,48.52,1797.23,1620.41,1010.61,1.1091,1.6034,Moderate,False,True,0.1995,0.4526
Climbing Gear,CLIMBING_GEAR_0053,Highmark,Highmark Lite,3,144.62,596.1,444.46,54.82,1.3412,8.107,Fast,False,False,0.0,0.0
Climbing Gear,CLIMBING_GEAR_0054,Highmark,Highmark Enduro,6,185.7,1461.21,1182.69,533.63,1.2355,2.2163,Moderate,False,False,0.0,0.0
Climbing Gear,CLIMBING_GEAR_0055,Hardpack,Hardpack LTD,0,541.07,63.17,44.0,20.0,1.4357,2.2001,Moderate,True,False,0.0,0.0
Climbing Gear,CLIMBING_GEAR_0056,Opentrail,Opentrail Enduro,0,515.96,214.26,200.45,100.4,1.0689,1.9964,Moderate,True,True,0.2983,0.4739
Climbing Gear,CLIMBING_GEAR_0057,Highmark,Highmark Traverse,0,286.85,129.47,97.87,90.57,1.3229,1.0806,Slow,True,False,0.0,0.0
Climbing Gear,CLIMBING_GEAR_0058,Hardpack,Hardpack Carbon,110,29.11,4447.38,3229.55,953.8,1.3771,3.386,Fast,False,False,0.0,0.0
Climbing Gear,CLIMBING_GEAR_0059,Hardpack,Hardpack Comp,1,612.11,1356.94,979.04,306.92,1.386,3.1899,Fast,False,False,0.0,0.0
Climbing Gear,CLIMBING_GEAR_0060,Hardpack,Hardpack Team,3,92.13,463.83,332.74,67.1,1.394,4.959,Fast,False,False,0.0,0.0
Climbing Gear,CLIMBING_GEAR_0061,Highmark,Highmark Lite,87,28.54,2770.56,2509.28,1085.44,1.1041,2.3118,Moderate,False,False,0.0,0.0
Climbing Gear,CLIMBING_GEAR_0062,Opentrail,Opentrail Signature,8,93.93,817.97,759.15,107.55,1.0775,7.0584,Fast,False,False,0.0,0.0
Climbing Gear,CLIMBING_GEAR_0063,Highmark,Highmark Traverse,0,339.31,46.57,31.58,32.99,1.4746,0.9575,Slow,True,True,0.1535,0.5457
Climbing Gear,CLIMBING_GEAR_0064,Highmark,Highmark Comp,2,68.38,292.59,195.25,101.98,1.4985,1.9146,Moderate,False,False,0.0,0.0
Climbing Gear,CLIMBING_GEAR_0065,Opentrail,Opentrail Origin,12,348.76,5869.5,4358.38,1929.02,1.3467,2.2594,Moderate,False,False,0.0,0.0
Climbing Gear,CLIMBING_GEAR_0066,Highmark,Highmark Team,1,321.93,387.76,335.47,170.06,1.1559,1.9727,Moderate,False,True,0.2465,0.396
Climbing Gear,CLIMBING_GEAR_0067,Coastline,Coastline Enduro,16,57.03,1464.18,913.82,611.45,1.6023,1.4945,Slow,False,False,0.0,0.0
Climbing Gear,CLIMBING_GEAR_0068,Opentrail,Opentrail Foundation,0,391.99,440.9,281.91,53.03,1.564,5.3162,Fast,True,False,0.0,0.0
Climbing Gear,CLIMBING_GEAR_0069,Highmark,Highmark Elite,1,518.94,861.06,640.78,987.41,1.3438,0.6489,Slow,False,True,0.2916,0.5562
Climbing Gear,CLIMBING_GEAR_0070,Hardpack,Hardpack Traverse,1,328.1,877.68,552.64,452.72,1.5882,1.2207,Slow,False,True,0.2674,0.4095
Climbing Gear,CLIMBING_GEAR_0071,Hardpack,Hardpack Sport,0,317.69,140.36,123.82,20.0,1.1336,6.1912,Fast,True,False,0.0,0.0
Climbing Gear,CLIMBING_GEAR_0072,Hardpack,Hardpack Venture,12,188.28,3699.42,2290.86,396.33,1.6149,5.7802,Fast,False,False,0.0,0.0
Climbing Gear,CLIMBING_GEAR_0073,Highmark,Highmark Crest,1,57.17,101.98,74.08,48.83,1.3766,1.5171,Moderate,False,True,0.1759,0.4267
Climbing Gear,CLIMBING_GEAR_0074,Hardpack,Hardpack Carbon,13,220.1,4092.8,2960.81,2208.6,1.3823,1.3406,Slow,False,False,0.0,0.0
Climbing Gear,CLIMBING_GEAR_0075,Highmark,Highmark Elite,0,102.97,48.56,31.33,20.0,1.5499,1.5666,Moderate,True,True,0.2146,0.5805
Climbing Gear,CLIMBING_GEAR_0076,Highmark,Highmark Trail,29,66.73,2685.89,1999.05,472.2,1.3436,4.2335,Fast,False,False,0.0,0.0
Climbing Gear,CLIMBING_GEAR_0077,Highmark,Highmark Trail,11,292.35,5182.97,3382.66,2011.18,1.5322,1.6819,Moderate,False,True,0.3054,0.3616
Climbing Gear,CLIMBING_GEAR_0078,Coastline,Coastline Xpedition,0,555.21,117.99,69.69,20.0,1.693,3.4847,Fast,True,False,0.0,0.0
Climbing Gear,CLIMBING_GEAR_0079,Highmark,Highmark Crest,5,334.11,2629.8,1986.55,1873.6,1.3238,1.0603,Slow,False,False,0.0,0.0
Climbing Gear,CLIMBING_GEAR_0080,Hardpack,Hardpack Foundation,0,383.02,133.61,97.37,25.2,1.3722,3.8638,Fast,True,False,0.0,0.0
Climbing Gear,CLIMBING_GEAR_0081,Hardpack,Hardpack Ascent,6,273.16,2622.34,1760.16,704.1,1.4898,2.4999,Moderate,False,False,0.0,0.0
Climbing Gear,CLIMBING_GEAR_0082,Hardpack,Hardpack Origin,2,158.51,616.82,413.48,170.47,1.4918,2.4256,Moderate,False,False,0.0,0.0
Climbing Gear,CLIMBING_GEAR_0083,Opentrail,Opentrail Pro,0,240.09,181.33,158.56,46.01,1.1436,3.4462,Fast,True,False,0.0,0.0
Climbing Gear,CLIMBING_GEAR_0084,Highmark,Highmark Traverse,38,233.34,12413.53,8988.93,687.97,1.381,13.0659,Fast,False,False,0.0,0.0
Climbing Gear,CLIMBING_GEAR_0085,Opentrail,Opentrail Signature,1,402.03,713.76,439.53,351.48,1.6239,1.2505,Slow,False,False,0.0,0.0
Climbing Gear,CLIMBING_GEAR_0086,Highmark,Highmark Ridge,105,40.4,6579.38,4249.6,2318.95,1.5482,1.8326,Moderate,False,False,0.0,0.0
Climbing Gear,CLIMBING_GEAR_0087,Coastline,Coastline Team,0,405.29,161.62,116.58,47.58,1.3864,2.45,Moderate,True,False,0.0,0.0
Climbing Gear,CLIMBING_GEAR_0088,Coastline,Coastline Elite,0,344.47,191.86,163.43,95.3,1.174,1.7148,Moderate,True,False,0.0,0.0
Climbing Gear,CLIMBING_GEAR_0089,Coastline,Coastline Base,12,51.89,990.07,657.92,458.84,1.5048,1.4339,Slow,False,False,0.0,0.0
Climbing Gear,CLIMBING_GEAR_0090,Highmark,Highmark Venture,7,117.55,972.37,862.37,407.25,1.1276,2.1175,Moderate,False,False,0.0,0.0
Climbing Gear,CLIMBING_GEAR_0091,Highmark,Highmark Signature,18,539.57,15931.6,10030.49,2307.75,1.5883,4.3464,Fast,False,False,0.0,0.0
Climbing Gear,CLIMBING_GEAR_0092,Hardpack,Hardpack Ridge,2,601.53,1968.97,1466.74,961.7,1.3424,1.5251,Moderate,False,True,0.2655,0.4599
Climbing Gear,CLIMBING_GEAR_0093,Hardpack,Hardpack Foundation,52,99.43,7626.26,5227.69,1132.15,1.4588,4.6175,Fast,False,False,0.0,0.0
Climbing Gear,CLIMBING_GEAR_0094,Hardpack,Hardpack Enduro,3,208.08,1094.17,795.93,540.02,1.3747,1.4739,Slow,False,False,0.0,0.0
Climbing Gear,CLIMBING_GEAR_0095,Highmark,Highmark Elite,0,308.01,169.45,139.06,54.78,1.2185,2.5383,Moderate,True,False,0.0,0.0
Climbing Gear,CLIMBING_GEAR_0096,Coastline,Coastline Lite,0,464.28,487.96,350.31,154.33,1.393,2.2699,Moderate,True,False,0.0,0.0
Climbing Gear,CLIMBING_GEAR_0097,Coastline,Coastline X1,1,462.02,670.74,600.91,427.56,1.1162,1.4054,Slow,False,False,0.0,0.0
Climbing Gear,CLIMBING_GEAR_0098,Coastline,Coastline Enduro,0,470.74,675.0,431.38,240.56,1.5648,1.7932,Moderate,True,True,0.3364,0.4816
Climbing Gear,CLIMBING_GEAR_0099,Hardpack,Hardpack Ascent,5,406.26,3386.43,2422.4,1207.5,1.398,2.0061,Moderate,False,False,0.0,0.0
Climbing Gear,CLIMBING_GEAR_0100,Opentrail,Opentrail Series II,7,136.79,1299.17,959.56,981.18,1.3539,0.978,Slow,False,True,0.2138,0.6433
Climbing Gear,CLIMBING_GEAR_0101,Opentrail,Opentrail LTD,8,339.72,3103.7,2762.66,994.36,1.1234,2.7783,Moderate,False,False,0.0,0.0
Climbing Gear,CLIMBING_GEAR_0102,Opentrail,Opentrail MAX,6,429.44,4011.53,2736.67,338.95,1.4658,8.074,Fast,False,False,0.0,0.0
Climbing Gear,CLIMBING_GEAR_0103,Hardpack,Hardpack Venture,9,118.39,1228.43,1084.14,248.38,1.1331,4.3649,Fast,False,False,0.0,0.0
Climbing Gear,CLIMBING_GEAR_0104,Highmark,Highmark Crest,2,473.71,1473.14,1134.52,499.0,1.2985,2.2736,Moderate,False,False,0.0,0.0
Climbing Gear,CLIMBING_GEAR_0105,Hardpack,Hardpack Comp,0,168.71,152.28,133.61,37.49,1.1398,3.5642,Fast,True,False,0.0,0.0
Climbing Gear,CLIMBING_GEAR_0106,Opentrail,Opentrail Xpedition,0,187.24,133.03,101.48,20.0,1.3109,5.0741,Fast,True,False,0.0,0.0
Climbing Gear,CLIMBING_GEAR_0107,Hardpack,Hardpack Series II,5,179.75,1237.13,949.44,513.95,1.303,1.8474,Moderate,False,False,0.0,0.0
Climbing Gear,CLIMBING_GEAR_0108,Coastline,Coastline Signature,6,250.13,2186.33,1563.58,1119.13,1.3983,1.3971,Slow,False,True,0.1685,0.6073
Climbing Gear,CLIMBING_GEAR_0109,Opentrail,Opentrail Apex,0,329.41,180.34,135.25,85.48,1.3334,1.5821,Moderate,True,False,0.0,0.0
Climbing Gear,CLIMBING_GEAR_0110,Highmark,Highmark Xpedition,0,244.27,44.01,34.33,20.0,1.2821,1.7165,Moderate,True,False,0.0,0.0
Climbing Gear,CLIMBING_GEAR_0111,Opentrail,Opentrail Lite,50,42.58,2463.33,2147.26,815.02,1.1472,2.6346,Moderate,False,False,0.0,0.0
Climbing Gear,CLIMBING_GEAR_0112,Hardpack,Hardpack Comp,7,559.71,6123.01,4293.82,1636.21,1.426,2.6242,Moderate,False,False,0.0,0.0
Climbing Gear,CLIMBING_GEAR_0113,Highmark,Highmark Venture,2,96.32,350.66,222.36,249.1,1.577,0.8926,Slow,False,False,0.0,0.0
Climbing Gear,CLIMBING_GEAR_0114,Hardpack,Hardpack Crest,0,568.23,533.17,354.2,194.79,1.5053,1.8184,Moderate,True,False,0.0,0.0
Climbing Gear,CLIMBING_GEAR_0115,Coastline,Coastline Pro,212,35.81,10675.65,7618.14,2881.75,1.4013,2.6436,Moderate,False,False,0.0,0.0
Climbing Gear,CLIMBING_GEAR_0116,Opentrail,Opentrail Series II,0,642.43,129.7,95.78,71.38,1.3542,1.3418,Slow,True,False,0.0,0.0
Climbing Gear,CLIMBING_GEAR_0117,Opentrail,Opentrail X1,9,315.19,3936.13,3110.08,1689.06,1.2656,1.8413,Moderate,False,False,0.0,0.0
Climbing Gear,CLIMBING_GEAR_0118,Coastline,Coastline Venture,41,20.3,965.41,836.34,453.52,1.1543,1.8441,Moderate,False,False,0.0,0.0
Climbing Gear,CLIMBING_GEAR_0119,Hardpack,Hardpack Apex,0,387.34,240.68,229.48,136.79,1.0488,1.6776,Moderate,True,True,0.2208,0.3735
Climbing Gear,CLIMBING_GEAR_0120,Coastline,Coastline Signature,37,378.07,19836.5,14050.82,3243.57,1.4118,4.3319,Fast,False,False,0.0,0.0
Climbing Gear,CLIMBING_GEAR_0121,Hardpack,Hardpack Ridge,0,585.84,309.99,238.98,309.58,1.2971,0.7719,Slow,True,False,0.0,0.0
Climbing Gear,CLIMBING_GEAR_0122,Highmark,Highmark Enduro,13,398.66,7145.95,5214.2,2028.29,1.3705,2.5707,Moderate,False,False,0.0,0.0
Climbing Gear,CLIMBING_GEAR_0123,Highmark,Highmark Venture,13,84.72,1281.65,1154.81,322.63,1.1098,3.5794,Fast,False,False,0.0,0.0
Climbing Gear,CLIMBING_GEAR_0124,Highmark,Highmark Team,4,528.26,3605.73,2519.82,1464.49,1.4309,1.7206,Moderate,False,False,0.0,0.0
Climbing Gear,CLIMBING_GEAR_0125,Coastline,Coastline Ridge,0,247.55,156.87,102.2,49.88,1.5349,2.0489,Moderate,True,False,0.0,0.0
Climbing Gear,CLIMBING_GEAR_0126,Highmark,Highmark Venture,64,430.53,36359.45,27851.81,5773.25,1.3055,4.8243,Fast,False,False,0.0,0.0
Climbing Gear,CLIMBING_GEAR_0127,Opentrail,Opentrail Pro,2,462.63,1310.77,1102.28,555.34,1.1891,1.9849,Moderate,False,False,0.0,0.0
Climbing Gear,CLIMBING_GEAR_0128,Hardpack,Hardpack Crest,7,392.77,4960.99,3106.97,3681.09,1.5967,0.844,Slow,False,False,0.0,0.0
Climbing Gear,CLIMBING_GEAR_0129,Highmark,Highmark Enduro,16,114.94,2562.14,1869.56,393.89,1.3705,4.7465,Fast,False,False,0.0,0.0
Climbing Gear,CLIMBING_GEAR_0130,Opentrail,Opentrail Crest,7,392.88,4408.77,3045.12,711.13,1.4478,4.2821,Fast,False,False,0.0,0.0
Climbing Gear,CLIMBING_GEAR_0131,Coastline,Coastline Carbon,2,527.42,1541.07,1098.6,1038.1,1.4028,1.0583,Slow,False,True,0.1962,0.6213
Climbing Gear,CLIMBING_GEAR_0132,Hardpack,Hardpack Pro,3,500.57,2063.93,1645.27,556.96,1.2545,2.954,Moderate,False,False,0.0,0.0
Climbing Gear,CLIMBING_GEAR_0133,Opentrail,Opentrail Xpedition,0,508.66,182.05,161.35,324.26,1.1283,0.4976,Dead,True,True,0.1955,0.4676
Climbing Gear,CLIMBING_GEAR_0134,Coastline,Coastline Venture,1,441.9,938.62,686.48,110.24,1.3673,6.2269,Fast,False,False,0.0,0.0
Climbing Gear,CLIMBING_GEAR_0135,Coastline,Coastline Traverse,3,469.14,2294.57,1834.0,794.31,1.2511,2.3089,Moderate,False,False,0.0,0.0
Climbing Gear,CLIMBING_GEAR_0136,Coastline,Coastline LTD,4,645.95,3539.77,2700.03,1199.24,1.311,2.2514,Moderate,False,False,0.0,0.0
Climbing Gear,CLIMBING_GEAR_0137,Hardpack,Hardpack Venture,4,76.04,437.38,317.5,163.15,1.3776,1.946,Moderate,False,True,0.115,0.4329
Climbing Gear,CLIMBING_GEAR_0138,Highmark,Highmark Carbon,17,109.53,2299.14,1887.61,710.59,1.218,2.6564,Moderate,False,False,0.0,0.0
Climbing Gear,CLIMBING_GEAR_0139,Highmark,Highmark Lite,0,515.3,814.81,510.22,274.6,1.597,1.858,Moderate,True,False,0.0,0.0
Climbing Gear,CLIMBING_GEAR_0140,Highmark,Highmark Summit,0,208.36,159.88,111.37,34.45,1.4356,3.2332,Fast,True,False,0.0,0.0
Climbing Gear,CLIMBING_GEAR_0141,Coastline,Coastline Origin,0,446.4,178.55,126.54,82.58,1.411,1.5323,Moderate,True,False,0.0,0.0
Climbing Gear,CLIMBING_GEAR_0142,Hardpack,Hardpack Carbon,0,340.91,130.98,110.52,57.64,1.1851,1.9173,Moderate,True,False,0.0,0.0
Climbing Gear,CLIMBING_GEAR_0143,Highmark,Highmark MAX,0,478.0,120.56,99.32,66.51,1.2139,1.4934,Slow,True,True,0.2089,0.2556
Climbing Gear,CLIMBING_GEAR_0144,Opentrail,Opentrail Base,2,239.0,605.57,489.46,129.93,1.2372,3.7671,Fast,False,False,0.0,0.0
Climbing Gear,CLIMBING_GEAR_0145,Opentrail,Opentrail Series II,31,373.74,16298.1,11635.05,2874.91,1.4008,4.0471,Fast,False,False,0.0,0.0
Climbing Gear,CLIMBING_GEAR_0146,Hardpack,Hardpack Venture,0,431.97,622.67,423.09,308.66,1.4717,1.3707,Slow,True,True,0.1563,0.4293
Climbing Gear,CLIMBING_GEAR_0147,Highmark,Highmark Pro,0,473.8,70.12,51.84,20.64,1.3526,2.5121,Moderate,True,False,0.0,0.0
Climbing Gear,CLIMBING_GEAR_0148,Coastline,Coastline Enduro,1,441.14,957.32,797.1,325.41,1.201,2.4495,Moderate,False,False,0.0,0.0
Climbing Gear,CLIMBING_GEAR_0149,Opentrail,Opentrail LTD,100,21.32,3019.37,2153.01,1185.52,1.4024,1.8161,Moderate,False,False,0.0,0.0
Climbing Gear,CLIMBING_GEAR_0150,Opentrail,Opentrail MAX,11,248.27,3934.68,2911.72,710.6,1.3513,4.0976,Fast,False,False,0.0,0.0
Climbing Gear,CLIMBING_GEAR_0151,Coastline,Coastline Origin,3,551.51,1978.56,1669.05,1268.71,1.1854,1.3155,Slow,False,False,0.0,0.0
Climbing Gear,CLIMBING_GEAR_0152,Coastline,Coastline Ascent,1,432.68,1110.0,714.71,302.71,1.5531,2.361,Moderate,False,False,0.0,0.0
Climbing Gear,CLIMBING_GEAR_0153,Highmark,Highmark Elite,1,211.89,464.71,337.77,340.61,1.3758,0.9917,Slow,False,False,0.0,0.0
Climbing Gear,CLIMBING_GEAR_0154,Opentrail,Opentrail Ascent,0,531.77,194.55,135.69,83.43,1.4338,1.6263,Moderate,True,False,0.0,0.0
Climbing Gear,CLIMBING_GEAR_0155,Opentrail,Opentrail Ridge,1,92.73,149.19,111.83,25.86,1.3341,4.3253,Fast,False,False,0.0,0.0
Climbing Gear,CLIMBING_GEAR_0156,Hardpack,Hardpack Sport,3,429.86,2486.74,1718.31,491.51,1.4472,3.496,Fast,False,False,0.0,0.0
Climbing Gear,CLIMBING_GEAR_0157,Opentrail,Opentrail Traverse,12,550.58,8147.8,6961.27,1402.21,1.1704,4.9645,Fast,False,False,0.0,0.0
Climbing Gear,CLIMBING_GEAR_0158,Highmark,Highmark Enduro,0,639.52,193.96,153.54,225.59,1.2632,0.6806,Slow,True,True,0.2424,0.4708
Climbing Gear,CLIMBING_GEAR_0159,Coastline,Coastline Comp,3,304.69,1518.44,1209.43,634.14,1.2555,1.9072,Moderate,False,False,0.0,0.0
Climbing Gear,CLIMBING_GEAR_0160,Coastline,Coastline Signature,1,256.37,665.53,444.77,415.12,1.4964,1.0714,Slow,False,False,0.0,0.0
Climbing Gear,CLIMBING_GEAR_0161,Opentrail,Opentrail Foundation,1,246.35,532.39,454.0,397.77,1.1727,1.1414,Slow,False,False,0.0,0.0
Climbing Gear,CLIMBING_GEAR_0162,Highmark,Highmark Elite,5,201.57,1720.82,1097.08,654.59,1.5685,1.676,Moderate,False,False,0.0,0.0
Climbing Gear,CLIMBING_GEAR_0163,Opentrail,Opentrail Carbon,2,213.92,672.95,482.74,252.29,1.394,1.9135,Moderate,False,False,0.0,0.0
Climbing Gear,CLIMBING_GEAR_0164,Hardpack,Hardpack Pro,0,376.53,249.56,209.01,55.6,1.194,3.7592,Fast,True,False,0.0,0.0
Climbing Gear,CLIMBING_GEAR_0165,Hardpack,Hardpack Trail,0,207.45,154.12,129.47,132.1,1.1904,0.98,Slow,True,True,0.2983,0.6211
Climbing Gear,CLIMBING_GEAR_0166,Opentrail,Opentrail Signature,37,61.16,2943.72,2314.24,950.46,1.272,2.4348,Moderate,False,False,0.0,0.0
Climbing Gear,CLIMBING_GEAR_0167,Highmark,Highmark Pro,3,256.31,1339.05,861.22,419.32,1.5548,2.0538,Moderate,False,False,0.0,0.0
Climbing Gear,CLIMBING_GEAR_0168,Hardpack,Hardpack X1,3,34.11,133.32,108.45,52.22,1.2293,2.077,Moderate,False,True,0.2982,0.4865
Climbing Gear,CLIMBING_GEAR_0169,Coastline,Coastline Pro,4,383.18,2356.94,1706.0,505.1,1.3816,3.3775,Fast,False,False,0.0,0.0
Climbing Gear,CLIMBING_GEAR_0170,Hardpack,Hardpack X1,17,221.75,5257.21,3900.31,1879.24,1.3479,2.0755,Moderate,False,False,0.0,0.0
Climbing Gear,CLIMBING_GEAR_0171,Opentrail,Opentrail Base,0,430.25,125.41,93.68,20.0,1.3386,4.6841,Fast,True,False,0.0,0.0
Climbing Gear,CLIMBING_GEAR_0172,Highmark,Highmark Elite,5,233.11,1750.75,1178.02,282.92,1.4862,4.1638,Fast,False,False,0.0,0.0
Climbing Gear,CLIMBING_GEAR_0173,Opentrail,Opentrail Signature,1,462.11,685.04,492.37,209.89,1.3913,2.3459,Moderate,False,False,0.0,0.0
Climbing Gear,CLIMBING_GEAR_0174,Coastline,Coastline Foundation,0,345.64,413.42,259.33,199.19,1.5942,1.3019,Slow,True,True,0.1947,0.6469
Climbing Gear,CLIMBING_GEAR_0175,Opentrail,Opentrail Xpedition,12,325.28,6380.06,4202.64,1055.15,1.5181,3.983,Fast,False,False,0.0,0.0
Climbing Gear,CLIMBING_GEAR_0176,Coastline,Coastline Comp,12,304.52,5267.3,3659.47,1210.97,1.4394,3.0219,Fast,False,False,0.0,0.0
Climbing Gear,CLIMBING_GEAR_0177,Opentrail,Opentrail Elite,1,457.58,881.82,679.52,348.72,1.2977,1.9486,Moderate,False,False,0.0,0.0
Climbing Gear,CLIMBING_GEAR_0178,Coastline,Coastline Xpedition,58,98.12,7290.53,5699.64,1319.28,1.2791,4.3203,Fast,False,False,0.0,0.0
Climbing Gear,CLIMBING_GEAR_0179,Coastline,Coastline Xpedition,0,562.22,224.14,171.42,47.18,1.3075,3.6332,Fast,True,False,0.0,0.0
Climbing Gear,CLIMBING_GEAR_0180,Opentrail,Opentrail Traverse,0,595.32,366.79,270.75,110.15,1.3547,2.4581,Moderate,True,False,0.0,0.0
Climbing Gear,CLIMBING_GEAR_0181,Hardpack,Hardpack Origin,0,322.73,197.64,163.78,57.14,1.2068,2.8664,Moderate,True,False,0.0,0.0
Climbing Gear,CLIMBING_GEAR_0182,Opentrail,Opentrail MAX,8,97.75,1126.73,877.15,285.76,1.2845,3.0696,Fast,False,False,0.0,0.0
Climbing Gear,CLIMBING_GEAR_0183,Opentrail,Opentrail Carbon,3,219.99,980.38,877.41,308.16,1.1174,2.8472,Moderate,False,False,0.0,0.0
Climbing Gear,CLIMBING_GEAR_0184,Coastline,Coastline Series II,2,619.57,1885.03,1528.81,1929.34,1.233,0.7924,Slow,False,False,0.0,0.0
Climbing Gear,CLIMBING_GEAR_0185,Opentrail,Opentrail Pro,7,384.42,4126.38,2748.57,677.63,1.5013,4.0562,Fast,False,False,0.0,0.0
Climbing Gear,CLIMBING_GEAR_0186,Hardpack,Hardpack Trail,115,42.45,5834.06,4897.07,1239.88,1.1913,3.9496,Fast,False,False,0.0,0.0
Climbing Gear,CLIMBING_GEAR_0187,Hardpack,Hardpack Foundation,1,256.18,376.82,278.38,130.88,1.3536,2.127,Moderate,False,False,0.0,0.0
Climbing Gear,CLIMBING_GEAR_0188,Opentrail,Opentrail LTD,0,391.92,433.65,377.0,246.8,1.1503,1.5275,Moderate,True,False,0.0,0.0
Climbing Gear,CLIMBING_GEAR_0189,Highmark,Highmark X1,13,269.49,4112.63,3529.07,1087.55,1.1654,3.245,Fast,False,False,0.0,0.0
Climbing Gear,CLIMBING_GEAR_0190,Opentrail,Opentrail Enduro,1,325.48,524.54,387.33,137.0,1.3542,2.8273,Moderate,False,False,0.0,0.0
Climbing Gear,CLIMBING_GEAR_0191,Highmark,Highmark Lite,10,121.5,1634.6,1275.26,456.07,1.2818,2.7962,Moderate,False,False,0.0,0.0
Climbing Gear,CLIMBING_GEAR_0192,Opentrail,Opentrail Crest,4,81.96,394.35,339.39,162.82,1.1619,2.0845,Moderate,False,False,0.0,0.0
Climbing Gear,CLIMBING_GEAR_0193,Coastline,Coastline Lite,1,469.72,719.5,549.4,298.03,1.3096,1.8434,Moderate,False,False,0.0,0.0
Climbing Gear,CLIMBING_GEAR_0194,Coastline,Coastline Traverse,0,582.75,629.19,549.3,307.89,1.1454,1.7841,Moderate,True,False,0.0,0.0
Climbing Gear,CLIMBING_GEAR_0195,Hardpack,Hardpack Lite,2,533.96,1170.98,1072.77,525.33,1.0915,2.0421,Moderate,False,False,0.0,0.0
Climbing Gear,CLIMBING_GEAR_0196,Hardpack,Hardpack Ridge,1,486.65,841.27,684.71,99.69,1.2287,6.8681,Fast,False,False,0.0,0.0
Climbing Gear,CLIMBING_GEAR_0197,Opentrail,Opentrail Origin,14,238.6,4163.44,3540.67,1584.12,1.1759,2.2351,Moderate,False,False,0.0,0.0
Climbing Gear,CLIMBING_GEAR_0198,Opentrail,Opentrail X1,0,516.34,140.84,109.65,36.7,1.2845,2.988,Moderate,True,False,0.0,0.0
Climbing Gear,CLIMBING_GEAR_0199,Opentrail,Opentrail Apex,0,424.49,170.58,124.76,55.31,1.3673,2.2558,Moderate,True,False,0.0,0.0
Climbing Gear,CLIMBING_GEAR_0200,Highmark,Highmark Xpedition,0,359.25,171.15,142.56,140.14,1.2005,1.0173,Slow,True,True,0.3893,0.3964
Climbing Gear,CLIMBING_GEAR_0201,Hardpack,Hardpack Tour,12,290.64,4776.73,3677.1,1577.57,1.2991,2.3309,Moderate,False,False,0.0,0.0
Climbing Gear,CLIMBING_GEAR_0202,Highmark,Highmark Team,5,70.35,560.08,353.49,99.52,1.5844,3.5518,Fast,False,False,0.0,0.0
Climbing Gear,CLIMBING_GEAR_0203,Coastline,Coastline Comp,0,99.02,54.14,40.6,20.0,1.3333,2.0301,Moderate,True,False,0.0,0.0
Climbing Gear,CLIMBING_GEAR_0204,Hardpack,Hardpack X1,3,494.39,2370.52,1732.97,454.15,1.3679,3.8159,Fast,False,False,0.0,0.0
Climbing Gear,CLIMBING_GEAR_0205,Highmark,Highmark Signature,0,204.97,118.65,94.06,130.15,1.2615,0.7227,Slow,True,True,0.3998,0.6229
Climbing Gear,CLIMBING_GEAR_0206,Coastline,Coastline Crest,97,83.63,12145.98,8141.38,2532.27,1.4919,3.215,Fast,False,False,0.0,0.0
Climbing Gear,CLIMBING_GEAR_0207,Highmark,Highmark LTD,2,577.98,1989.13,1484.98,455.52,1.3395,3.26,Fast,False,False,0.0,0.0
Climbing Gear,CLIMBING_GEAR_0208,Highmark,Highmark Carbon,31,130.96,4926.5,4134.64,724.65,1.1915,5.7057,Fast,False,False,0.0,0.0
Climbing Gear,CLIMBING_GEAR_0209,Highmark,Highmark Tour,0,439.42,33.76,27.0,20.0,1.2505,1.3498,Slow,True,False,0.0,0.0
Climbing Gear,CLIMBING_GEAR_0210,Highmark,Highmark Summit,6,109.13,1236.1,747.34,800.44,1.654,0.9337,Slow,False,False,0.0,0.0
Climbing Gear,CLIMBING_GEAR_0211,Coastline,Coastline Foundation,0,408.06,429.09,268.48,179.12,1.5982,1.4989,Slow,True,False,0.0,0.0
Climbing Gear,CLIMBING_GEAR_0212,Highmark,Highmark Apex,0,128.46,50.58,40.34,23.26,1.2539,1.7338,Moderate,True,False,0.0,0.0
Climbing Gear,CLIMBING_GEAR_0213,Coastline,Coastline Team,1,307.03,600.01,451.88,247.27,1.3278,1.8275,Moderate,False,False,0.0,0.0
Climbing Gear,CLIMBING_GEAR_0214,Highmark,Highmark Comp,4,265.19,1408.55,1117.85,584.26,1.2601,1.9133,Moderate,False,True,0.3481,0.5013
Climbing Gear,CLIMBING_GEAR_0215,Highmark,Highmark Team,7,302.11,3004.98,2187.67,362.45,1.3736,6.0359,Fast,False,False,0.0,0.0
Climbing Gear,CLIMBING_GEAR_0216,Opentrail,Opentrail Venture,1,589.52,741.46,677.69,250.69,1.0941,2.7033,Moderate,False,False,0.0,0.0
Climbing Gear,CLIMBING_GEAR_0217,Highmark,Highmark Foundation,0,413.34,58.63,49.28,20.0,1.1896,2.4642,Moderate,True,False,0.0,0.0
Climbing Gear,CLIMBING_GEAR_0218,Coastline,Coastline Base,2,337.5,1271.27,869.94,672.9,1.4613,1.2928,Slow,False,False,0.0,0.0
Climbing Gear,CLIMBING_GEAR_0219,Highmark,Highmark Crest,0,526.1,58.96,39.62,20.0,1.4881,1.981,Moderate,True,False,0.0,0.0
Climbing Gear,CLIMBING_GEAR_0220,Opentrail,Opentrail Lite,2,400.03,1156.74,924.37,751.45,1.2514,1.2301,Slow,False,True,0.2878,0.428
Climbing Gear,CLIMBING_GEAR_0221,Highmark,Highmark MAX,5,295.36,2273.59,1533.68,793.63,1.4824,1.9325,Moderate,False,False,0.0,0.0
Climbing Gear,CLIMBING_GEAR_0222,Opentrail,Opentrail Trail,2,263.62,880.61,623.91,553.58,1.4114,1.127,Slow,False,True,0.3338,0.6517
Climbing Gear,CLIMBING_GEAR_0223,Opentrail,Opentrail Carbon,12,293.59,5011.06,3656.47,1135.55,1.3705,3.22,Fast,False,False,0.0,0.0
Climbing Gear,CLIMBING_GEAR_0224,Opentrail,Opentrail Summit,22,463.72,14671.41,10408.82,2002.03,1.4095,5.1991,Fast,False,False,0.0,0.0
Climbing Gear,CLIMBING_GEAR_0225,Hardpack,Hardpack Team,0,646.8,46.64,36.58,20.0,1.2748,1.8291,Moderate,True,False,0.0,0.0
Climbing Gear,CLIMBING_GEAR_0226,Coastline,Coastline Tour,1,588.04,942.64,725.82,335.27,1.2987,2.1649,Moderate,False,False,0.0,0.0
Climbing Gear,CLIMBING_GEAR_0227,Hardpack,Hardpack Carbon,0,502.67,463.39,356.46,237.83,1.3,1.4988,Slow,True,False,0.0,0.0
Climbing Gear,CLIMBING_GEAR_0228,Coastline,Coastline Crest,2,334.17,1018.2,712.13,793.46,1.4298,0.8975,Slow,False,True,0.2509,0.5776
Climbing Gear,CLIMBING_GEAR_0229,Highmark,Highmark MAX,3,91.14,379.25,284.96,115.56,1.3309,2.466,Moderate,False,False,0.0,0.0
Climbing Gear,CLIMBING_GEAR_0230,Coastline,Coastline Signature,6,281.36,2447.21,1917.77,678.11,1.2761,2.8281,Moderate,False,False,0.0,0.0
Climbing Gear,CLIMBING_GEAR_0231,Opentrail,Opentrail LTD,7,83.32,698.81,594.24,318.04,1.176,1.8685,Moderate,False,False,0.0,0.0
Climbing Gear,CLIMBING_GEAR_0232,Opentrail,Opentrail Pro,6,482.09,4726.89,3366.75,933.08,1.404,3.6082,Fast,False,False,0.0,0.0
Packs & Luggage,PACKS_AND_LUGG_0001,Hardpack,Hardpack Summit,0,617.8,504.98,346.01,151.54,1.4594,2.2834,Moderate,True,False,0.0,0.0
Packs & Luggage,PACKS_AND_LUGG_0002,Hardpack,Hardpack Ascent,1,420.97,811.99,585.69,299.31,1.3864,1.9568,Moderate,False,False,0.0,0.0
Packs & Luggage,PACKS_AND_LUGG_0003,Hardpack,Hardpack Tour,2,24.87,93.74,71.88,35.32,1.3041,2.035,Moderate,False,False,0.0,0.0
Packs & Luggage,PACKS_AND_LUGG_0004,Coldrun,Coldrun Pro,3,648.6,2639.06,1957.45,771.32,1.3482,2.5378,Moderate,False,False,0.0,0.0
Packs & Luggage,PACKS_AND_LUGG_0005,Stonepath,Stonepath Comp,0,633.72,520.81,348.14,346.83,1.496,1.0038,Slow,True,False,0.0,0.0
Packs & Luggage,PACKS_AND_LUGG_0006,Stonepath,Stonepath Team,4,362.14,2358.4,1676.49,3536.04,1.4067,0.4741,Dead,False,True,0.261,0.582
Packs & Luggage,PACKS_AND_LUGG_0007,Rockline,Rockline X1,3,121.01,636.21,405.02,670.4,1.5708,0.6041,Slow,False,True,0.228,0.6566
Packs & Luggage,PACKS_AND_LUGG_0008,Hardpack,Hardpack X1,11,454.71,7017.28,5429.43,2787.83,1.2925,1.9475,Moderate,False,False,0.0,0.0
Packs & Luggage,PACKS_AND_LUGG_0009,Coldrun,Coldrun Team,1,521.22,1160.59,820.03,453.22,1.4153,1.8094,Moderate,False,True,0.2606,0.2726
Packs & Luggage,PACKS_AND_LUGG_0010,Hardpack,Hardpack Base,6,510.09,4133.09,3381.96,3286.19,1.2221,1.0291,Slow,False,True,0.1915,0.6624
Packs & Luggage,PACKS_AND_LUGG_0011,Coldrun,Coldrun Carbon,1,154.57,336.44,290.32,502.41,1.1588,0.5779,Slow,False,True,0.3877,0.6442
Packs & Luggage,PACKS_AND_LUGG_0012,Ridgecrest,Ridgecrest Ridge,0,316.77,213.45,146.83,148.76,1.4537,0.987,Slow,True,False,0.0,0.0
Packs & Luggage,PACKS_AND_LUGG_0013,Hardpack,Hardpack Ridge,0,387.33,33.26,22.17,20.0,1.5007,1.1083,Slow,True,False,0.0,0.0
Packs & Luggage,PACKS_AND_LUGG_0014,Hardpack,Hardpack LTD,24,154.15,5257.13,3774.5,2703.09,1.3928,1.3964,Slow,False,True,0.2402,0.667
Packs & Luggage,PACKS_AND_LUGG_0015,Hardpack,Hardpack Enduro,8,305.92,3905.06,2482.21,1626.65,1.5732,1.526,Moderate,False,False,0.0,0.0
Packs & Luggage,PACKS_AND_LUGG_0016,Hardpack,Hardpack Comp,46,68.79,3539.32,3199.75,3076.09,1.1061,1.0402,Slow,False,True,0.2708,0.4499
Packs & Luggage,PACKS_AND_LUGG_0017,Ridgecrest,Ridgecrest Elite,0,558.06,123.25,89.78,65.07,1.3728,1.3797,Slow,True,False,0.0,0.0
Packs & Luggage,PACKS_AND_LUGG_0018,Hardpack,Hardpack Pro,0,461.81,94.36,67.44,20.0,1.3993,3.3719,Fast,True,False,0.0,0.0
Packs & Luggage,PACKS_AND_LUGG_0019,Rockline,Rockline Trail,2,83.51,259.04,196.25,118.34,1.3199,1.6583,Moderate,False,True,0.1938,0.5558
Packs & Luggage,PACKS_AND_LUGG_0020,Rockline,Rockline Origin,0,114.41,36.36,27.92,26.77,1.3023,1.0429,Slow,True,False,0.0,0.0
Packs & Luggage,PACKS_AND_LUGG_0021,Rockline,Rockline Pro,9,131.97,1760.4,1205.39,634.1,1.4604,1.9009,Moderate,False,False,0.0,0.0
Packs & Luggage,PACKS_AND_LUGG_0022,Ridgecrest,Ridgecrest MAX,1,620.59,1643.32,1221.3,1122.32,1.3456,1.0882,Slow,False,True,0.3172,0.4605
Packs & Luggage,PACKS_AND_LUGG_0023,Ridgecrest,Ridgecrest Summit,33,70.45,2973.61,2380.98,897.52,1.2489,2.6528,Moderate,False,False,0.0,0.0
Packs & Luggage,PACKS_AND_LUGG_0024,Ridgecrest,Ridgecrest X1,4,144.16,797.36,614.45,356.0,1.2977,1.726,Moderate,False,True,0.1912,0.502
Packs & Luggage,PACKS_AND_LUGG_0025,Stonepath,Stonepath MAX,11,609.95,9798.07,7229.88,3960.18,1.3552,1.8256,Moderate,False,False,0.0,0.0
Packs & Luggage,PACKS_AND_LUGG_0026,Hardpack,Hardpack Sport,15,179.81,4160.57,2715.55,2568.26,1.5321,1.0573,Slow,False,True,0.3429,0.343
Packs & Luggage,PACKS_AND_LUGG_0027,Stonepath,Stonepath Origin,4,283.84,1827.6,1294.58,1206.77,1.4117,1.0728,Slow,False,True,0.3402,0.7105
Packs & Luggage,PACKS_AND_LUGG_0028,Stonepath,Stonepath Summit,1,175.61,367.94,264.98,120.86,1.3885,2.1925,Moderate,False,False,0.0,0.0
Packs & Luggage,PACKS_AND_LUGG_0029,Rockline,Rockline Series II,0,194.07,74.01,72.09,61.42,1.0266,1.1738,Slow,True,True,0.2146,0.5921
Packs & Luggage,PACKS_AND_LUGG_0030,Stonepath,Stonepath Apex,0,226.11,201.18,143.9,80.54,1.3981,1.7866,Moderate,True,True,0.2634,0.4476
Packs & Luggage,PACKS_AND_LUGG_0031,Coldrun,Coldrun Venture,1,512.85,1495.51,875.18,449.6,1.7088,1.9466,Moderate,False,False,0.0,0.0
Packs & Luggage,PACKS_AND_LUGG_0032,Hardpack,Hardpack Ridge,1,284.93,525.51,439.3,90.12,1.1963,4.8743,Fast,False,False,0.0,0.0
Packs & Luggage,PACKS_AND_LUGG_0033,Hardpack,Hardpack Series II,1,598.95,1222.99,851.18,230.46,1.4368,3.6934,Fast,False,False,0.0,0.0
Packs & Luggage,PACKS_AND_LUGG_0034,Stonepath,Stonepath Carbon,6,590.03,5067.52,3687.61,2029.36,1.3742,1.8171,Moderate,False,False,0.0,0.0
Packs & Luggage,PACKS_AND_LUGG_0035,Ridgecrest,Ridgecrest Xpedition,29,97.94,4568.96,2866.51,1971.23,1.5939,1.4542,Slow,False,False,0.0,0.0
Packs & Luggage,PACKS_AND_LUGG_0036,Hardpack,Hardpack LTD,15,319.38,7149.39,4981.88,4493.78,1.4351,1.1086,Slow,False,True,0.3128,0.59
Packs & Luggage,PACKS_AND_LUGG_0037,Coldrun,Coldrun Venture,3,611.89,3575.51,2445.47,1217.5,1.4621,2.0086,Moderate,False,False,0.0,0.0
Packs & Luggage,PACKS_AND_LUGG_0038,Rockline,Rockline Team,1,483.71,740.12,560.16,346.77,1.3213,1.6153,Moderate,False,False,0.0,0.0
Packs & Luggage,PACKS_AND_LUGG_0039,Coldrun,Coldrun Crest,3,79.51,310.78,266.32,92.67,1.1669,2.8739,Moderate,False,False,0.0,0.0
Packs & Luggage,PACKS_AND_LUGG_0040,Coldrun,Coldrun Pro,0,327.51,62.44,47.54,20.0,1.3136,2.3768,Moderate,True,False,0.0,0.0
Packs & Luggage,PACKS_AND_LUGG_0041,Rockline,Rockline Team,10,280.47,4154.68,2913.4,3420.23,1.4261,0.8518,Slow,False,False,0.0,0.0
Packs & Luggage,PACKS_AND_LUGG_0042,Coldrun,Coldrun Base,0,287.95,87.58,60.2,26.64,1.4549,2.2597,Moderate,True,False,0.0,0.0
Packs & Luggage,PACKS_AND_LUGG_0043,Coldrun,Coldrun Trail,0,187.19,239.14,161.91,375.19,1.477,0.4315,Dead,True,True,0.2311,0.5681
Packs & Luggage,PACKS_AND_LUGG_0044,Rockline,Rockline Origin,19,223.57,4998.94,4275.4,1533.06,1.1692,2.7888,Moderate,False,False,0.0,0.0
Packs & Luggage,PACKS_AND_LUGG_0045,Stonepath,Stonepath Crest,13,60.87,1218.57,803.8,770.82,1.516,1.0428,Slow,False,False,0.0,0.0
Packs & Luggage,PACKS_AND_LUGG_0046,Ridgecrest,Ridgecrest Series II,4,601.72,3695.97,2739.15,1743.74,1.3493,1.5709,Moderate,False,True,0.1931,0.4234
Packs & Luggage,PACKS_AND_LUGG_0047,Stonepath,Stonepath LTD,16,165.36,3915.42,2719.54,752.89,1.4397,3.6121,Fast,False,False,0.0,0.0
Packs & Luggage,PACKS_AND_LUGG_0048,Coldrun,Coldrun Ascent,28,108.26,3843.05,3039.85,1109.4,1.2642,2.7401,Moderate,False,False,0.0,0.0
Packs & Luggage,PACKS_AND_LUGG_0049,Stonepath,Stonepath Signature,34,110.17,5054.43,3844.1,5165.81,1.3149,0.7441,Slow,False,True,0.3598,0.6309
Packs & Luggage,PACKS_AND_LUGG_0050,Ridgecrest,Ridgecrest Origin,0,527.91,105.98,75.87,29.48,1.3968,2.5736,Moderate,True,False,0.0,0.0
Packs & Luggage,PACKS_AND_LUGG_0051,Ridgecrest,Ridgecrest Trail,24,356.79,11254.37,8818.54,4343.99,1.2762,2.0301,Moderate,False,False,0.0,0.0
Packs & Luggage,PACKS_AND_LUGG_0052,Ridgecrest,Ridgecrest Crest,0,541.64,289.96,211.54,215.33,1.3707,0.9824,Slow,True,True,0.2473,0.6803
Packs & Luggage,PACKS_AND_LUGG_0053,Ridgecrest,Ridgecrest Comp,9,432.9,4442.1,4188.77,2095.13,1.0605,1.9993,Moderate,False,False,0.0,0.0
Packs & Luggage,PACKS_AND_LUGG_0054,Coldrun,Coldrun Base,0,481.32,513.95,365.67,182.74,1.4055,2.001,Moderate,True,False,0.0,0.0
Packs & Luggage,PACKS_AND_LUGG_0055,Rockline,Rockline Comp,127,33.89,5386.83,4309.95,2737.84,1.2499,1.5742,Moderate,False,False,0.0,0.0
Packs & Luggage,PACKS_AND_LUGG_0056,Stonepath,Stonepath Sport,5,428.18,2975.89,2328.01,920.38,1.2783,2.5294,Moderate,False,False,0.0,0.0
Packs & Luggage,PACKS_AND_LUGG_0057,Rockline,Rockline Sport,13,511.36,8105.73,6936.05,1573.6,1.1686,4.4078,Fast,False,False,0.0,0.0
Packs & Luggage,PACKS_AND_LUGG_0058,Coldrun,Coldrun Lite,0,469.94,69.07,58.15,70.66,1.1878,0.8229,Slow,True,False,0.0,0.0
Packs & Luggage,PACKS_AND_LUGG_0059,Hardpack,Hardpack LTD,0,551.3,21.29,17.04,20.0,1.2491,0.8522,Slow,True,True,0.3966,0.4573
Packs & Luggage,PACKS_AND_LUGG_0060,Coldrun,Coldrun Series II,40,100.66,6001.96,4068.21,4400.43,1.4753,0.9245,Slow,False,True,0.2504,0.463
Packs & Luggage,PACKS_AND_LUGG_0061,Stonepath,Stonepath Venture,0,259.12,255.23,174.5,20.0,1.4626,8.7251,Fast,True,False,0.0,0.0
Packs & Luggage,PACKS_AND_LUGG_0062,Rockline,Rockline Enduro,12,472.69,8526.54,5753.78,2076.45,1.4819,2.771,Moderate,False,False,0.0,0.0
Packs & Luggage,PACKS_AND_LUGG_0063,Rockline,Rockline Base,4,399.01,2589.73,1818.08,640.46,1.4244,2.8387,Moderate,False,False,0.0,0.0
Packs & Luggage,PACKS_AND_LUGG_0064,Rockline,Rockline Foundation,7,35.86,386.4,256.52,155.24,1.5063,1.6524,Moderate,False,False,0.0,0.0
Packs & Luggage,PACKS_AND_LUGG_0065,Coldrun,Coldrun Elite,0,314.47,205.08,143.72,50.47,1.4269,2.8476,Moderate,True,False,0.0,0.0
Packs & Luggage,PACKS_AND_LUGG_0066,Rockline,Rockline Sport,0,336.91,121.73,99.83,116.28,1.2194,0.8585,Slow,True,True,0.2367,0.5994
Packs & Luggage,PACKS_AND_LUGG_0067,Hardpack,Hardpack Venture,0,431.27,156.28,111.29,87.45,1.4042,1.2727,Slow,True,True,0.147,0.4991
Packs & Luggage,PACKS_AND_LUGG_0068,Hardpack,Hardpack Carbon,0,371.01,354.71,229.8,123.43,1.5436,1.8618,Moderate,True,False,0.0,0.0
Packs & Luggage,PACKS_AND_LUGG_0069,Ridgecrest,Ridgecrest Origin,1,110.74,129.0,111.26,82.27,1.1594,1.3524,Slow,False,False,0.0,0.0
Packs & Luggage,PACKS_AND_LUGG_0070,Stonepath,Stonepath Carbon,2,617.55,1790.93,1432.43,583.29,1.2503,2.4558,Moderate,False,False,0.0,0.0
Packs & Luggage,PACKS_AND_LUGG_0071,Rockline,Rockline Crest,11,185.84,3178.68,2175.25,1375.86,1.4613,1.581,Moderate,False,True,0.1282,0.626
Packs & Luggage,PACKS_AND_LUGG_0072,Coldrun,Coldrun Enduro,133,139.51,24960.91,18639.06,6493.22,1.3392,2.8705,Moderate,False,False,0.0,0.0
Packs & Luggage,PACKS_AND_LUGG_0073,Coldrun,Coldrun Elite,0,547.93,791.28,546.23,261.11,1.4486,2.0919,Moderate,True,False,0.0,0.0
Packs & Luggage,PACKS_AND_LUGG_0074,Hardpack,Hardpack LTD,3,254.19,1065.03,764.04,154.96,1.3939,4.9304,Fast,False,False,0.0,0.0
Packs & Luggage,PACKS_AND_LUGG_0075,Stonepath,Stonepath Elite,43,98.61,6255.67,4298.03,2146.43,1.4555,2.0024,Moderate,False,False,0.0,0.0
Packs & Luggage,PACKS_AND_LUGG_0076,Coldrun,Coldrun Tour,1,376.12,666.27,653.2,367.91,1.02,1.7754,Moderate,False,False,0.0,0.0
Packs & Luggage,PACKS_AND_LUGG_0077,Rockline,Rockline Origin,4,356.35,2100.31,1579.74,1699.7,1.3295,0.9294,Slow,False,True,0.2309,0.5945
Packs & Luggage,PACKS_AND_LUGG_0078,Coldrun,Coldrun Ridge,31,110.12,5405.15,3490.82,1197.04,1.5484,2.9162,Moderate,False,False,0.0,0.0
Packs & Luggage,PACKS_AND_LUGG_0079,Hardpack,Hardpack Origin,59,66.88,5758.81,3988.17,2083.4,1.444,1.9143,Moderate,False,False,0.0,0.0
Packs & Luggage,PACKS_AND_LUGG_0080,Stonepath,Stonepath Foundation,1,170.37,424.32,305.25,89.32,1.3901,3.4174,Fast,False,False,0.0,0.0
Packs & Luggage,PACKS_AND_LUGG_0081,Stonepath,Stonepath Apex,2,448.58,1612.51,1136.92,604.3,1.4183,1.8814,Moderate,False,True,0.227,0.4562
Packs & Luggage,PACKS_AND_LUGG_0082,Stonepath,Stonepath Base,2,247.11,745.03,516.85,333.25,1.4415,1.5509,Moderate,False,False,0.0,0.0
Packs & Luggage,PACKS_AND_LUGG_0083,Hardpack,Hardpack Venture,18,216.15,5413.25,4008.31,1328.74,1.3505,3.0166,Fast,False,False,0.0,0.0
Packs & Luggage,PACKS_AND_LUGG_0084,Rockline,Rockline Summit,18,598.83,19259.2,11106.68,4712.42,1.734,2.3569,Moderate,False,False,0.0,0.0
Packs & Luggage,PACKS_AND_LUGG_0085,Stonepath,Stonepath Lite,1,304.26,727.22,545.96,137.91,1.332,3.9588,Fast,False,False,0.0,0.0
Packs & Luggage,PACKS_AND_LUGG_0086,Rockline,Rockline Enduro,5,412.89,2482.84,2344.93,1434.05,1.0588,1.6352,Moderate,False,False,0.0,0.0
Packs & Luggage,PACKS_AND_LUGG_0087,Rockline,Rockline Tour,14,239.21,4582.25,3400.97,3052.89,1.3473,1.114,Slow,False,True,0.1719,0.5756
Packs & Luggage,PACKS_AND_LUGG_0088,Rockline,Rockline Origin,1,501.54,1324.07,941.23,637.84,1.4067,1.4757,Slow,False,False,0.0,0.0
Packs & Luggage,PACKS_AND_LUGG_0089,Ridgecrest,Ridgecrest Lite,6,198.61,1738.34,1246.2,625.63,1.3949,1.9919,Moderate,False,False,0.0,0.0
Packs & Luggage,PACKS_AND_LUGG_0090,Hardpack,Hardpack Origin,0,336.41,113.2,74.82,51.05,1.5129,1.4655,Slow,True,False,0.0,0.0
Packs & Luggage,PACKS_AND_LUGG_0091,Hardpack,Hardpack Tour,1,602.07,1279.67,964.44,478.29,1.3269,2.0164,Moderate,False,False,0.0,0.0
Packs & Luggage,PACKS_AND_LUGG_0092,Stonepath,Stonepath Carbon,0,419.12,200.47,122.44,183.81,1.6373,0.6661,Slow,True,True,0.3712,0.6581
Packs & Luggage,PACKS_AND_LUGG_0093,Rockline,Rockline Foundation,1,487.17,1062.87,640.24,249.93,1.6601,2.5616,Moderate,False,False,0.0,0.0
Packs & Luggage,PACKS_AND_LUGG_0094,Stonepath,Stonepath Tour,4,500.39,2657.03,2132.44,1528.39,1.246,1.3952,Slow,False,True,0.2128,0.4609
Packs & Luggage,PACKS_AND_LUGG_0095,Ridgecrest,Ridgecrest Apex,0,318.31,144.45,107.22,38.37,1.3472,2.7941,Moderate,True,False,0.0,0.0
Packs & Luggage,PACKS_AND_LUGG_0096,Coldrun,Coldrun Team,0,263.76,101.8,79.85,42.49,1.2749,1.8792,Moderate,True,True,0.1338,0.4019
Packs & Luggage,PACKS_AND_LUGG_0097,Ridgecrest,Ridgecrest Traverse,16,274.95,6003.07,4461.57,1770.56,1.3455,2.5199,Moderate,False,False,0.0,0.0
Packs & Luggage,PACKS_AND_LUGG_0098,Coldrun,Coldrun Enduro,1,518.46,1469.96,916.07,589.95,1.6046,1.5528,Moderate,False,False,0.0,0.0
Packs & Luggage,PACKS_AND_LUGG_0099,Hardpack,Hardpack Signature,1,53.43,128.96,75.19,49.45,1.7152,1.5205,Moderate,False,False,0.0,0.0
Packs & Luggage,PACKS_AND_LUGG_0100,Coldrun,Coldrun Elite,6,551.59,4806.07,3817.85,2455.58,1.2588,1.5548,Moderate,False,True,0.2538,0.4224
Packs & Luggage,PACKS_AND_LUGG_0101,Hardpack,Hardpack Signature,1,154.83,201.87,156.08,97.46,1.2933,1.6016,Moderate,False,True,0.154,0.4384
Packs & Luggage,PACKS_AND_LUGG_0102,Ridgecrest,Ridgecrest Crest,12,414.69,7536.94,5225.2,3618.0,1.4424,1.4442,Slow,False,True,0.139,0.5551
Packs & Luggage,PACKS_AND_LUGG_0103,Rockline,Rockline Series II,2,257.86,670.87,533.66,172.11,1.2571,3.1007,Fast,False,False,0.0,0.0
Packs & Luggage,PACKS_AND_LUGG_0104,Ridgecrest,Ridgecrest MAX,18,261.72,6310.3,4880.59,5756.69,1.2929,0.8478,Slow,False,True,0.258,0.3625
Packs & Luggage,PACKS_AND_LUGG_0105,Hardpack,Hardpack X1,57,286.9,24350.46,16389.04,4987.61,1.4858,3.2859,Fast,False,False,0.0,0.0
Packs & Luggage,PACKS_AND_LUGG_0106,Coldrun,Coldrun Series II,1,641.69,1470.78,905.84,819.01,1.6237,1.106,Slow,False,True,0.4143,0.4529
Packs & Luggage,PACKS_AND_LUGG_0107,Hardpack,Hardpack Summit,9,146.99,1858.37,1379.56,1163.27,1.3471,1.1859,Slow,False,False,0.0,0.0
Packs & Luggage,PACKS_AND_LUGG_0108,Coldrun,Coldrun X1,51,86.24,6870.36,4429.62,4173.78,1.551,1.0613,Slow,False,True,0.1496,0.4133
Packs & Luggage,PACKS_AND_LUGG_0109,Ridgecrest,Ridgecrest Comp,1,239.89,637.13,458.43,169.86,1.3898,2.6988,Moderate,False,False,0.0,0.0
Packs & Luggage,PACKS_AND_LUGG_0110,Hardpack,Hardpack Base,0,606.57,459.01,355.08,199.32,1.2927,1.7815,Moderate,True,False,0.0,0.0
Packs & Luggage,PACKS_AND_LUGG_0111,Hardpack,Hardpack Sport,0,313.92,142.63,92.46,141.45,1.5427,0.6537,Slow,True,True,0.2482,0.7475
Packs & Luggage,PACKS_AND_LUGG_0112,Stonepath,Stonepath Venture,0,636.04,22.54,14.33,20.0,1.5726,0.7167,Slow,True,True,0.2675,0.4758
Packs & Luggage,PACKS_AND_LUGG_0113,Stonepath,Stonepath Base,1,171.86,355.69,267.98,139.73,1.3273,1.9178,Moderate,False,True,0.2416,0.4054
Packs & Luggage,PACKS_AND_LUGG_0114,Stonepath,Stonepath Foundation,9,391.73,4676.36,3629.33,3485.31,1.2885,1.0413,Slow,False,False,0.0,0.0
Packs & Luggage,PACKS_AND_LUGG_0115,Hardpack,Hardpack MAX,0,540.9,597.42,421.69,227.88,1.4167,1.8505,Moderate,True,True,0.204,0.382
Packs & Luggage,PACKS_AND_LUGG_0116,Hardpack,Hardpack Base,44,28.4,2132.29,1249.94,530.65,1.7059,2.3555,Moderate,False,False,0.0,0.0
Packs & Luggage,PACKS_AND_LUGG_0117,Stonepath,Stonepath Signature,0,646.02,910.51,541.4,339.08,1.6818,1.5967,Moderate,True,False,0.0,0.0
Packs & Luggage,PACKS_AND_LUGG_0118,Rockline,Rockline X1,1,325.22,784.49,568.3,447.7,1.3804,1.2694,Slow,False,False,0.0,0.0
Packs & Luggage,PACKS_AND_LUGG_0119,Rockline,Rockline MAX,3,541.33,3332.78,1901.72,1010.93,1.7525,1.8811,Moderate,False,False,0.0,0.0
Packs & Luggage,PACKS_AND_LUGG_0120,Rockline,Rockline Summit,32,264.56,11637.14,8503.56,1985.72,1.3685,4.2824,Fast,False,False,0.0,0.0
Packs & Luggage,PACKS_AND_LUGG_0121,Stonepath,Stonepath Elite,3,259.15,1281.42,883.33,779.55,1.4507,1.1331,Slow,False,True,0.2773,0.4752
Packs & Luggage,PACKS_AND_LUGG_0122,Stonepath,Stonepath Crest,0,560.29,26.6,14.51,20.0,1.834,0.7253,Slow,True,True,0.2463,0.5663
Packs & Luggage,PACKS_AND_LUGG_0123,Coldrun,Coldrun Series II,6,58.78,469.96,363.83,437.21,1.2917,0.8322,Slow,False,True,0.2208,0.5214
Packs & Luggage,PACKS_AND_LUGG_0124,Stonepath,Stonepath Origin,13,134.59,2538.1,1823.43,1417.17,1.3919,1.2867,Slow,False,False,0.0,0.0
Packs & Luggage,PACKS_AND_LUGG_0125,Stonepath,Stonepath Series II,11,143.45,2071.13,1596.43,1302.59,1.2974,1.2256,Slow,False,False,0.0,0.0
Packs & Luggage,PACKS_AND_LUGG_0126,Hardpack,Hardpack Ridge,37,431.34,19020.49,16215.84,5574.71,1.173,2.9088,Moderate,False,False,0.0,0.0
Packs & Luggage,PACKS_AND_LUGG_0127,Stonepath,Stonepath Lite,3,606.2,3233.69,1987.6,1294.65,1.6269,1.5352,Moderate,False,True,0.2669,0.3961
Snow Outerwear,SNOW_OUTERWEAR_0001,Firncrest,Firncrest Team,3,199.65,1391.51,653.18,460.94,2.1304,1.417,Slow,False,False,0.0,0.0
Snow Outerwear,SNOW_OUTERWEAR_0002,Deepfreeze,Deepfreeze Xpedition,4,283.65,2628.54,1358.02,1133.81,1.9356,1.1978,Slow,False,True,0.2683,0.5313
Snow Outerwear,SNOW_OUTERWEAR_0003,Firncrest,Firncrest Series II,1,436.45,1460.75,702.61,292.28,2.079,2.4039,Moderate,False,False,0.0,0.0
Snow Outerwear,SNOW_OUTERWEAR_0004,Edgewood,Edgewood Xpedition,67,267.79,35271.33,18184.69,2772.7,1.9396,6.5585,Fast,False,False,0.0,0.0
Snow Outerwear,SNOW_OUTERWEAR_0005,Edgewood,Edgewood Enduro,1,292.38,1210.91,540.67,314.51,2.2396,1.7191,Moderate,False,False,0.0,0.0
Snow Outerwear,SNOW_OUTERWEAR_0006,Deepfreeze,Deepfreeze Tour,0,641.02,23.36,13.95,20.0,1.6748,0.6973,Slow,True,True,0.2943,0.4664
Snow Outerwear,SNOW_OUTERWEAR_0007,Ironpass,Ironpass Team,50,112.37,11803.5,5618.97,1714.74,2.1007,3.2769,Fast,False,False,0.0,0.0
Snow Outerwear,SNOW_OUTERWEAR_0008,Pinnacle,Pinnacle Origin,0,420.91,354.0,202.15,168.34,1.7512,1.2008,Slow,True,True,0.2596,0.4658
Snow Outerwear,SNOW_OUTERWEAR_0009,Deepfreeze,Deepfreeze Trail,0,218.17,348.18,171.9,81.23,2.0254,2.1162,Moderate,True,False,0.0,0.0
Snow Outerwear,SNOW_OUTERWEAR_0010,Edgewood,Edgewood MAX,12,31.97,631.46,400.34,388.18,1.5773,1.0313,Slow,False,True,0.2836,0.424
Snow Outerwear,SNOW_OUTERWEAR_0011,Ironpass,Ironpass MAX,12,455.8,8696.48,5783.33,1926.71,1.5037,3.0017,Fast,False,False,0.0,0.0
Snow Outerwear,SNOW_OUTERWEAR_0012,Firncrest,Firncrest Venture,0,547.8,162.35,94.73,44.92,1.7138,2.109,Moderate,True,False,0.0,0.0
Snow Outerwear,SNOW_OUTERWEAR_0013,Deepfreeze,Deepfreeze Pro,1,210.17,410.68,222.4,442.93,1.8465,0.5021,Slow,False,True,0.3321,0.5567
Snow Outerwear,SNOW_OUTERWEAR_0014,Firncrest,Firncrest Base,9,23.71,411.12,233.69,121.52,1.7593,1.9231,Moderate,False,False,0.0,0.0
Snow Outerwear,SNOW_OUTERWEAR_0015,Edgewood,Edgewood Origin,1,484.41,762.46,535.8,382.75,1.423,1.3999,Slow,False,False,0.0,0.0
Snow Outerwear,SNOW_OUTERWEAR_0016,Ironpass,Ironpass Origin,0,89.55,144.58,83.33,66.91,1.7351,1.2454,Slow,True,False,0.0,0.0
Snow Outerwear,SNOW_OUTERWEAR_0017,Firncrest,Firncrest Elite,3,93.14,589.3,306.13,642.75,1.925,0.4763,Dead,False,True,0.383,0.592
Snow Outerwear,SNOW_OUTERWEAR_0018,Pinnacle,Pinnacle Lite,0,187.91,121.69,105.59,81.74,1.1524,1.2917,Slow,True,True,0.2774,0.4478
Snow Outerwear,SNOW_OUTERWEAR_0019,Edgewood,Edgewood Base,0,562.71,103.68,61.01,20.0,1.6995,3.0503,Fast,True,False,0.0,0.0
Snow Outerwear,SNOW_OUTERWEAR_0020,Firncrest,Firncrest LTD,3,117.38,689.93,444.53,165.29,1.552,2.6894,Moderate,False,False,0.0,0.0
Snow Outerwear,SNOW_OUTERWEAR_0021,Firncrest,Firncrest MAX,0,593.18,442.74,252.31,80.41,1.7547,3.1378,Fast,True,False,0.0,0.0
Snow Outerwear,SNOW_OUTERWEAR_0022,Pinnacle,Pinnacle Series II,1,349.71,914.44,536.43,265.43,1.7047,2.021,Moderate,False,False,0.0,0.0
Snow Outerwear,SNOW_OUTERWEAR_0023,Deepfreeze,Deepfreeze Apex,14,223.14,5116.9,3180.98,2164.47,1.6086,1.4696,Slow,False,False,0.0,0.0
Snow Outerwear,SNOW_OUTERWEAR_0024,Ironpass,Ironpass Enduro,0,336.28,187.21,115.84,20.0,1.6161,5.792,Fast,True,False,0.0,0.0
Snow Outerwear,SNOW_OUTERWEAR_0025,Ironpass,Ironpass Foundation,6,115.17,1176.79,743.68,504.55,1.5824,1.4739,Slow,False,False,0.0,0.0
Snow Outerwear,SNOW_OUTERWEAR_0026,Firncrest,Firncrest Foundation,3,125.89,971.98,491.99,311.77,1.9756,1.5781,Moderate,False,False,0.0,0.0
Snow Outerwear,SNOW_OUTERWEAR_0027,Firncrest,Firncrest Signature,3,371.33,2582.67,1466.23,285.61,1.7614,5.1337,Fast,False,False,0.0,0.0
Snow Outerwear,SNOW_OUTERWEAR_0028,Edgewood,Edgewood Elite,12,52.11,1109.0,654.67,510.12,1.694,1.2834,Slow,False,False,0.0,0.0
Snow Outerwear,SNOW_OUTERWEAR_0029,Pinnacle,Pinnacle Traverse,4,248.7,1983.24,1062.24,1083.59,1.867,0.9803,Slow,False,False,0.0,0.0
Snow Outerwear,SNOW_OUTERWEAR_0030,Deepfreeze,Deepfreeze Series II,1,649.82,1271.07,930.43,1723.02,1.3661,0.54,Slow,False,True,0.2651,0.7005
Snow Outerwear,SNOW_OUTERWEAR_0031,Ironpass,Ironpass Foundation,10,338.43,6202.56,3588.07,3449.67,1.7287,1.0401,Slow,False,True,0.3829,0.5021
Snow Outerwear,SNOW_OUTERWEAR_0032,Edgewood,Edgewood Pro,1,463.83,1665.03,912.05,683.3,1.8256,1.3348,Slow,False,False,0.0,0.0
Snow Outerwear,SNOW_OUTERWEAR_0033,Deepfreeze,Deepfreeze Apex,5,319.69,3341.61,1804.4,547.12,1.8519,3.298,Fast,False,False,0.0,0.0
Snow Outerwear,SNOW_OUTERWEAR_0034,Firncrest,Firncrest X1,5,455.74,4712.83,2417.92,809.76,1.9491,2.986,Moderate,False,False,0.0,0.0
Snow Outerwear,SNOW_OUTERWEAR_0035,Deepfreeze,Deepfreeze Venture,1,148.81,314.34,235.76,609.73,1.3333,0.3867,Dead,False,True,0.3605,0.4739
Snow Outerwear,SNOW_OUTERWEAR_0036,Pinnacle,Pinnacle Crest,1,590.13,1950.7,970.91,754.27,2.0091,1.2872,Slow,False,False,0.0,0.0
Snow Outerwear,SNOW_OUTERWEAR_0037,Ironpass,Ironpass Ascent,0,415.59,438.94,228.13,77.91,1.9241,2.9283,Moderate,True,False,0.0,0.0
Snow Outerwear,SNOW_OUTERWEAR_0038,Firncrest,Firncrest Carbon,1,605.66,1121.03,626.75,373.13,1.7886,1.6797,Moderate,False,True,0.2176,0.362
Snow Outerwear,SNOW_OUTERWEAR_0039,Edgewood,Edgewood Apex,10,458.25,8860.81,4714.57,868.53,1.8795,5.4282,Fast,False,False,0.0,0.0
Snow Outerwear,SNOW_OUTERWEAR_0040,Firncrest,Firncrest Comp,40,33.26,2369.81,1343.24,1190.85,1.7643,1.128,Slow,False,True,0.2354,0.439
Snow Outerwear,SNOW_OUTERWEAR_0041,Firncrest,Firncrest LTD,0,592.38,155.95,114.94,34.59,1.3568,3.3227,Fast,True,False,0.0,0.0
Snow Outerwear,SNOW_OUTERWEAR_0042,Edgewood,Edgewood LTD,0,635.57,110.81,57.06,46.15,1.9418,1.2365,Slow,True,True,0.1869,0.3187
Snow Outerwear,SNOW_OUTERWEAR_0043,Edgewood,Edgewood Enduro,13,18.44,348.7,246.12,181.58,1.4168,1.3554,Slow,False,False,0.0,0.0
Snow Outerwear,SNOW_OUTERWEAR_0044,Firncrest,Firncrest Enduro,21,191.7,8110.17,4128.13,2295.36,1.9646,1.7985,Moderate,False,False,0.0,0.0
Snow Outerwear,SNOW_OUTERWEAR_0045,Edgewood,Edgewood Elite,12,467.42,8359.63,5693.74,1258.08,1.4682,4.5257,Fast,False,False,0.0,0.0
Snow Outerwear,SNOW_OUTERWEAR_0046,Edgewood,Edgewood Ascent,1,569.3,1391.5,623.46,303.94,2.2319,2.0513,Moderate,False,False,0.0,0.0
Snow Outerwear,SNOW_OUTERWEAR_0047,Edgewood,Edgewood Traverse,5,301.14,2991.91,1780.61,986.1,1.6803,1.8057,Moderate,False,False,0.0,0.0
Snow Outerwear,SNOW_OUTERWEAR_0048,Firncrest,Firncrest Trail,3,256.74,1446.96,862.82,385.08,1.677,2.2406,Moderate,False,False,0.0,0.0
Snow Outerwear,SNOW_OUTERWEAR_0049,Firncrest,Firncrest Signature,0,175.92,94.33,61.25,20.0,1.5401,3.0626,Fast,True,False,0.0,0.0
Snow Outerwear,SNOW_OUTERWEAR_0050,Edgewood,Edgewood Traverse,0,347.67,194.28,147.59,113.73,1.3164,1.2977,Slow,True,False,0.0,0.0
Snow Outerwear,SNOW_OUTERWEAR_0051,Edgewood,Edgewood Team,0,454.39,262.72,153.95,91.88,1.7065,1.6756,Moderate,True,False,0.0,0.0
Snow Outerwear,SNOW_OUTERWEAR_0052,Pinnacle,Pinnacle Xpedition,0,594.38,1122.2,550.25,742.23,2.0394,0.7413,Slow,True,True,0.4119,0.4901
Snow Outerwear,SNOW_OUTERWEAR_0053,Deepfreeze,Deepfreeze Sport,1,563.33,2093.68,1066.15,330.55,1.9638,3.2254,Fast,False,False,0.0,0.0
Snow Outerwear,SNOW_OUTERWEAR_0054,Deepfreeze,Deepfreeze MAX,3,289.87,1536.68,999.64,184.1,1.5372,5.4298,Fast,False,False,0.0,0.0
Snow Outerwear,SNOW_OUTERWEAR_0055,Edgewood,Edgewood Venture,11,543.62,9643.88,6357.73,2483.16,1.5169,2.5603,Moderate,False,False,0.0,0.0
Snow Outerwear,SNOW_OUTERWEAR_0056,Edgewood,Edgewood LTD,10,95.72,1781.05,1038.72,705.35,1.7146,1.4726,Slow,False,True,0.2413,0.586
Snow Outerwear,SNOW_OUTERWEAR_0057,Ironpass,Ironpass Series II,0,396.18,470.66,346.1,193.4,1.3599,1.7895,Moderate,True,False,0.0,0.0
Snow Outerwear,SNOW_OUTERWEAR_0058,Pinnacle,Pinnacle Signature,21,472.59,14520.17,10223.84,5311.23,1.4202,1.9249,Moderate,False,False,0.0,0.0
Snow Outerwear,SNOW_OUTERWEAR_0059,Pinnacle,Pinnacle Trail,11,267.61,5882.88,3127.27,2673.9,1.8812,1.1696,Slow,False,True,0.3654,0.4682
Snow Outerwear,SNOW_OUTERWEAR_0060,Deepfreeze,Deepfreeze MAX,2,464.78,2114.52,1232.28,576.15,1.7159,2.1388,Moderate,False,False,0.0,0.0
Snow Outerwear,SNOW_OUTERWEAR_0061,Deepfreeze,Deepfreeze Trail,23,137.13,6376.87,3157.14,809.46,2.0198,3.9003,Fast,False,False,0.0,0.0
Snow Outerwear,SNOW_OUTERWEAR_0062,Ironpass,Ironpass Tour,0,37.62,47.46,26.0,20.0,1.8256,1.2999,Slow,True,True,0.2813,0.5244
Snow Outerwear,SNOW_OUTERWEAR_0063,Deepfreeze,Deepfreeze Venture,2,170.74,1027.16,493.93,341.41,2.0796,1.4467,Slow,False,False,0.0,0.0
Snow Outerwear,SNOW_OUTERWEAR_0064,Firncrest,Firncrest Apex,3,503.89,3134.24,1594.87,467.42,1.9652,3.412,Fast,False,False,0.0,0.0
Snow Outerwear,SNOW_OUTERWEAR_0065,Firncrest,Firncrest LTD,14,295.57,8683.65,4378.04,812.19,1.9835,5.3904,Fast,False,False,0.0,0.0
Snow Outerwear,SNOW_OUTERWEAR_0066,Edgewood,Edgewood X1,3,560.63,2735.85,1761.77,706.1,1.5529,2.4951,Moderate,False,True,0.1094,0.3323
Snow Outerwear,SNOW_OUTERWEAR_0067,Edgewood,Edgewood Traverse,0,363.56,135.96,82.84,58.58,1.6411,1.4142,Slow,True,False,0.0,0.0
Snow Outerwear,SNOW_OUTERWEAR_0068,Deepfreeze,Deepfreeze Signature,0,587.89,726.89,549.84,589.2,1.322,0.9332,Slow,True,True,0.3154,0.5962
Snow Outerwear,SNOW_OUTERWEAR_0069,Firncrest,Firncrest Comp,0,322.03,146.44,61.97,20.0,2.3632,3.0983,Fast,True,False,0.0,0.0
Snow Outerwear,SNOW_OUTERWEAR_0070,Firncrest,Firncrest Signature,0,337.94,232.34,126.2,74.57,1.841,1.6925,Moderate,True,True,0.1997,0.3832
Snow Outerwear,SNOW_OUTERWEAR_0071,Firncrest,Firncrest Series II,3,595.5,3626.18,1886.23,1251.64,1.9224,1.507,Moderate,False,False,0.0,0.0
Snow Outerwear,SNOW_OUTERWEAR_0072,Deepfreeze,Deepfreeze Elite,3,592.88,4064.98,2044.75,1355.71,1.988,1.5083,Moderate,False,True,0.2477,0.5145
Snow Outerwear,SNOW_OUTERWEAR_0073,Firncrest,Firncrest Apex,5,616.56,6865.94,3146.65,824.37,2.182,3.817,Fast,False,False,0.0,0.0
Snow Outerwear,SNOW_OUTERWEAR_0074,Pinnacle,Pinnacle Team,1,82.5,234.74,118.66,20.0,1.9783,5.9331,Fast,False,False,0.0,0.0
Snow Outerwear,SNOW_OUTERWEAR_0075,Pinnacle,Pinnacle Traverse,0,509.41,359.73,235.8,144.55,1.5256,1.6313,Moderate,True,False,0.0,0.0
Snow Outerwear,SNOW_OUTERWEAR_0076,Deepfreeze,Deepfreeze LTD,13,161.66,3666.85,2253.19,372.07,1.6274,6.0559,Fast,False,False,0.0,0.0
Snow Outerwear,SNOW_OUTERWEAR_0077,Edgewood,Edgewood Enduro,7,69.14,1078.17,516.11,419.23,2.089,1.2311,Slow,False,False,0.0,0.0
Snow Outerwear,SNOW_OUTERWEAR_0078,Deepfreeze,Deepfreeze Trail,0,600.05,64.67,33.26,36.0,1.9442,0.924,Slow,True,True,0.2393,0.6138
Snow Outerwear,SNOW_OUTERWEAR_0079,Firncrest,Firncrest Enduro,1,518.57,1486.61,1026.01,975.12,1.4489,1.0522,Slow,False,False,0.0,0.0
Snow Outerwear,SNOW_OUTERWEAR_0080,Pinnacle,Pinnacle X1,0,138.21,141.12,80.9,37.45,1.7445,2.1598,Moderate,True,False,0.0,0.0
Snow Outerwear,SNOW_OUTERWEAR_0081,Firncrest,Firncrest LTD,0,596.73,113.35,63.08,20.0,1.797,3.1539,Fast,True,False,0.0,0.0
Snow Outerwear,SNOW_OUTERWEAR_0082,Firncrest,Firncrest X1,0,496.77,191.68,99.12,62.29,1.9339,1.5911,Moderate,True,False,0.0,0.0
Snow Outerwear,SNOW_OUTERWEAR_0083,Pinnacle,Pinnacle Sport,3,346.67,1954.72,1093.33,1720.05,1.7879,0.6356,Slow,False,True,0.3037,0.5049
Snow Outerwear,SNOW_OUTERWEAR_0084,Ironpass,Ironpass Tour,2,482.47,1911.22,1215.91,691.2,1.5718,1.7591,Moderate,False,True,0.2488,0.5864
Snow Outerwear,SNOW_OUTERWEAR_0085,Edgewood,Edgewood Comp,4,632.97,4520.96,2744.36,1138.7,1.6474,2.4101,Moderate,False,True,0.2289,0.4043
Snow Outerwear,SNOW_OUTERWEAR_0086,Firncrest,Firncrest LTD,6,520.86,6189.08,3184.4,1109.44,1.9436,2.8703,Moderate,False,False,0.0,0.0
Snow Outerwear,SNOW_OUTERWEAR_0087,Edgewood,Edgewood Tour,4,388.01,3481.5,1719.16,1527.88,2.0251,1.1252,Slow,False,False,0.0,0.0
Snow Outerwear,SNOW_OUTERWEAR_0088,Ironpass,Ironpass Origin,0,536.01,191.87,107.02,103.47,1.7929,1.0343,Slow,True,True,0.3076,0.3597
Snow Outerwear,SNOW_OUTERWEAR_0089,Ironpass,Ironpass Summit,1,302.15,1028.93,601.09,319.92,1.7118,1.8789,Moderate,False,False,0.0,0.0
Snow Outerwear,SNOW_OUTERWEAR_0090,Deepfreeze,Deepfreeze Elite,1,591.86,1712.36,981.06,183.28,1.7454,5.3529,Fast,False,False,0.0,0.0
Snow Outerwear,SNOW_OUTERWEAR_0091,Edgewood,Edgewood Enduro,3,550.07,3265.8,2185.49,270.2,1.4943,8.0885,Fast,False,False,0.0,0.0
Snow Outerwear,SNOW_OUTERWEAR_0092,Ironpass,Ironpass Tour,1,455.55,1313.6,826.47,299.97,1.5894,2.7552,Moderate,False,False,0.0,0.0
Snow Outerwear,SNOW_OUTERWEAR_0093,Pinnacle,Pinnacle Ascent,9,358.24,5915.54,3468.38,872.83,1.7056,3.9737,Fast,False,False,0.0,0.0
Snow Outerwear,SNOW_OUTERWEAR_0094,Firncrest,Firncrest Origin,0,273.02,44.76,31.17,20.0,1.4358,1.5587,Moderate,True,False,0.0,0.0
Snow Outerwear,SNOW_OUTERWEAR_0095,Firncrest,Firncrest Xpedition,0,288.55,85.79,50.79,20.0,1.6892,2.5393,Moderate,True,False,0.0,0.0
Snow Outerwear,SNOW_OUTERWEAR_0096,Pinnacle,Pinnacle LTD,119,117.05,23613.16,13973.47,3431.02,1.6899,4.0727,Fast,False,False,0.0,0.0
Snow Outerwear,SNOW_OUTERWEAR_0097,Ironpass,Ironpass MAX,0,576.32,118.57,84.2,97.61,1.4082,0.8626,Slow,True,True,0.1906,0.5643
Snow Outerwear,SNOW_OUTERWEAR_0098,Ironpass,Ironpass Signature,13,372.51,11070.09,5024.75,1450.69,2.2031,3.4637,Fast,False,False,0.0,0.0
Snow Outerwear,SNOW_OUTERWEAR_0099,Ironpass,Ironpass Trail,0,606.46,408.81,245.92,143.85,1.6624,1.7095,Moderate,True,False,0.0,0.0
Snow Outerwear,SNOW_OUTERWEAR_0100,Pinnacle,Pinnacle Venture,8,252.79,4181.38,2269.23,822.62,1.8426,2.7585,Moderate,False,False,0.0,0.0
Snow Outerwear,SNOW_OUTERWEAR_0101,Edgewood,Edgewood Crest,0,621.48,277.44,188.61,133.4,1.471,1.4138,Slow,True,True,0.0827,0.3842
Snow Outerwear,SNOW_OUTERWEAR_0102,Ironpass,Ironpass Ascent,2,453.8,1504.42,923.17,434.97,1.6296,2.1224,Moderate,False,False,0.0,0.0
Snow Outerwear,SNOW_OUTERWEAR_0103,Pinnacle,Pinnacle Series II,22,216.58,8222.84,4862.9,1325.72,1.6909,3.6681,Fast,False,False,0.0,0.0
Snow Outerwear,SNOW_OUTERWEAR_0104,Edgewood,Edgewood Venture,0,409.01,54.81,39.73,20.0,1.3796,1.9864,Moderate,True,True,0.1798,0.3145
Snow Outerwear,SNOW_OUTERWEAR_0105,Firncrest,Firncrest X1,0,234.13,121.98,65.13,50.3,1.8727,1.2949,Slow,True,True,0.1844,0.5468
Snow Outerwear,SNOW_OUTERWEAR_0106,Ironpass,Ironpass Apex,5,263.46,2380.71,1332.85,678.4,1.7862,1.9647,Moderate,False,True,0.185,0.5278
Snow Outerwear,SNOW_OUTERWEAR_0107,Deepfreeze,Deepfreeze Elite,0,380.2,369.7,215.14,113.58,1.7184,1.8942,Moderate,True,True,0.247,0.4731
Snow Outerwear,SNOW_OUTERWEAR_0108,Firncrest,Firncrest Team,2,305.36,1257.04,728.9,249.1,1.7246,2.9261,Moderate,False,False,0.0,0.0
Snow Outerwear,SNOW_OUTERWEAR_0109,Ironpass,Ironpass Origin,0,181.8,116.35,60.61,20.0,1.9196,3.0307,Fast,True,False,0.0,0.0
Snow Outerwear,SNOW_OUTERWEAR_0110,Ironpass,Ironpass Pro,0,590.33,287.57,156.62,74.03,1.8361,2.1156,Moderate,True,False,0.0,0.0
Snow Outerwear,SNOW_OUTERWEAR_0111,Firncrest,Firncrest Traverse,0,124.68,98.83,42.69,37.69,2.3151,1.1328,Slow,True,True,0.268,0.5951
Snow Outerwear,SNOW_OUTERWEAR_0112,Edgewood,Edgewood Base,3,285.42,1551.48,1054.98,1526.49,1.4706,0.6911,Slow,False,True,0.2024,0.6231
Snow Outerwear,SNOW_OUTERWEAR_0113,Firncrest,Firncrest MAX,5,229.08,2026.74,1265.71,1131.87,1.6013,1.1183,Slow,False,True,0.2096,0.466
Snow Outerwear,SNOW_OUTERWEAR_0114,Pinnacle,Pinnacle Summit,1,156.69,275.34,177.54,121.88,1.5509,1.4566,Slow,False,False,0.0,0.0
Snow Outerwear,SNOW_OUTERWEAR_0115,Deepfreeze,Deepfreeze Crest,29,97.56,4216.25,2866.2,2302.11,1.471,1.245,Slow,False,True,0.2546,0.6686
Snow Outerwear,SNOW_OUTERWEAR_0116,Ironpass,Ironpass Carbon,0,417.66,391.62,206.42,129.52,1.8972,1.5937,Moderate,True,False,0.0,0.0
Snow Outerwear,SNOW_OUTERWEAR_0117,Firncrest,Firncrest Comp,3,77.37,475.31,275.45,278.22,1.7256,0.99,Slow,False,False,0.0,0.0
Snow Outerwear,SNOW_OUTERWEAR_0118,Pinnacle,Pinnacle Ascent,0,486.38,261.31,222.37,365.34,1.1751,0.6087,Slow,True,True,0.2603,0.6139
Snow Outerwear,SNOW_OUTERWEAR_0119,Ironpass,Ironpass Trail,48,153.89,11095.56,7425.88,5332.0,1.4942,1.3927,Slow,False,False,0.0,0.0
Snow Outerwear,SNOW_OUTERWEAR_0120,Deepfreeze,Deepfreeze Crest,0,453.83,357.61,241.12,76.69,1.4831,3.1438,Fast,True,False,0.0,0.0
Snow Outerwear,SNOW_OUTERWEAR_0121,Ironpass,Ironpass Base,3,110.99,583.9,333.29,234.66,1.7519,1.4203,Slow,False,False,0.0,0.0
Snow Outerwear,SNOW_OUTERWEAR_0122,Firncrest,Firncrest Traverse,16,425.63,8453.7,7023.53,1726.08,1.2036,4.0691,Fast,False,False,0.0,0.0
Snow Outerwear,SNOW_OUTERWEAR_0123,Edgewood,Edgewood Enduro,0,462.79,168.54,129.49,215.47,1.3016,0.601,Slow,True,True,0.2067,0.4695
Snow Outerwear,SNOW_OUTERWEAR_0124,Ironpass,Ironpass Venture,0,379.22,388.53,218.52,210.91,1.778,1.0361,Slow,True,False,0.0,0.0
Snow Outerwear,SNOW_OUTERWEAR_0125,Pinnacle,Pinnacle Foundation,7,379.71,4810.25,2933.26,1357.68,1.6399,2.1605,Moderate,False,False,0.0,0.0
Snow Outerwear,SNOW_OUTERWEAR_0126,Edgewood,Edgewood Xpedition,5,177.46,1572.89,995.56,293.62,1.5799,3.3906,Fast,False,False,0.0,0.0
Snow Outerwear,SNOW_OUTERWEAR_0127,Pinnacle,Pinnacle Origin,2,208.21,762.73,482.76,300.79,1.5799,1.605,Moderate,False,False,0.0,0.0
Snow Outerwear,SNOW_OUTERWEAR_0128,Pinnacle,Pinnacle Comp,126,38.33,8079.36,4834.45,2358.65,1.6712,2.0497,Moderate,False,False,0.0,0.0
Snow Outerwear,SNOW_OUTERWEAR_0129,Edgewood,Edgewood Elite,15,48.04,1372.51,737.56,312.75,1.8609,2.3583,Moderate,False,False,0.0,0.0
Snow Outerwear,SNOW_OUTERWEAR_0130,Pinnacle,Pinnacle Venture,1,191.06,660.6,316.68,259.71,2.086,1.2194,Slow,False,False,0.0,0.0
Snow Outerwear,SNOW_OUTERWEAR_0131,Pinnacle,Pinnacle Lite,1,214.85,401.71,255.34,96.26,1.5732,2.6525,Moderate,False,False,0.0,0.0
Snow Outerwear,SNOW_OUTERWEAR_0132,Pinnacle,Pinnacle Ascent,0,581.79,30.48,18.12,48.11,1.6821,0.3766,Dead,True,True,0.322,0.4251
Snow Outerwear,SNOW_OUTERWEAR_0133,Pinnacle,Pinnacle LTD,6,83.15,1035.47,579.2,612.94,1.7877,0.945,Slow,False,False,0.0,0.0
Snow Outerwear,SNOW_OUTERWEAR_0134,Edgewood,Edgewood Pro,0,442.35,64.34,29.38,20.0,2.1899,1.469,Slow,True,False,0.0,0.0
Snow Outerwear,SNOW_OUTERWEAR_0135,Deepfreeze,Deepfreeze X1,1,622.27,1628.12,975.86,566.72,1.6684,1.7219,Moderate,False,False,0.0,0.0
Snow Outerwear,SNOW_OUTERWEAR_0136,Ironpass,Ironpass Base,3,401.97,2267.75,1385.36,885.92,1.6369,1.5637,Moderate,False,False,0.0,0.0
Snow Outerwear,SNOW_OUTERWEAR_0137,Pinnacle,Pinnacle MAX,1,216.58,523.83,356.67,99.98,1.4687,3.5674,Fast,False,False,0.0,0.0
Snow Outerwear,SNOW_OUTERWEAR_0138,Ironpass,Ironpass Foundation,0,414.74,201.88,129.09,55.89,1.5639,2.3095,Moderate,True,False,0.0,0.0
Snow Outerwear,SNOW_OUTERWEAR_0139,Ironpass,Ironpass Summit,15,151.72,4401.71,2386.47,796.48,1.8444,2.9963,Moderate,False,False,0.0,0.0
Snow Outerwear,SNOW_OUTERWEAR_0140,Firncrest,Firncrest Crest,0,405.67,65.13,41.8,20.0,1.5581,2.0901,Moderate,True,False,0.0,0.0
Snow Outerwear,SNOW_OUTERWEAR_0141,Deepfreeze,Deepfreeze Apex,0,518.34,654.59,393.07,357.15,1.6653,1.1006,Slow,True,False,0.0,0.0
Snow Outerwear,SNOW_OUTERWEAR_0142,Firncrest,Firncrest Traverse,1,368.17,1204.02,639.52,368.33,1.8827,1.7363,Moderate,False,False,0.0,0.0
Snow Outerwear,SNOW_OUTERWEAR_0143,Pinnacle,Pinnacle Team,14,203.82,5483.77,2985.13,1227.91,1.837,2.4311,Moderate,False,False,0.0,0.0
Snow Outerwear,SNOW_OUTERWEAR_0144,Ironpass,Ironpass Pro,0,443.84,359.12,262.81,236.56,1.3665,1.111,Slow,True,True,0.1782,0.4963
Snow Outerwear,SNOW_OUTERWEAR_0145,Deepfreeze,Deepfreeze Summit,0,648.83,410.0,280.76,148.02,1.4603,1.8968,Moderate,True,False,0.0,0.0
Snow Outerwear,SNOW_OUTERWEAR_0146,Edgewood,Edgewood Series II,3,109.28,700.3,426.56,288.64,1.6417,1.4778,Slow,False,True,0.3275,0.3176
Snow Outerwear,SNOW_OUTERWEAR_0147,Pinnacle,Pinnacle Apex,0,324.43,372.09,181.11,483.38,2.0545,0.3747,Dead,True,True,0.2891,0.7353
Snow Outerwear,SNOW_OUTERWEAR_0148,Edgewood,Edgewood Ridge,0,222.32,179.69,109.99,84.15,1.6337,1.3072,Slow,True,False,0.0,0.0
Snow Outerwear,SNOW_OUTERWEAR_0149,Ironpass,Ironpass X1,3,479.97,3222.21,1742.73,1678.42,1.8489,1.0383,Slow,False,True,0.2703,0.4646
Snow Outerwear,SNOW_OUTERWEAR_0150,Pinnacle,Pinnacle Summit,5,596.57,5041.33,3016.98,704.38,1.671,4.2831,Fast,False,False,0.0,0.0
Snow Outerwear,SNOW_OUTERWEAR_0151,Firncrest,Firncrest Sport,0,348.42,243.39,133.55,146.38,1.8225,0.9123,Slow,True,False,0.0,0.0
Snow Outerwear,SNOW_OUTERWEAR_0152,Pinnacle,Pinnacle Origin,0,603.45,169.41,110.88,27.07,1.5279,4.0961,Fast,True,False,0.0,0.0
Snow Outerwear,SNOW_OUTERWEAR_0153,Pinnacle,Pinnacle Trail,13,483.3,10738.83,6680.16,1728.43,1.6076,3.8649,Fast,False,False,0.0,0.0
Snow Outerwear,SNOW_OUTERWEAR_0154,Firncrest,Firncrest Venture,10,200.35,3431.64,2089.38,573.14,1.6424,3.6455,Fast,False,False,0.0,0.0
Snow Outerwear,SNOW_OUTERWEAR_0155,Ironpass,Ironpass MAX,0,275.06,47.9,34.96,43.96,1.3699,0.7954,Slow,True,True,0.3454,0.5298
Snow Outerwear,SNOW_OUTERWEAR_0156,Ironpass,Ironpass Elite,0,135.77,47.52,19.73,47.84,2.4083,0.4124,Dead,True,True,0.3265,0.4588
Snow Outerwear,SNOW_OUTERWEAR_0157,Firncrest,Firncrest Summit,1,547.8,1415.7,753.83,155.25,1.878,4.8555,Fast,False,False,0.0,0.0
Snow Outerwear,SNOW_OUTERWEAR_0158,Deepfreeze,Deepfreeze Traverse,0,370.42,802.06,362.63,257.92,2.2118,1.406,Slow,True,True,0.2334,0.5124
Snow Outerwear,SNOW_OUTERWEAR_0159,Ironpass,Ironpass Sport,23,109.68,5221.11,2597.39,1199.34,2.0101,2.1657,Moderate,False,False,0.0,0.0
Snow Outerwear,SNOW_OUTERWEAR_0160,Pinnacle,Pinnacle Elite,0,429.57,99.26,58.8,93.9,1.6879,0.6263,Slow,True,True,0.4105,0.6562
Snow Outerwear,SNOW_OUTERWEAR_0161,Edgewood,Edgewood Enduro,0,645.88,195.89,132.02,225.7,1.4838,0.5849,Slow,True,True,0.3945,0.5828
Snow Outerwear,SNOW_OUTERWEAR_0162,Pinnacle,Pinnacle Foundation,0,341.9,457.22,253.46,315.95,1.8039,0.8022,Slow,True,True,0.3783,0.5438
Snow Outerwear,SNOW_OUTERWEAR_0163,Pinnacle,Pinnacle Origin,1,308.7,1048.47,443.3,678.33,2.3651,0.6535,Slow,False,True,0.3441,0.524
Snow Outerwear,SNOW_OUTERWEAR_0164,Firncrest,Firncrest Apex,3,473.29,2313.1,1493.44,520.02,1.5488,2.8719,Moderate,False,False,0.0,0.0
Snow Outerwear,SNOW_OUTERWEAR_0165,Firncrest,Firncrest Xpedition,2,267.0,1082.64,573.24,145.77,1.8886,3.9326,Fast,False,False,0.0,0.0
Snow Outerwear,SNOW_OUTERWEAR_0166,Pinnacle,Pinnacle Enduro,2,569.28,2365.37,1322.12,1126.39,1.7891,1.1738,Slow,False,False,0.0,0.0
Snow Outerwear,SNOW_OUTERWEAR_0167,Edgewood,Edgewood Signature,3,510.4,3067.66,1913.94,667.67,1.6028,2.8666,Moderate,False,False,0.0,0.0
Snow Outerwear,SNOW_OUTERWEAR_0168,Ironpass,Ironpass Comp,16,361.72,8704.48,5986.96,1400.91,1.4539,4.2736,Fast,False,False,0.0,0.0
Snow Outerwear,SNOW_OUTERWEAR_0169,Ironpass,Ironpass Sport,0,143.9,199.56,117.27,95.41,1.7017,1.2291,Slow,True,True,0.1857,0.6217
Snow Outerwear,SNOW_OUTERWEAR_0170,Pinnacle,Pinnacle Series II,4,398.25,3476.75,1827.71,586.08,1.9022,3.1185,Fast,False,False,0.0,0.0
Snow Outerwear,SNOW_OUTERWEAR_0171,Deepfreeze,Deepfreeze Crest,7,353.69,4239.05,2672.45,1184.44,1.5862,2.2563,Moderate,False,False,0.0,0.0
Snow Outerwear,SNOW_OUTERWEAR_0172,Ironpass,Ironpass Traverse,2,160.5,591.31,346.98,147.02,1.7042,2.3602,Moderate,False,False,0.0,0.0
Snow Outerwear,SNOW_OUTERWEAR_0173,Ironpass,Ironpass Xpedition,0,354.28,106.1,69.7,33.71,1.5222,2.0676,Moderate,True,False,0.0,0.0
Snow Outerwear,SNOW_OUTERWEAR_0174,Pinnacle,Pinnacle Venture,0,155.59,50.5,21.43,67.49,2.3566,0.3175,Dead,True,True,0.2487,0.539
Snow Outerwear,SNOW_OUTERWEAR_0175,Firncrest,Firncrest Tour,0,238.31,22.98,13.53,27.69,1.6983,0.4886,Dead,True,True,0.2207,0.5791
Snow Outerwear,SNOW_OUTERWEAR_0176,Edgewood,Edgewood Xpedition,0,535.01,357.71,249.31,209.85,1.4348,1.188,Slow,True,True,0.1889,0.4187
Snow Outerwear,SNOW_OUTERWEAR_0177,Pinnacle,Pinnacle Xpedition,0,248.31,101.91,57.81,60.79,1.7629,0.951,Slow,True,False,0.0,0.0
Snow Outerwear,SNOW_OUTERWEAR_0178,Firncrest,Firncrest Lite,0,578.62,72.21,43.05,20.0,1.6774,2.1526,Moderate,True,True,0.2236,0.4024
Snow Outerwear,SNOW_OUTERWEAR_0179,Firncrest,Firncrest Xpedition,6,147.28,2267.95,1023.79,496.53,2.2152,2.0619,Moderate,False,False,0.0,0.0
Snow Outerwear,SNOW_OUTERWEAR_0180,Deepfreeze,Deepfreeze Venture,0,219.97,66.36,44.88,20.0,1.4786,2.2441,Moderate,True,False,0.0,0.0
Snow Outerwear,SNOW_OUTERWEAR_0181,Ironpass,Ironpass Origin,3,543.41,3184.31,2139.83,1457.13,1.4881,1.4685,Slow,False,True,0.2432,0.4744
Snow Outerwear,SNOW_OUTERWEAR_0182,Pinnacle,Pinnacle Enduro,0,533.09,556.15,402.74,854.04,1.3809,0.4716,Dead,True,True,0.3228,0.6761
Snow Outerwear,SNOW_OUTERWEAR_0183,Deepfreeze,Deepfreeze Pro,2,500.79,1971.18,1286.59,324.07,1.5321,3.9701,Fast,False,False,0.0,0.0
Snow Outerwear,SNOW_OUTERWEAR_0184,Firncrest,Firncrest Foundation,2,428.64,1600.49,916.97,279.48,1.7454,3.2809,Fast,False,False,0.0,0.0
Snow Outerwear,SNOW_OUTERWEAR_0185,Firncrest,Firncrest Signature,262,54.66,17543.89,14357.67,4366.2,1.2219,3.2884,Fast,False,False,0.0,0.0
Snow Outerwear,SNOW_OUTERWEAR_0186,Ironpass,Ironpass Ridge,1,480.76,1162.7,534.57,518.91,2.175,1.0302,Slow,False,True,0.2725,0.4652
Snow Outerwear,SNOW_OUTERWEAR_0187,Edgewood,Edgewood MAX,0,568.48,596.97,350.92,309.71,1.7011,1.1331,Slow,True,True,0.194,0.3812
Snow Outerwear,SNOW_OUTERWEAR_0188,Ironpass,Ironpass Team,0,242.65,313.2,176.03,163.71,1.7792,1.0753,Slow,True,True,0.1975,0.5292
Snow Outerwear,SNOW_OUTERWEAR_0189,Pinnacle,Pinnacle MAX,1,554.07,1339.98,760.85,159.07,1.7612,4.7831,Fast,False,False,0.0,0.0
Snow Outerwear,SNOW_OUTERWEAR_0190,Firncrest,Firncrest MAX,3,375.18,2057.26,1141.07,761.12,1.8029,1.4992,Slow,False,False,0.0,0.0
Snow Outerwear,SNOW_OUTERWEAR_0191,Deepfreeze,Deepfreeze Sport,16,392.8,11176.9,6645.43,4762.24,1.6819,1.3954,Slow,False,True,0.2021,0.4128
Snow Outerwear,SNOW_OUTERWEAR_0192,Edgewood,Edgewood Series II,9,407.18,5826.94,3892.6,1389.54,1.4969,2.8014,Moderate,False,False,0.0,0.0
Snow Outerwear,SNOW_OUTERWEAR_0193,Ironpass,Ironpass Sport,20,174.0,4878.9,3563.69,817.69,1.3691,4.3583,Fast,False,False,0.0,0.0
Snow Outerwear,SNOW_OUTERWEAR_0194,Ironpass,Ironpass Enduro,0,192.55,367.8,188.29,42.48,1.9533,4.4324,Fast,True,False,0.0,0.0
Snow Outerwear,SNOW_OUTERWEAR_0195,Deepfreeze,Deepfreeze Apex,71,171.08,18356.2,12250.63,1683.46,1.4984,7.2771,Fast,False,False,0.0,0.0
Snow Outerwear,SNOW_OUTERWEAR_0196,Pinnacle,Pinnacle Ridge,5,114.01,1310.77,669.17,710.74,1.9588,0.9415,Slow,False,True,0.2721,0.4959
Snow Outerwear,SNOW_OUTERWEAR_0197,Edgewood,Edgewood Summit,0,367.17,33.98,21.49,20.0,1.5807,1.0747,Slow,True,False,0.0,0.0
Snow Outerwear,SNOW_OUTERWEAR_0198,Ironpass,Ironpass Series II,0,459.37,450.81,301.3,111.48,1.4962,2.7027,Moderate,True,False,0.0,0.0
Snow Outerwear,SNOW_OUTERWEAR_0199,Firncrest,Firncrest Ridge,6,24.62,279.98,166.53,181.85,1.6813,0.9157,Slow,False,False,0.0,0.0
Snow Outerwear,SNOW_OUTERWEAR_0200,Deepfreeze,Deepfreeze Apex,3,453.78,2616.49,1430.5,419.81,1.8291,3.4075,Fast,False,False,0.0,0.0
Snow Outerwear,SNOW_OUTERWEAR_0201,Ironpass,Ironpass Tour,6,647.66,8583.11,4208.54,953.78,2.0395,4.4125,Fast,False,False,0.0,0.0
Snow Outerwear,SNOW_OUTERWEAR_0202,Firncrest,Firncrest Ridge,0,570.68,242.34,128.19,45.28,1.8905,2.8312,Moderate,True,False,0.0,0.0
Snow Outerwear,SNOW_OUTERWEAR_0203,Ironpass,Ironpass Elite,4,543.74,3714.27,2386.23,1003.21,1.5565,2.3786,Moderate,False,False,0.0,0.0
Snow Outerwear,SNOW_OUTERWEAR_0204,Ironpass,Ironpass Comp,0,424.67,754.48,394.94,543.01,1.9104,0.7273,Slow,True,True,0.4037,0.5269
Snow Outerwear,SNOW_OUTERWEAR_0205,Ironpass,Ironpass Traverse,3,405.86,2204.62,1247.29,690.72,1.7675,1.8058,Moderate,False,False,0.0,0.0
Snow Outerwear,SNOW_OUTERWEAR_0206,Pinnacle,Pinnacle Apex,5,175.05,1632.53,991.72,189.15,1.6462,5.2431,Fast,False,False,0.0,0.0
Snow Outerwear,SNOW_OUTERWEAR_0207,Ironpass,Ironpass Ridge,4,260.24,1854.45,1135.69,1974.26,1.6329,0.5752,Slow,False,True,0.3356,0.6413
Snow Outerwear,SNOW_OUTERWEAR_0208,Deepfreeze,Deepfreeze Series II,0,280.16,173.09,84.28,29.1,2.0539,2.8961,Moderate,True,False,0.0,0.0
Snow Outerwear,SNOW_OUTERWEAR_0209,Deepfreeze,Deepfreeze LTD,0,588.14,997.19,464.37,144.79,2.1474,3.2072,Fast,True,False,0.0,0.0
Snow Outerwear,SNOW_OUTERWEAR_0210,Ironpass,Ironpass Sport,0,151.67,112.38,68.8,52.13,1.6335,1.3199,Slow,True,False,0.0,0.0
Snow Outerwear,SNOW_OUTERWEAR_0211,Deepfreeze,Deepfreeze LTD,4,521.5,3669.5,2425.93,1141.45,1.5126,2.1253,Moderate,False,False,0.0,0.0
Snow Outerwear,SNOW_OUTERWEAR_0212,Firncrest,Firncrest Comp,0,289.73,621.59,283.94,56.7,2.1892,5.008,Fast,True,False,0.0,0.0
Snow Outerwear,SNOW_OUTERWEAR_0213,Ironpass,Ironpass Foundation,5,477.17,4339.66,2835.64,1461.11,1.5304,1.9407,Moderate,False,False,0.0,0.0
Snow Outerwear,SNOW_OUTERWEAR_0214,Pinnacle,Pinnacle Xpedition,6,197.1,2164.63,1260.18,1254.73,1.7177,1.0043,Slow,False,True,0.2627,0.6089
Snow Outerwear,SNOW_OUTERWEAR_0215,Ironpass,Ironpass Foundation,1,506.52,1448.02,738.59,374.76,1.9605,1.9708,Moderate,False,False,0.0,0.0
Snow Outerwear,SNOW_OUTERWEAR_0216,Firncrest,Firncrest Crest,1,467.82,683.46,468.78,149.62,1.458,3.1332,Fast,False,False,0.0,0.0
Snow Outerwear,SNOW_OUTERWEAR_0217,Pinnacle,Pinnacle Enduro,0,375.7,119.02,58.22,82.14,2.0442,0.7088,Slow,True,False,0.0,0.0
Snow Outerwear,SNOW_OUTERWEAR_0218,Firncrest,Firncrest X1,0,605.14,886.86,588.22,413.92,1.5077,1.4211,Slow,True,False,0.0,0.0
Snow Outerwear,SNOW_OUTERWEAR_0219,Pinnacle,Pinnacle Venture,0,235.47,106.14,47.56,40.37,2.2319,1.1781,Slow,True,True,0.3588,0.56
Snow Outerwear,SNOW_OUTERWEAR_0220,Firncrest,Firncrest Pro,2,504.83,2246.54,1209.71,548.88,1.8571,2.204,Moderate,False,False,0.0,0.0
Snow Outerwear,SNOW_OUTERWEAR_0221,Ironpass,Ironpass Base,0,559.64,566.78,295.76,311.19,1.9164,0.9504,Slow,True,True,0.3762,0.5722
Snow Outerwear,SNOW_OUTERWEAR_0222,Deepfreeze,Deepfreeze Apex,4,215.58,1366.09,925.76,187.34,1.4756,4.9416,Fast,False,False,0.0,0.0
Snow Outerwear,SNOW_OUTERWEAR_0223,Firncrest,Firncrest Ridge,40,210.48,15236.21,8566.07,3180.61,1.7787,2.6932,Moderate,False,False,0.0,0.0
Snow Outerwear,SNOW_OUTERWEAR_0224,Deepfreeze,Deepfreeze Carbon,4,258.32,1816.55,1086.31,1015.54,1.6722,1.0697,Slow,False,False,0.0,0.0
Snow Outerwear,SNOW_OUTERWEAR_0225,Pinnacle,Pinnacle X1,2,587.63,3051.52,1485.05,3140.66,2.0548,0.4728,Dead,False,True,0.2791,0.5001
Snow Outerwear,SNOW_OUTERWEAR_0226,Ironpass,Ironpass X1,0,435.57,205.51,157.73,89.93,1.3029,1.7539,Moderate,True,False,0.0,0.0
Snow Outerwear,SNOW_OUTERWEAR_0227,Pinnacle,Pinnacle MAX,1,153.62,315.65,212.97,215.57,1.4821,0.9879,Slow,False,False,0.0,0.0
Snow Outerwear,SNOW_OUTERWEAR_0228,Firncrest,Firncrest LTD,0,265.53,22.43,12.38,20.0,1.8122,0.6188,Slow,True,True,0.2334,0.4714
Snow Outerwear,SNOW_OUTERWEAR_0229,Ironpass,Ironpass Sport,3,581.03,3849.4,2097.91,1063.23,1.8349,1.9731,Moderate,False,True,0.1672,0.3992
Snow Outerwear,SNOW_OUTERWEAR_0230,Ironpass,Ironpass Origin,0,344.86,397.97,278.95,70.02,1.4267,3.9837,Fast,True,False,0.0,0.0
Snow Outerwear,SNOW_OUTERWEAR_0231,Firncrest,Firncrest Elite,1,535.34,1576.97,1031.36,207.53,1.529,4.9697,Fast,False,False,0.0,0.0
Snow Outerwear,SNOW_OUTERWEAR_0232,Firncrest,Firncrest Traverse,6,362.3,3580.9,2527.73,925.1,1.4166,2.7324,Moderate,False,False,0.0,0.0
Snow Outerwear,SNOW_OUTERWEAR_0233,Ironpass,Ironpass Summit,0,531.3,213.48,158.98,108.46,1.3428,1.4657,Slow,True,True,0.1772,0.4464
Snow Outerwear,SNOW_OUTERWEAR_0234,Deepfreeze,Deepfreeze Traverse,0,374.08,487.47,283.31,233.27,1.7206,1.2145,Slow,True,False,0.0,0.0
Snow Outerwear,SNOW_OUTERWEAR_0235,Firncrest,Firncrest Trail,0,363.45,19.82,17.54,20.0,1.1297,0.8771,Slow,True,True,0.2883,0.634
Snow Outerwear,SNOW_OUTERWEAR_0236,Pinnacle,Pinnacle Lite,6,133.95,1525.95,919.81,481.3,1.659,1.9111,Moderate,False,False,0.0,0.0
Snow Outerwear,SNOW_OUTERWEAR_0237,Firncrest,Firncrest X1,4,520.7,4389.5,2116.08,1324.3,2.0744,1.5979,Moderate,False,False,0.0,0.0
Snow Outerwear,SNOW_OUTERWEAR_0238,Edgewood,Edgewood LTD,3,542.03,3754.45,1768.58,384.67,2.1229,4.5976,Fast,False,False,0.0,0.0
Snow Outerwear,SNOW_OUTERWEAR_0239,Firncrest,Firncrest Carbon,2,33.46,113.17,94.17,63.52,1.2018,1.4824,Slow,False,False,0.0,0.0
Snow Outerwear,SNOW_OUTERWEAR_0240,Pinnacle,Pinnacle Sport,1,311.47,1188.56,552.45,653.93,2.1514,0.8448,Slow,False,False,0.0,0.0
Snow Outerwear,SNOW_OUTERWEAR_0241,Pinnacle,Pinnacle Enduro,2,594.9,1548.53,1202.88,278.45,1.2873,4.3199,Fast,False,False,0.0,0.0
Snow Outerwear,SNOW_OUTERWEAR_0242,Edgewood,Edgewood Xpedition,0,297.06,110.57,73.69,59.16,1.5005,1.2457,Slow,True,True,0.2556,0.621
Snow Outerwear,SNOW_OUTERWEAR_0243,Deepfreeze,Deepfreeze Carbon,1,376.0,644.1,471.79,137.5,1.3652,3.4311,Fast,False,False,0.0,0.0
Snow Outerwear,SNOW_OUTERWEAR_0244,Ironpass,Ironpass Crest,0,514.83,47.24,24.3,24.0,1.9442,1.0123,Slow,True,True,0.295,0.5325
Snow Outerwear,SNOW_OUTERWEAR_0245,Ironpass,Ironpass Ridge,0,175.86,220.5,150.69,123.94,1.4632,1.2158,Slow,True,False,0.0,0.0
Snow Outerwear,SNOW_OUTERWEAR_0246,Deepfreeze,Deepfreeze Series II,82,47.24,6944.51,3904.28,1184.4,1.7787,3.2964,Fast,False,False,0.0,0.0
Snow Outerwear,SNOW_OUTERWEAR_0247,Deepfreeze,Deepfreeze Signature,0,625.64,812.64,542.65,861.45,1.4976,0.6299,Slow,True,True,0.3527,0.6736
Snow Outerwear,SNOW_OUTERWEAR_0248,Edgewood,Edgewood Tour,7,396.91,6086.02,2893.44,2695.48,2.1034,1.0734,Slow,False,False,0.0,0.0
Snow Outerwear,SNOW_OUTERWEAR_0249,Firncrest,Firncrest Elite,10,110.96,1976.6,1158.71,322.96,1.7059,3.5878,Fast,False,False,0.0,0.0
Snow Outerwear,SNOW_OUTERWEAR_0250,Edgewood,Edgewood Traverse,4,338.65,1665.15,1443.45,1238.7,1.1536,1.1653,Slow,False,True,0.19,0.5563
Snow Outerwear,SNOW_OUTERWEAR_0251,Edgewood,Edgewood Signature,9,442.24,7890.69,4297.61,1556.08,1.8361,2.7618,Moderate,False,False,0.0,0.0
Snow Outerwear,SNOW_OUTERWEAR_0252,Ironpass,Ironpass Signature,3,187.79,1230.3,697.07,261.01,1.765,2.6707,Moderate,False,False,0.0,0.0
Snow Outerwear,SNOW_OUTERWEAR_0253,Firncrest,Firncrest Sport,0,525.06,990.78,508.16,745.93,1.9498,0.6812,Slow,True,False,0.0,0.0
Snow Outerwear,SNOW_OUTERWEAR_0254,Deepfreeze,Deepfreeze Origin,54,42.89,4686.16,2350.97,648.5,1.9933,3.6253,Fast,False,False,0.0,0.0
Snow Outerwear,SNOW_OUTERWEAR_0255,Pinnacle,Pinnacle Crest,6,225.23,2987.12,1442.39,1023.6,2.071,1.4091,Slow,False,True,0.1996,0.4324
Snow Outerwear,SNOW_OUTERWEAR_0256,Edgewood,Edgewood Enduro,15,113.04,3467.19,1750.89,2225.73,1.9802,0.7867,Slow,False,True,0.2119,0.7172
Snow Outerwear,SNOW_OUTERWEAR_0257,Pinnacle,Pinnacle Enduro,0,440.17,861.17,419.28,351.63,2.0539,1.1924,Slow,True,False,0.0,0.0
Snow Outerwear,SNOW_OUTERWEAR_0258,Pinnacle,Pinnacle Series II,1,493.26,1008.03,586.11,596.21,1.7199,0.9831,Slow,False,True,0.4055,0.5094
Technical Outerwear,TECHNICAL_OUTE_0001,Tidefall,Tidefall Lite,23,160.69,7844.55,3780.02,1277.88,2.0753,2.958,Moderate,False,False,0.0,0.0
Technical Outerwear,TECHNICAL_OUTE_0002,Tidefall,Tidefall Summit,3,387.43,2044.86,1266.05,743.55,1.6152,1.7027,Moderate,False,False,0.0,0.0
Technical Outerwear,TECHNICAL_OUTE_0003,Deepfreeze,Deepfreeze Ridge,0,456.42,707.08,417.86,280.74,1.6922,1.4884,Slow,True,False,0.0,0.0
Technical Outerwear,TECHNICAL_OUTE_0004,Deepfreeze,Deepfreeze Comp,4,57.75,474.22,273.95,66.24,1.731,4.1356,Fast,False,False,0.0,0.0
Technical Outerwear,TECHNICAL_OUTE_0005,Deepfreeze,Deepfreeze Team,3,530.04,3216.54,1684.92,1154.94,1.909,1.4589,Slow,False,True,0.1001,0.597
Technical Outerwear,TECHNICAL_OUTE_0006,Deepfreeze,Deepfreeze Ridge,1,524.72,1172.22,616.46,205.91,1.9015,2.9938,Moderate,False,False,0.0,0.0
Technical Outerwear,TECHNICAL_OUTE_0007,Coldrun,Coldrun Tour,0,179.25,33.22,22.43,20.0,1.4813,1.1213,Slow,True,False,0.0,0.0
Technical Outerwear,TECHNICAL_OUTE_0008,Edgewood,Edgewood Sport,6,515.81,5015.4,3139.93,1252.59,1.5973,2.5067,Moderate,False,False,0.0,0.0
Technical Outerwear,TECHNICAL_OUTE_0009,Edgewood,Edgewood Trail,9,409.53,6710.15,3733.03,1584.84,1.7975,2.3555,Moderate,False,False,0.0,0.0
Technical Outerwear,TECHNICAL_OUTE_0010,Deepfreeze,Deepfreeze Traverse,4,541.11,4470.36,2648.95,945.16,1.6876,2.8026,Moderate,False,False,0.0,0.0
Technical Outerwear,TECHNICAL_OUTE_0011,Tidefall,Tidefall Sport,0,212.72,289.26,141.24,35.3,2.0481,4.0012,Fast,True,True,0.1934,0.3272
Technical Outerwear,TECHNICAL_OUTE_0012,Edgewood,Edgewood X1,14,208.86,6924.58,3051.43,3518.27,2.2693,0.8673,Slow,False,True,0.2553,0.3041
Technical Outerwear,TECHNICAL_OUTE_0013,Edgewood,Edgewood Summit,36,561.13,34934.44,20756.14,2224.36,1.6831,9.3313,Fast,False,False,0.0,0.0
Technical Outerwear,TECHNICAL_OUTE_0014,Deepfreeze,Deepfreeze Origin,6,436.05,4530.72,2917.09,866.75,1.5532,3.3655,Fast,False,False,0.0,0.0
Technical Outerwear,TECHNICAL_OUTE_0015,Ridgecrest,Ridgecrest Ascent,37,125.79,8202.19,4706.07,1737.63,1.7429,2.7083,Moderate,False,False,0.0,0.0
Technical Outerwear,TECHNICAL_OUTE_0016,Tidefall,Tidefall Enduro,5,626.78,8296.29,3757.42,3019.83,2.208,1.2442,Slow,False,True,0.1788,0.5976
Technical Outerwear,TECHNICAL_OUTE_0017,Tidefall,Tidefall Team,2,66.75,352.7,169.7,91.98,2.0783,1.8449,Moderate,False,False,0.0,0.0
Technical Outerwear,TECHNICAL_OUTE_0018,Deepfreeze,Deepfreeze Team,16,242.68,6890.93,4101.11,1449.81,1.6803,2.8287,Moderate,False,False,0.0,0.0
Technical Outerwear,TECHNICAL_OUTE_0019,Ridgecrest,Ridgecrest Venture,2,192.67,710.37,408.77,130.28,1.7378,3.1376,Fast,False,False,0.0,0.0
Technical Outerwear,TECHNICAL_OUTE_0020,Deepfreeze,Deepfreeze Crest,0,645.89,687.44,426.06,269.59,1.6135,1.5804,Moderate,True,False,0.0,0.0
Technical Outerwear,TECHNICAL_OUTE_0021,Coldrun,Coldrun Team,10,21.7,406.85,218.02,101.72,1.8661,2.1433,Moderate,False,False,0.0,0.0
Technical Outerwear,TECHNICAL_OUTE_0022,Tidefall,Tidefall Signature,50,19.79,2125.09,997.44,362.07,2.1306,2.7548,Moderate,False,False,0.0,0.0
Technical Outerwear,TECHNICAL_OUTE_0023,Tidefall,Tidefall Base,1,63.19,148.75,73.87,20.0,2.0136,3.6936,Fast,False,False,0.0,0.0
Technical Outerwear,TECHNICAL_OUTE_0024,Ridgecrest,Ridgecrest Apex,1,388.87,906.85,525.62,288.55,1.7253,1.8216,Moderate,False,False,0.0,0.0
Technical Outerwear,TECHNICAL_OUTE_0025,Edgewood,Edgewood Carbon,0,649.67,42.2,23.14,21.46,1.8233,1.0784,Slow,True,True,0.2982,0.4456
Technical Outerwear,TECHNICAL_OUTE_0026,Ridgecrest,Ridgecrest Crest,16,137.56,3631.21,2267.64,1008.64,1.6013,2.2482,Moderate,False,False,0.0,0.0
Technical Outerwear,TECHNICAL_OUTE_0027,Tidefall,Tidefall Summit,6,21.09,215.74,141.26,115.6,1.5272,1.222,Slow,False,False,0.0,0.0
Technical Outerwear,TECHNICAL_OUTE_0028,Edgewood,Edgewood Crest,4,642.43,5323.64,3133.55,2986.07,1.6989,1.0494,Slow,False,False,0.0,0.0
Technical Outerwear,TECHNICAL_OUTE_0029,Tidefall,Tidefall Venture,54,52.56,5358.0,2854.28,2226.51,1.8772,1.282,Slow,False,True,0.2607,0.6554
Technical Outerwear,TECHNICAL_OUTE_0030,Edgewood,Edgewood Lite,52,508.89,43891.42,26870.64,5451.5,1.6334,4.929,Fast,False,False,0.0,0.0
Technical Outerwear,TECHNICAL_OUTE_0031,Deepfreeze,Deepfreeze Series II,0,505.64,481.79,245.42,146.78,1.9631,1.6721,Moderate,True,False,0.0,0.0
Technical Outerwear,TECHNICAL_OUTE_0032,Coldrun,Coldrun Team,15,407.05,9202.19,6460.08,1923.37,1.4245,3.3587,Fast,False,False,0.0,0.0
Technical Outerwear,TECHNICAL_OUTE_0033,Tidefall,Tidefall Xpedition,2,523.35,1949.82,1215.91,1526.73,1.6036,0.7964,Slow,False,True,0.2222,0.4284
Technical Outerwear,TECHNICAL_OUTE_0034,Ridgecrest,Ridgecrest Pro,14,572.43,14832.7,8473.88,1534.76,1.7504,5.5213,Fast,False,False,0.0,0.0
Technical Outerwear,TECHNICAL_OUTE_0035,Ridgecrest,Ridgecrest Crest,33,289.04,15690.1,9616.96,3722.08,1.6315,2.5838,Moderate,False,False,0.0,0.0
Technical Outerwear,TECHNICAL_OUTE_0036,Coldrun,Coldrun Origin,1,138.92,485.7,229.97,48.57,2.112,4.7346,Fast,False,False,0.0,0.0
Technical Outerwear,TECHNICAL_OUTE_0037,Coldrun,Coldrun Origin,0,526.99,64.58,37.2,28.0,1.7362,1.3286,Slow,True,False,0.0,0.0
Technical Outerwear,TECHNICAL_OUTE_0038,Coldrun,Coldrun Ascent,4,74.83,625.31,340.62,133.8,1.8358,2.5458,Moderate,False,False,0.0,0.0
Technical Outerwear,TECHNICAL_OUTE_0039,Deepfreeze,Deepfreeze Ascent,0,275.95,246.86,137.21,188.55,1.7991,0.7277,Slow,True,False,0.0,0.0
Technical Outerwear,TECHNICAL_OUTE_0040,Tidefall,Tidefall Ridge,121,49.43,13656.12,5991.59,1237.23,2.2792,4.8427,Fast,False,False,0.0,0.0
Technical Outerwear,TECHNICAL_OUTE_0041,Ridgecrest,Ridgecrest Traverse,141,81.15,14571.41,11490.23,2546.09,1.2682,4.5129,Fast,False,False,0.0,0.0
Technical Outerwear,TECHNICAL_OUTE_0042,Tidefall,Tidefall Ascent,0,644.33,734.47,394.53,244.26,1.8616,1.6152,Moderate,True,False,0.0,0.0
Technical Outerwear,TECHNICAL_OUTE_0043,Tidefall,Tidefall Venture,34,200.18,12904.46,6874.65,3013.54,1.8771,2.2813,Moderate,False,False,0.0,0.0
Technical Outerwear,TECHNICAL_OUTE_0044,Coldrun,Coldrun Summit,79,74.16,11084.8,5867.95,1610.43,1.889,3.6437,Fast,False,False,0.0,0.0
Technical Outerwear,TECHNICAL_OUTE_0045,Tidefall,Tidefall Sport,13,233.81,5462.92,3108.58,746.58,1.7574,4.1638,Fast,False,False,0.0,0.0
Technical Outerwear,TECHNICAL_OUTE_0046,Ridgecrest,Ridgecrest Venture,0,133.07,87.15,54.42,20.0,1.6014,2.7211,Moderate,True,False,0.0,0.0
Technical Outerwear,TECHNICAL_OUTE_0047,Deepfreeze,Deepfreeze Signature,0,549.15,111.28,71.1,38.56,1.5651,1.8438,Moderate,True,False,0.0,0.0
Technical Outerwear,TECHNICAL_OUTE_0048,Edgewood,Edgewood Enduro,15,123.33,3132.16,1931.31,959.78,1.6218,2.0122,Moderate,False,False,0.0,0.0
Technical Outerwear,TECHNICAL_OUTE_0049,Coldrun,Coldrun X1,0,187.16,234.83,129.19,26.65,1.8177,4.8479,Fast,True,False,0.0,0.0
Technical Outerwear,TECHNICAL_OUTE_0050,Deepfreeze,Deepfreeze Origin,4,155.08,1517.67,716.53,283.26,2.1181,2.5296,Moderate,False,False,0.0,0.0
Technical Outerwear,TECHNICAL_OUTE_0051,Ridgecrest,Ridgecrest Traverse,1,73.13,129.04,83.76,42.55,1.5405,1.9686,Moderate,False,False,0.0,0.0
Technical Outerwear,TECHNICAL_OUTE_0052,Edgewood,Edgewood Ridge,0,451.02,296.32,148.27,213.23,1.9984,0.6954,Slow,True,True,0.2341,0.5575
Technical Outerwear,TECHNICAL_OUTE_0053,Coldrun,Coldrun Signature,2,216.71,851.69,616.64,815.0,1.3812,0.7566,Slow,False,True,0.2547,0.626
Technical Outerwear,TECHNICAL_OUTE_0054,Tidefall,Tidefall Trail,0,425.68,90.97,47.31,20.0,1.9229,2.3654,Moderate,True,False,0.0,0.0
Technical Outerwear,TECHNICAL_OUTE_0055,Edgewood,Edgewood Crest,5,25.35,213.9,149.01,138.34,1.4355,1.0771,Slow,False,True,0.1741,0.5316
Technical Outerwear,TECHNICAL_OUTE_0056,Ridgecrest,Ridgecrest Foundation,5,160.48,1429.82,882.31,839.71,1.6205,1.0507,Slow,False,True,0.2529,0.6089
Technical Outerwear,TECHNICAL_OUTE_0057,Ridgecrest,Ridgecrest Ridge,32,411.58,29866.24,13228.54,8443.97,2.2577,1.5666,Moderate,False,False,0.0,0.0
Technical Outerwear,TECHNICAL_OUTE_0058,Edgewood,Edgewood MAX,1,166.68,520.96,307.22,96.87,1.6957,3.1714,Fast,False,False,0.0,0.0
Technical Outerwear,TECHNICAL_OUTE_0059,Ridgecrest,Ridgecrest Ridge,21,460.86,16159.59,9885.95,6244.53,1.6346,1.5831,Moderate,False,False,0.0,0.0
Technical Outerwear,TECHNICAL_OUTE_0060,Coldrun,Coldrun Team,1,572.5,1298.85,919.97,468.27,1.4118,1.9646,Moderate,False,True,0.1251,0.4099
Technical Outerwear,TECHNICAL_OUTE_0061,Tidefall,Tidefall Carbon,3,183.69,1159.72,607.24,232.91,1.9098,2.6072,Moderate,False,False,0.0,0.0
Technical Outerwear,TECHNICAL_OUTE_0062,Tidefall,Tidefall Crest,3,308.8,2436.24,1222.53,857.97,1.9928,1.4249,Slow,False,True,0.1938,0.4292
Technical Outerwear,TECHNICAL_OUTE_0063,Deepfreeze,Deepfreeze Apex,3,622.5,5111.52,2420.38,1605.37,2.1119,1.5077,Moderate,False,False,0.0,0.0
Technical Outerwear,TECHNICAL_OUTE_0064,Deepfreeze,Deepfreeze Trail,1,249.1,598.22,358.33,272.75,1.6695,1.3138,Slow,False,True,0.235,0.4057
Technical Outerwear,TECHNICAL_OUTE_0065,Tidefall,Tidefall Venture,2,469.4,2102.7,1106.1,247.12,1.901,4.476,Fast,False,False,0.0,0.0
Technical Outerwear,TECHNICAL_OUTE_0066,Coldrun,Coldrun X1,1,350.65,925.66,643.27,577.22,1.439,1.1144,Slow,False,True,0.2615,0.5917
Technical Outerwear,TECHNICAL_OUTE_0067,Edgewood,Edgewood Crest,33,485.41,23918.76,16200.05,3343.74,1.4765,4.8449,Fast,False,False,0.0,0.0
Technical Outerwear,TECHNICAL_OUTE_0068,Deepfreeze,Deepfreeze Ridge,5,524.63,3812.03,2670.97,3646.35,1.4272,0.7325,Slow,False,False,0.0,0.0
Technical Outerwear,TECHNICAL_OUTE_0069,Edgewood,Edgewood Ridge,12,87.59,1814.26,1130.23,819.4,1.6052,1.3793,Slow,False,True,0.2333,0.6991
Technical Outerwear,TECHNICAL_OUTE_0070,Edgewood,Edgewood Comp,12,66.11,1463.74,851.87,258.44,1.7183,3.2962,Fast,False,False,0.0,0.0
Technical Outerwear,TECHNICAL_OUTE_0071,Coldrun,Coldrun Signature,0,522.39,116.38,69.2,20.0,1.6818,3.4598,Fast,True,False,0.0,0.0
Technical Outerwear,TECHNICAL_OUTE_0072,Tidefall,Tidefall Signature,0,506.26,553.86,298.27,301.56,1.8569,0.9891,Slow,True,False,0.0,0.0
Technical Outerwear,TECHNICAL_OUTE_0073,Deepfreeze,Deepfreeze X1,3,285.73,1950.43,887.2,306.13,2.1984,2.8981,Moderate,False,False,0.0,0.0
Technical Outerwear,TECHNICAL_OUTE_0074,Deepfreeze,Deepfreeze Traverse,0,285.73,235.1,125.4,20.0,1.8747,6.2701,Fast,True,False,0.0,0.0
Technical Outerwear,TECHNICAL_OUTE_0075,Edgewood,Edgewood LTD,12,237.58,6160.13,2929.12,3030.95,2.1031,0.9664,Slow,False,False,0.0,0.0
Technical Outerwear,TECHNICAL_OUTE_0076,Coldrun,Coldrun LTD,21,36.11,1299.09,787.93,226.73,1.6487,3.4752,Fast,False,False,0.0,0.0
Technical Outerwear,TECHNICAL_OUTE_0077,Tidefall,Tidefall X1,5,440.67,5382.7,2366.72,2482.93,2.2743,0.9532,Slow,False,True,0.2556,0.6641
Technical Outerwear,TECHNICAL_OUTE_0078,Deepfreeze,Deepfreeze Sport,7,460.76,5396.6,3487.14,862.14,1.5476,4.0447,Fast,False,False,0.0,0.0
Technical Outerwear,TECHNICAL_OUTE_0079,Ridgecrest,Ridgecrest Xpedition,1,215.57,517.33,323.44,150.03,1.5994,2.1558,Moderate,False,True,0.1926,0.4424
Technical Outerwear,TECHNICAL_OUTE_0080,Edgewood,Edgewood Comp,1,38.5,88.36,52.19,59.78,1.6932,0.8729,Slow,False,False,0.0,0.0
Technical Outerwear,TECHNICAL_OUTE_0081,Coldrun,Coldrun Tour,0,632.44,703.93,408.2,200.24,1.7245,2.0386,Moderate,True,False,0.0,0.0
Technical Outerwear,TECHNICAL_OUTE_0082,Coldrun,Coldrun Signature,8,404.3,7363.88,3277.7,780.42,2.2467,4.1999,Fast,False,False,0.0,0.0
Technical Outerwear,TECHNICAL_OUTE_0083,Edgewood,Edgewood Base,25,587.77,31115.62,14780.75,4518.08,2.1051,3.2715,Fast,False,False,0.0,0.0
Technical Outerwear,TECHNICAL_OUTE_0084,Ridgecrest,Ridgecrest Team,17,32.77,900.71,582.67,212.75,1.5458,2.7388,Moderate,False,False,0.0,0.0
Technical Outerwear,TECHNICAL_OUTE_0085,Ridgecrest,Ridgecrest Carbon,1,524.98,1623.99,971.3,1312.59,1.672,0.74,Slow,False,True,0.3191,0.5825
Technical Outerwear,TECHNICAL_OUTE_0086,Tidefall,Tidefall LTD,7,576.45,8264.6,4124.77,3577.87,2.0037,1.1529,Slow,False,True,0.2443,0.4422
Technical Outerwear,TECHNICAL_OUTE_0087,Coldrun,Coldrun Pro,1,143.94,247.09,144.78,101.56,1.7067,1.4255,Slow,False,False,0.0,0.0
Technical Outerwear,TECHNICAL_OUTE_0088,Tidefall,Tidefall Crest,2,127.09,744.17,326.55,78.73,2.2789,4.1479,Fast,False,False,0.0,0.0
Technical Outerwear,TECHNICAL_OUTE_0089,Tidefall,Tidefall Foundation,7,647.0,7884.77,4889.2,1486.79,1.6127,3.2884,Fast,False,False,0.0,0.0
Technical Outerwear,TECHNICAL_OUTE_0090,Tidefall,Tidefall Carbon,25,174.57,6856.21,4407.68,1692.17,1.5555,2.6047,Moderate,False,False,0.0,0.0
Technical Outerwear,TECHNICAL_OUTE_0091,Edgewood,Edgewood Carbon,0,325.28,557.64,312.95,73.89,1.7819,4.2353,Fast,True,False,0.0,0.0
Technical Outerwear,TECHNICAL_OUTE_0092,Ridgecrest,Ridgecrest Enduro,8,591.93,8944.76,5137.38,2463.28,1.7411,2.0856,Moderate,False,False,0.0,0.0
Technical Outerwear,TECHNICAL_OUTE_0093,Edgewood,Edgewood LTD,0,107.04,19.73,17.37,20.0,1.136,0.8684,Slow,True,True,0.2246,0.2384
Technical Outerwear,TECHNICAL_OUTE_0094,Edgewood,Edgewood Venture,0,518.5,387.52,239.46,132.92,1.6183,1.8015,Moderate,True,True,0.2389,0.5425
Technical Outerwear,TECHNICAL_OUTE_0095,Deepfreeze,Deepfreeze Traverse,0,449.47,40.98,21.66,20.0,1.892,1.0831,Slow,True,True,0.2131,0.5767
Technical Outerwear,TECHNICAL_OUTE_0096,Ridgecrest,Ridgecrest Trail,11,35.89,686.79,426.59,410.61,1.61,1.0389,Slow,False,True,0.3258,0.4366
Technical Outerwear,TECHNICAL_OUTE_0097,Edgewood,Edgewood Origin,79,52.19,6543.39,4151.0,1514.08,1.5763,2.7416,Moderate,False,False,0.0,0.0
Technical Outerwear,TECHNICAL_OUTE_0098,Ridgecrest,Ridgecrest Venture,27,373.29,15624.82,10296.21,2035.56,1.5175,5.0582,Fast,False,False,0.0,0.0
Technical Outerwear,TECHNICAL_OUTE_0099,Tidefall,Tidefall LTD,3,370.36,2140.72,1393.61,1194.08,1.5361,1.1671,Slow,False,True,0.3653,0.3707
Technical Outerwear,TECHNICAL_OUTE_0100,Deepfreeze,Deepfreeze Team,6,419.49,3687.77,2531.65,2170.82,1.4567,1.1662,Slow,False,True,0.1456,0.5158
Technical Outerwear,TECHNICAL_OUTE_0101,Coldrun,Coldrun Carbon,1,436.83,1652.0,785.28,389.85,2.1037,2.0143,Moderate,False,False,0.0,0.0
Technical Outerwear,TECHNICAL_OUTE_0102,Edgewood,Edgewood X1,7,168.98,2576.75,1339.53,643.34,1.9236,2.0822,Moderate,False,False,0.0,0.0
Technical Outerwear,TECHNICAL_OUTE_0103,Edgewood,Edgewood Team,3,293.61,1426.67,895.73,989.36,1.5927,0.9054,Slow,False,False,0.0,0.0
Technical Outerwear,TECHNICAL_OUTE_0104,Deepfreeze,Deepfreeze Traverse,9,105.19,1989.02,1041.62,213.8,1.9095,4.8719,Fast,False,False,0.0,0.0
Technical Outerwear,TECHNICAL_OUTE_0105,Edgewood,Edgewood LTD,13,79.33,2337.57,1044.22,328.37,2.2386,3.18,Fast,False,False,0.0,0.0
Technical Outerwear,TECHNICAL_OUTE_0106,Coldrun,Coldrun Signature,0,365.11,417.89,207.47,581.44,2.0142,0.3568,Dead,True,True,0.2403,0.5995
Technical Outerwear,TECHNICAL_OUTE_0107,Coldrun,Coldrun Comp,10,63.42,1263.65,683.2,213.24,1.8496,3.2038,Fast,False,False,0.0,0.0
Technical Outerwear,TECHNICAL_OUTE_0108,Ridgecrest,Ridgecrest Enduro,11,308.93,5094.43,3448.4,1178.76,1.4773,2.9255,Moderate,False,False,0.0,0.0
Technical Outerwear,TECHNICAL_OUTE_0109,Ridgecrest,Ridgecrest LTD,1,73.19,275.12,124.89,52.73,2.2029,2.3682,Moderate,False,False,0.0,0.0
Technical Outerwear,TECHNICAL_OUTE_0110,Deepfreeze,Deepfreeze Venture,34,624.19,38525.47,21276.61,5502.29,1.8107,3.8669,Fast,False,False,0.0,0.0
Technical Outerwear,TECHNICAL_OUTE_0111,Coldrun,Coldrun Origin,4,128.48,946.8,583.89,331.33,1.6215,1.7623,Moderate,False,False,0.0,0.0
Technical Outerwear,TECHNICAL_OUTE_0112,Ridgecrest,Ridgecrest Enduro,4,65.94,769.2,308.4,559.51,2.4942,0.5512,Slow,False,True,0.2734,0.5853
Technical Outerwear,TECHNICAL_OUTE_0113,Ridgecrest,Ridgecrest Base,17,49.89,1340.48,851.34,800.49,1.5746,1.0635,Slow,False,False,0.0,0.0
Technical Outerwear,TECHNICAL_OUTE_0114,Coldrun,Coldrun Enduro,0,477.2,49.13,32.0,20.0,1.535,1.6001,Moderate,True,False,0.0,0.0
Technical Outerwear,TECHNICAL_OUTE_0115,Tidefall,Tidefall Signature,0,334.4,56.62,35.74,20.0,1.584,1.7871,Moderate,True,False,0.0,0.0
Technical Outerwear,TECHNICAL_OUTE_0116,Edgewood,Edgewood Tour,0,289.29,80.55,46.07,20.0,1.7484,2.3035,Moderate,True,False,0.0,0.0
Technical Outerwear,TECHNICAL_OUTE_0117,Tidefall,Tidefall LTD,0,274.66,357.47,165.69,111.65,2.1574,1.4841,Slow,True,True,0.3048,0.6056
Technical Outerwear,TECHNICAL_OUTE_0118,Ridgecrest,Ridgecrest Series II,2,346.56,1498.16,849.45,424.89,1.7637,1.9992,Moderate,False,False,0.0,0.0
Technical Outerwear,TECHNICAL_OUTE_0119,Tidefall,Tidefall Origin,16,498.41,16302.62,8190.18,3534.67,1.9905,2.3171,Moderate,False,False,0.0,0.0
Technical Outerwear,TECHNICAL_OUTE_0120,Edgewood,Edgewood Ascent,1,462.31,814.13,708.82,716.48,1.1486,0.9893,Slow,False,True,0.2211,0.4442
Technical Outerwear,TECHNICAL_OUTE_0121,Edgewood,Edgewood Venture,1,403.46,575.33,406.72,262.73,1.4146,1.548,Moderate,False,True,0.1615,0.4024
Technical Outerwear,TECHNICAL_OUTE_0122,Coldrun,Coldrun Ridge,1,181.5,566.08,268.02,148.92,2.1121,1.7998,Moderate,False,False,0.0,0.0
Technical Outerwear,TECHNICAL_OUTE_0123,Deepfreeze,Deepfreeze Origin,27,226.71,12793.09,6269.27,2424.92,2.0406,2.5854,Moderate,False,False,0.0,0.0
Technical Outerwear,TECHNICAL_OUTE_0124,Deepfreeze,Deepfreeze Traverse,5,356.1,2198.02,1915.07,960.71,1.1477,1.9934,Moderate,False,False,0.0,0.0
Technical Outerwear,TECHNICAL_OUTE_0125,Ridgecrest,Ridgecrest Lite,158,43.34,15224.44,6878.67,3623.15,2.2133,1.8985,Moderate,False,False,0.0,0.0
Technical Outerwear,TECHNICAL_OUTE_0126,Deepfreeze,Deepfreeze Enduro,0,30.72,39.46,20.35,20.0,1.9387,1.0176,Slow,True,True,0.2405,0.5255
Technical Outerwear,TECHNICAL_OUTE_0127,Edgewood,Edgewood Crest,4,233.64,2023.1,1120.7,446.79,1.8052,2.5084,Moderate,False,False,0.0,0.0
Technical Outerwear,TECHNICAL_OUTE_0128,Tidefall,Tidefall Traverse,12,577.7,10823.82,7170.88,1239.57,1.5094,5.785,Fast,False,False,0.0,0.0
Technical Outerwear,TECHNICAL_OUTE_0129,Tidefall,Tidefall Lite,1,334.38,1084.25,628.15,265.86,1.7261,2.3627,Moderate,False,False,0.0,0.0
Technical Outerwear,TECHNICAL_OUTE_0130,Ridgecrest,Ridgecrest Tour,0,581.29,510.78,300.09,88.12,1.7021,3.4055,Fast,True,False,0.0,0.0
Technical Outerwear,TECHNICAL_OUTE_0131,Coldrun,Coldrun Ridge,29,208.29,11511.52,6186.24,2098.78,1.8608,2.9475,Moderate,False,False,0.0,0.0
Technical Outerwear,TECHNICAL_OUTE_0132,Ridgecrest,Ridgecrest MAX,1,561.38,1511.27,1116.18,1318.11,1.354,0.8468,Slow,False,True,0.3495,0.4691
Technical Outerwear,TECHNICAL_OUTE_0133,Ridgecrest,Ridgecrest Carbon,1,327.87,856.38,497.88,937.43,1.7201,0.5311,Slow,False,False,0.0,0.0
Technical Outerwear,TECHNICAL_OUTE_0134,Ridgecrest,Ridgecrest Traverse,2,63.52,194.62,134.89,217.24,1.4428,0.6209,Slow,False,True,0.2902,0.6059
Technical Outerwear,TECHNICAL_OUTE_0135,Deepfreeze,Deepfreeze Foundation,3,534.25,3529.39,2109.62,825.45,1.673,2.5557,Moderate,False,False,0.0,0.0
Technical Outerwear,TECHNICAL_OUTE_0136,Ridgecrest,Ridgecrest Signature,10,263.52,5143.91,2646.86,1711.73,1.9434,1.5463,Moderate,False,False,0.0,0.0
Technical Outerwear,TECHNICAL_OUTE_0137,Ridgecrest,Ridgecrest Signature,4,437.26,3233.56,1802.08,1018.53,1.7944,1.7693,Moderate,False,False,0.0,0.0
Technical Outerwear,TECHNICAL_OUTE_0138,Coldrun,Coldrun Team,0,448.25,125.11,89.35,62.47,1.4003,1.4303,Slow,True,False,0.0,0.0
Technical Outerwear,TECHNICAL_OUTE_0139,Edgewood,Edgewood Base,25,402.65,20298.69,10229.21,1240.9,1.9844,8.2434,Fast,False,False,0.0,0.0
Technical Outerwear,TECHNICAL_OUTE_0140,Tidefall,Tidefall Crest,44,96.81,8061.98,4303.55,2117.5,1.8733,2.0324,Moderate,False,False,0.0,0.0
Technical Outerwear,TECHNICAL_OUTE_0141,Ridgecrest,Ridgecrest Pro,0,543.83,755.01,487.2,240.79,1.5497,2.0233,Moderate,True,False,0.0,0.0
Technical Outerwear,TECHNICAL_OUTE_0142,Coldrun,Coldrun LTD,6,598.78,7671.15,3995.59,5394.03,1.9199,0.7407,Slow,False,True,0.2849,0.51
Technical Outerwear,TECHNICAL_OUTE_0143,Edgewood,Edgewood Traverse,0,140.73,111.32,55.84,46.58,1.9936,1.1987,Slow,True,False,0.0,0.0
Technical Outerwear,TECHNICAL_OUTE_0144,Tidefall,Tidefall X1,0,195.91,187.82,105.66,20.0,1.7776,5.2829,Fast,True,False,0.0,0.0
Technical Outerwear,TECHNICAL_OUTE_0145,Coldrun,Coldrun Crest,58,79.3,7828.55,4648.0,4782.08,1.6843,0.972,Slow,False,False,0.0,0.0
Technical Outerwear,TECHNICAL_OUTE_0146,Deepfreeze,Deepfreeze Venture,6,231.55,2771.82,1526.53,652.77,1.8158,2.3385,Moderate,False,False,0.0,0.0
Technical Outerwear,TECHNICAL_OUTE_0147,Coldrun,Coldrun Traverse,5,216.6,2390.53,1262.58,740.43,1.8934,1.7052,Moderate,False,False,0.0,0.0
Technical Outerwear,TECHNICAL_OUTE_0148,Ridgecrest,Ridgecrest Crest,3,192.34,1335.86,630.56,150.17,2.1185,4.1989,Fast,False,False,0.0,0.0
Technical Outerwear,TECHNICAL_OUTE_0149,Tidefall,Tidefall Venture,0,341.93,334.13,232.51,345.12,1.4371,0.6737,Slow,True,True,0.3753,0.7029
Technical Outerwear,TECHNICAL_OUTE_0150,Ridgecrest,Ridgecrest Trail,8,538.71,7573.8,4567.08,1395.28,1.6583,3.2732,Fast,False,False,0.0,0.0
Technical Outerwear,TECHNICAL_OUTE_0151,Tidefall,Tidefall Carbon,1,409.73,1162.35,570.16,383.5,2.0386,1.4867,Slow,False,False,0.0,0.0
Technical Outerwear,TECHNICAL_OUTE_0152,Coldrun,Coldrun Team,48,47.01,2860.19,2269.18,1137.14,1.2605,1.9955,Moderate,False,False,0.0,0.0
Technical Outerwear,TECHNICAL_OUTE_0153,Edgewood,Edgewood Summit,5,473.79,4649.58,2599.26,845.84,1.7888,3.073,Fast,False,False,0.0,0.0
Technical Outerwear,TECHNICAL_OUTE_0154,Ridgecrest,Ridgecrest Ascent,61,126.77,17153.29,7838.6,3788.35,2.1883,2.0691,Moderate,False,False,0.0,0.0
Technical Outerwear,TECHNICAL_OUTE_0155,Deepfreeze,Deepfreeze Crest,86,196.58,33954.97,17077.67,4249.4,1.9883,4.0188,Fast,False,False,0.0,0.0
Technical Outerwear,TECHNICAL_OUTE_0156,Tidefall,Tidefall Foundation,10,123.06,2391.81,1271.76,2366.26,1.8807,0.5375,Slow,False,True,0.2889,0.4317
Technical Outerwear,TECHNICAL_OUTE_0157,Deepfreeze,Deepfreeze Apex,9,324.04,5596.45,2948.83,696.19,1.8979,4.2357,Fast,False,False,0.0,0.0
Technical Outerwear,TECHNICAL_OUTE_0158,Coldrun,Coldrun Xpedition,0,56.85,70.88,33.79,20.0,2.0975,1.6897,Moderate,True,False,0.0,0.0
Technical Outerwear,TECHNICAL_OUTE_0159,Deepfreeze,Deepfreeze Team,40,65.34,3745.55,2627.08,1720.26,1.4257,1.5271,Moderate,False,True,0.1896,0.5002
Technical Outerwear,TECHNICAL_OUTE_0160,Tidefall,Tidefall Enduro,6,121.94,1469.59,745.48,273.6,1.9713,2.7247,Moderate,False,False,0.0,0.0
Technical Outerwear,TECHNICAL_OUTE_0161,Edgewood,Edgewood Xpedition,0,640.31,69.42,30.66,20.0,2.2638,1.5332,Moderate,True,False,0.0,0.0
Technical Outerwear,TECHNICAL_OUTE_0162,Tidefall,Tidefall Lite,1,331.98,641.75,374.76,148.82,1.7124,2.5182,Moderate,False,False,0.0,0.0
Technical Outerwear,TECHNICAL_OUTE_0163,Tidefall,Tidefall Signature,1,163.0,341.87,163.64,47.81,2.0892,3.4224,Fast,False,False,0.0,0.0
Technical Outerwear,TECHNICAL_OUTE_0164,Deepfreeze,Deepfreeze Trail,10,72.44,1129.14,788.85,1026.6,1.4314,0.7684,Slow,False,True,0.3087,0.5684
Technical Outerwear,TECHNICAL_OUTE_0165,Edgewood,Edgewood Pro,68,59.78,6103.7,4085.17,2113.61,1.4941,1.9328,Moderate,False,False,0.0,0.0
Technical Outerwear,TECHNICAL_OUTE_0166,Deepfreeze,Deepfreeze Ascent,0,343.03,94.47,56.52,20.0,1.6714,2.826,Moderate,True,False,0.0,0.0
Technical Outerwear,TECHNICAL_OUTE_0167,Coldrun,Coldrun Elite,2,462.94,2093.55,1346.63,589.74,1.5547,2.2834,Moderate,False,False,0.0,0.0
Technical Outerwear,TECHNICAL_OUTE_0168,Ridgecrest,Ridgecrest Traverse,1,70.6,121.11,74.63,20.0,1.6229,3.7313,Fast,False,False,0.0,0.0
Technical Outerwear,TECHNICAL_OUTE_0169,Deepfreeze,Deepfreeze Elite,21,26.45,1226.38,570.62,336.61,2.1492,1.6952,Moderate,False,False,0.0,0.0
Technical Outerwear,TECHNICAL_OUTE_0170,Coldrun,Coldrun Ascent,3,649.43,3060.75,1956.78,1209.14,1.5642,1.6183,Moderate,False,False,0.0,0.0
Technical Outerwear,TECHNICAL_OUTE_0171,Tidefall,Tidefall Team,1,202.83,448.36,326.16,151.11,1.3747,2.1584,Moderate,False,False,0.0,0.0
Technical Outerwear,TECHNICAL_OUTE_0172,Coldrun,Coldrun Team,0,130.45,16.38,10.01,20.0,1.6354,0.5007,Slow,True,True,0.3764,0.493
Technical Outerwear,TECHNICAL_OUTE_0173,Edgewood,Edgewood Comp,2,413.3,1983.15,907.2,465.89,2.186,1.9472,Moderate,False,True,0.2482,0.3785
Technical Outerwear,TECHNICAL_OUTE_0174,Deepfreeze,Deepfreeze Pro,2,234.75,1249.88,569.77,683.24,2.1937,0.8339,Slow,False,True,0.253,0.4599
Technical Outerwear,TECHNICAL_OUTE_0175,Deepfreeze,Deepfreeze Enduro,3,411.46,2736.41,1551.44,810.73,1.7638,1.9136,Moderate,False,False,0.0,0.0
Technical Outerwear,TECHNICAL_OUTE_0176,Ridgecrest,Ridgecrest Crest,0,437.41,649.0,395.12,431.88,1.6425,0.9149,Slow,True,True,0.3617,0.5133
Technical Outerwear,TECHNICAL_OUTE_0177,Edgewood,Edgewood Foundation,7,27.56,348.88,208.97,20.0,1.6695,10.4485,Fast,False,False,0.0,0.0
Technical Outerwear,TECHNICAL_OUTE_0178,Deepfreeze,Deepfreeze Pro,13,270.97,7215.98,3581.48,1708.85,2.0148,2.0958,Moderate,False,False,0.0,0.0
Technical Outerwear,TECHNICAL_OUTE_0179,Coldrun,Coldrun Enduro,1,290.37,579.93,309.14,136.33,1.876,2.2675,Moderate,False,False,0.0,0.0
Technical Outerwear,TECHNICAL_OUTE_0180,Deepfreeze,Deepfreeze Signature,1,243.69,665.97,393.95,268.18,1.6905,1.469,Slow,False,False,0.0,0.0
Technical Outerwear,TECHNICAL_OUTE_0181,Tidefall,Tidefall Tour,63,204.27,21077.88,12888.88,1643.06,1.6354,7.8444,Fast,False,False,0.0,0.0
Technical Outerwear,TECHNICAL_OUTE_0182,Deepfreeze,Deepfreeze Enduro,11,514.87,12585.95,5805.74,763.4,2.1678,7.6051,Fast,False,False,0.0,0.0
Technical Outerwear,TECHNICAL_OUTE_0183,Coldrun,Coldrun Carbon,27,73.35,3041.46,2026.91,1025.79,1.5005,1.976,Moderate,False,False,0.0,0.0
Technical Outerwear,TECHNICAL_OUTE_0184,Deepfreeze,Deepfreeze Comp,5,90.74,972.52,526.66,298.38,1.8466,1.7651,Moderate,False,False,0.0,0.0
Technical Outerwear,TECHNICAL_OUTE_0185,Coldrun,Coldrun Ridge,7,621.43,8682.58,4677.3,694.07,1.8563,6.739,Fast,False,False,0.0,0.0
Technical Outerwear,TECHNICAL_OUTE_0186,Edgewood,Edgewood Sport,2,599.42,2600.1,1424.75,3299.8,1.825,0.4318,Dead,False,True,0.3133,0.586
Technical Outerwear,TECHNICAL_OUTE_0187,Tidefall,Tidefall MAX,29,242.93,10712.0,7049.41,4346.85,1.5196,1.6217,Moderate,False,False,0.0,0.0
Technical Outerwear,TECHNICAL_OUTE_0188,Ridgecrest,Ridgecrest Series II,1,188.84,490.89,245.55,186.08,1.9991,1.3196,Slow,False,False,0.0,0.0
Technical Outerwear,TECHNICAL_OUTE_0189,Edgewood,Edgewood Crest,1,386.44,1384.8,703.67,440.65,1.968,1.5969,Moderate,False,True,0.0662,0.3962
Technical Outerwear,TECHNICAL_OUTE_0190,Coldrun,Coldrun LTD,0,609.37,38.8,23.17,20.0,1.6746,1.1584,Slow,True,True,0.3144,0.364
Technical Outerwear,TECHNICAL_OUTE_0191,Tidefall,Tidefall Summit,0,231.01,79.81,47.76,76.73,1.6712,0.6224,Slow,True,True,0.3189,0.6789
Technical Outerwear,TECHNICAL_OUTE_0192,Deepfreeze,Deepfreeze LTD,5,362.91,3257.99,2154.97,1990.72,1.5119,1.0825,Slow,False,True,0.2854,0.4862
Technical Outerwear,TECHNICAL_OUTE_0193,Tidefall,Tidefall Tour,1,157.5,453.88,197.61,100.69,2.2968,1.9627,Moderate,False,False,0.0,0.0
Technical Outerwear,TECHNICAL_OUTE_0194,Edgewood,Edgewood Series II,14,290.87,8051.55,4224.23,1763.82,1.906,2.3949,Moderate,False,False,0.0,0.0
Midlayer & Fleece,MIDLAYER_AND_F_0001,Stonepath,Stonepath Traverse,44,351.47,35099.13,15644.01,1758.24,2.2436,8.8975,Fast,False,False,0.0,0.0
Midlayer & Fleece,MIDLAYER_AND_F_0002,Stonepath,Stonepath Traverse,29,147.56,7163.91,4411.37,1004.06,1.624,4.3935,Fast,False,False,0.0,0.0
Midlayer & Fleece,MIDLAYER_AND_F_0003,Mesaflow,Mesaflow Team,153,30.99,9241.24,4758.52,2223.6,1.942,2.14,Moderate,False,False,0.0,0.0
Midlayer & Fleece,MIDLAYER_AND_F_0004,Tidefall,Tidefall Crest,0,491.3,240.89,123.78,20.0,1.9462,6.1888,Fast,True,False,0.0,0.0
Midlayer & Fleece,MIDLAYER_AND_F_0005,Highmark,Highmark Venture,0,519.76,218.1,110.75,28.61,1.9694,3.8705,Fast,True,False,0.0,0.0
Midlayer & Fleece,MIDLAYER_AND_F_0006,Clearwater,Clearwater Pro,4,605.94,5640.32,2611.15,729.32,2.1601,3.5803,Fast,False,False,0.0,0.0
Midlayer & Fleece,MIDLAYER_AND_F_0007,Northeave,Northeave Enduro,0,451.45,370.76,257.62,85.14,1.4392,3.026,Fast,True,False,0.0,0.0
Midlayer & Fleece,MIDLAYER_AND_F_0008,Highmark,Highmark Trail,1,375.06,1679.61,718.84,212.57,2.3365,3.3817,Fast,False,False,0.0,0.0
Midlayer & Fleece,MIDLAYER_AND_F_0009,Mesaflow,Mesaflow Carbon,3,552.23,3222.34,1778.5,618.17,1.8118,2.877,Moderate,False,False,0.0,0.0
Midlayer & Fleece,MIDLAYER_AND_F_0010,Stonepath,Stonepath Signature,2,328.34,1195.88,677.53,128.07,1.765,5.2902,Fast,False,False,0.0,0.0
Midlayer & Fleece,MIDLAYER_AND_F_0011,Coastline,Coastline Pro,1,223.62,968.52,417.72,353.93,2.3186,1.1802,Slow,False,False,0.0,0.0
Midlayer & Fleece,MIDLAYER_AND_F_0012,Clearwater,Clearwater Origin,585,21.66,26373.24,12692.82,2333.15,2.0778,5.4402,Fast,False,False,0.0,0.0
Midlayer & Fleece,MIDLAYER_AND_F_0013,Tidefall,Tidefall Team,18,511.74,21217.52,9363.57,2921.65,2.266,3.2049,Fast,False,False,0.0,0.0
Midlayer & Fleece,MIDLAYER_AND_F_0014,Stonepath,Stonepath Trail,15,217.48,6087.75,3290.99,851.82,1.8498,3.8635,Fast,False,False,0.0,0.0
Midlayer & Fleece,MIDLAYER_AND_F_0015,Northeave,Northeave Series II,0,385.11,312.2,164.53,52.8,1.8976,3.116,Fast,True,False,0.0,0.0
Midlayer & Fleece,MIDLAYER_AND_F_0016,Mesaflow,Mesaflow Signature,35,227.09,16806.03,8031.98,2355.34,2.0924,3.4101,Fast,False,False,0.0,0.0
Midlayer & Fleece,MIDLAYER_AND_F_0017,Highmark,Highmark Origin,1,110.17,396.56,183.22,317.35,2.1643,0.5773,Slow,False,False,0.0,0.0
Midlayer & Fleece,MIDLAYER_AND_F_0018,Tidefall,Tidefall Ascent,0,461.86,341.89,155.29,20.0,2.2017,7.7644,Fast,True,False,0.0,0.0
Midlayer & Fleece,MIDLAYER_AND_F_0019,Coastline,Coastline Ridge,0,377.04,73.11,36.72,59.75,1.991,0.6145,Slow,True,True,0.3355,0.5629
Midlayer & Fleece,MIDLAYER_AND_F_0020,Clearwater,Clearwater Trail,1,600.34,1427.19,803.65,522.27,1.7759,1.5388,Moderate,False,False,0.0,0.0
Midlayer & Fleece,MIDLAYER_AND_F_0021,Mesaflow,Mesaflow Team,0,529.07,57.76,44.53,20.0,1.2972,2.2265,Moderate,True,False,0.0,0.0
Midlayer & Fleece,MIDLAYER_AND_F_0022,Stonepath,Stonepath Ascent,0,362.65,315.32,173.19,119.89,1.8207,1.4446,Slow,True,True,0.3515,0.4987
Midlayer & Fleece,MIDLAYER_AND_F_0023,Mesaflow,Mesaflow Lite,2,414.09,1586.76,986.66,518.61,1.6082,1.9025,Moderate,False,False,0.0,0.0
Midlayer & Fleece,MIDLAYER_AND_F_0024,Highmark,Highmark Trail,4,409.21,2888.33,1809.36,585.17,1.5963,3.092,Fast,False,False,0.0,0.0
Midlayer & Fleece,MIDLAYER_AND_F_0025,Northeave,Northeave Team,16,118.93,4380.94,1935.86,545.62,2.263,3.548,Fast,False,False,0.0,0.0
Midlayer & Fleece,MIDLAYER_AND_F_0026,Stonepath,Stonepath Ridge,7,177.3,2364.64,1255.01,397.49,1.8842,3.1574,Fast,False,False,0.0,0.0
Midlayer & Fleece,MIDLAYER_AND_F_0027,Mesaflow,Mesaflow Summit,1,510.28,1539.73,742.49,1000.72,2.0737,0.742,Slow,False,True,0.2973,0.5266
Midlayer & Fleece,MIDLAYER_AND_F_0028,Tidefall,Tidefall Tour,29,171.73,11643.75,5006.17,2574.49,2.3259,1.9445,Moderate,False,False,0.0,0.0
Midlayer & Fleece,MIDLAYER_AND_F_0029,Mesaflow,Mesaflow Crest,0,233.69,45.43,21.47,20.0,2.1161,1.0735,Slow,True,False,0.0,0.0
Midlayer & Fleece,MIDLAYER_AND_F_0030,Mesaflow,Mesaflow Comp,3,75.68,504.99,245.83,232.56,2.0542,1.0571,Slow,False,False,0.0,0.0
Midlayer & Fleece,MIDLAYER_AND_F_0031,Stonepath,Stonepath X1,41,403.38,27343.84,16605.27,3201.71,1.6467,5.1864,Fast,False,False,0.0,0.0
Midlayer & Fleece,MIDLAYER_AND_F_0032,Highmark,Highmark Ridge,4,333.53,2362.48,1377.05,536.4,1.7156,2.5672,Moderate,False,False,0.0,0.0
Midlayer & Fleece,MIDLAYER_AND_F_0033,Northeave,Northeave Apex,5,613.69,6544.87,3500.27,738.41,1.8698,4.7403,Fast,False,False,0.0,0.0
Midlayer & Fleece,MIDLAYER_AND_F_0034,Northeave,Northeave Comp,0,495.35,740.46,354.18,59.81,2.0906,5.9219,Fast,True,False,0.0,0.0
Midlayer & Fleece,MIDLAYER_AND_F_0035,Clearwater,Clearwater Foundation,4,469.5,3741.23,2096.1,773.69,1.7849,2.7092,Moderate,False,False,0.0,0.0
Midlayer & Fleece,MIDLAYER_AND_F_0036,Highmark,Highmark Apex,8,130.83,1614.65,1102.51,505.09,1.4645,2.1828,Moderate,False,False,0.0,0.0
Midlayer & Fleece,MIDLAYER_AND_F_0037,Northeave,Northeave Ridge,0,360.58,54.9,33.04,20.0,1.6615,1.6522,Moderate,True,True,0.2095,0.462
Midlayer & Fleece,MIDLAYER_AND_F_0038,Clearwater,Clearwater Traverse,30,55.81,3362.96,1695.61,743.21,1.9833,2.2815,Moderate,False,False,0.0,0.0
Midlayer & Fleece,MIDLAYER_AND_F_0039,Clearwater,Clearwater MAX,28,77.21,4095.88,2184.83,863.36,1.8747,2.5306,Moderate,False,False,0.0,0.0
Midlayer & Fleece,MIDLAYER_AND_F_0040,Mesaflow,Mesaflow Sport,4,252.78,2734.0,1229.35,1567.8,2.2239,0.7841,Slow,False,True,0.3701,0.5756
Midlayer & Fleece,MIDLAYER_AND_F_0041,Mesaflow,Mesaflow Ascent,4,389.81,2685.17,1836.22,388.97,1.4623,4.7207,Fast,False,False,0.0,0.0
Midlayer & Fleece,MIDLAYER_AND_F_0042,Stonepath,Stonepath Trail,25,24.8,1283.24,621.36,277.64,2.0652,2.238,Moderate,False,False,0.0,0.0
Midlayer & Fleece,MIDLAYER_AND_F_0043,Stonepath,Stonepath Comp,37,273.21,20146.17,10127.76,2041.97,1.9892,4.9598,Fast,False,False,0.0,0.0
Midlayer & Fleece,MIDLAYER_AND_F_0044,Clearwater,Clearwater X1,2,62.22,321.19,152.22,278.56,2.1101,0.5465,Slow,False,True,0.321,0.7063
Midlayer & Fleece,MIDLAYER_AND_F_0045,Highmark,Highmark Carbon,0,593.55,884.48,445.35,758.86,1.986,0.5869,Slow,True,True,0.3324,0.6418
Midlayer & Fleece,MIDLAYER_AND_F_0046,Northeave,Northeave Sport,0,167.84,155.6,91.36,62.5,1.7031,1.4618,Slow,True,True,0.145,0.3357
Midlayer & Fleece,MIDLAYER_AND_F_0047,Coastline,Coastline Team,0,460.79,181.05,99.95,29.21,1.8114,3.4223,Fast,True,False,0.0,0.0
Midlayer & Fleece,MIDLAYER_AND_F_0048,Northeave,Northeave Series II,1,400.52,787.33,436.67,283.26,1.803,1.5416,Moderate,False,False,0.0,0.0
Midlayer & Fleece,MIDLAYER_AND_F_0049,Coastline,Coastline Tour,2,611.98,3112.35,1511.18,484.5,2.0595,3.1191,Fast,False,False,0.0,0.0
Midlayer & Fleece,MIDLAYER_AND_F_0050,Stonepath,Stonepath Base,2,446.22,2655.18,1253.72,670.07,2.1178,1.871,Moderate,False,False,0.0,0.0
Midlayer & Fleece,MIDLAYER_AND_F_0051,Coastline,Coastline Sport,5,623.54,6182.93,3529.14,1183.65,1.752,2.9816,Moderate,False,False,0.0,0.0
Midlayer & Fleece,MIDLAYER_AND_F_0052,Stonepath,Stonepath Enduro,4,587.02,4169.19,2652.08,1503.63,1.572,1.7638,Moderate,False,False,0.0,0.0
Midlayer & Fleece,MIDLAYER_AND_F_0053,Northeave,Northeave LTD,0,624.35,231.99,133.87,30.93,1.7329,4.3277,Fast,True,False,0.0,0.0
Midlayer & Fleece,MIDLAYER_AND_F_0054,Stonepath,Stonepath Summit,1,579.06,2071.42,1145.06,373.56,1.809,3.0652,Fast,False,False,0.0,0.0
Midlayer & Fleece,MIDLAYER_AND_F_0055,Tidefall,Tidefall Summit,6,291.35,3175.97,1956.46,720.88,1.6233,2.714,Moderate,False,False,0.0,0.0
Midlayer & Fleece,MIDLAYER_AND_F_0056,Highmark,Highmark Elite,3,553.62,2577.87,1702.29,818.57,1.5144,2.0796,Moderate,False,False,0.0,0.0
Midlayer & Fleece,MIDLAYER_AND_F_0057,Coastline,Coastline X1,122,187.08,40255.29,22825.94,4153.42,1.7636,5.4957,Fast,False,False,0.0,0.0
Midlayer & Fleece,MIDLAYER_AND_F_0058,Tidefall,Tidefall Trail,0,484.73,169.98,90.17,20.0,1.8851,4.5085,Fast,True,False,0.0,0.0
Midlayer & Fleece,MIDLAYER_AND_F_0059,Clearwater,Clearwater Venture,0,342.67,176.12,110.07,20.0,1.6,5.5036,Fast,True,False,0.0,0.0
Midlayer & Fleece,MIDLAYER_AND_F_0060,Highmark,Highmark X1,16,185.98,5708.74,3038.24,645.91,1.879,4.7038,Fast,False,False,0.0,0.0
Midlayer & Fleece,MIDLAYER_AND_F_0061,Stonepath,Stonepath Team,0,418.65,106.05,69.01,20.0,1.5368,3.4503,Fast,True,False,0.0,0.0
Midlayer & Fleece,MIDLAYER_AND_F_0062,Clearwater,Clearwater LTD,0,582.39,580.21,337.15,157.25,1.7209,2.1441,Moderate,True,False,0.0,0.0
Midlayer & Fleece,MIDLAYER_AND_F_0063,Mesaflow,Mesaflow Elite,18,21.63,772.96,398.95,135.25,1.9375,2.9497,Moderate,False,True,0.1942,0.408
Midlayer & Fleece,MIDLAYER_AND_F_0064,Northeave,Northeave Venture,9,520.44,10507.82,4771.95,1309.04,2.202,3.6454,Fast,False,False,0.0,0.0
Midlayer & Fleece,MIDLAYER_AND_F_0065,Northeave,Northeave Apex,1,144.78,434.65,202.85,91.31,2.1427,2.2215,Moderate,False,True,0.1143,0.3704
Midlayer & Fleece,MIDLAYER_AND_F_0066,Northeave,Northeave Team,17,473.8,16856.35,8323.26,1207.74,2.0252,6.8916,Fast,False,False,0.0,0.0
Midlayer & Fleece,MIDLAYER_AND_F_0067,Northeave,Northeave Xpedition,0,410.74,63.89,36.0,20.0,1.775,1.7998,Moderate,True,False,0.0,0.0
Midlayer & Fleece,MIDLAYER_AND_F_0068,Northeave,Northeave Enduro,11,247.01,3930.73,2730.52,1901.91,1.4396,1.4357,Slow,False,False,0.0,0.0
Midlayer & Fleece,MIDLAYER_AND_F_0069,Northeave,Northeave LTD,1,189.8,518.84,268.86,85.94,1.9298,3.1284,Fast,False,False,0.0,0.0
Midlayer & Fleece,MIDLAYER_AND_F_0070,Coastline,Coastline Lite,11,307.52,8157.57,3530.86,2320.89,2.3104,1.5213,Moderate,False,False,0.0,0.0
Midlayer & Fleece,MIDLAYER_AND_F_0071,Highmark,Highmark Series II,4,607.69,5660.93,2920.23,991.87,1.9385,2.9442,Moderate,False,False,0.0,0.0
Midlayer & Fleece,MIDLAYER_AND_F_0072,Coastline,Coastline LTD,0,360.0,584.56,274.99,244.96,2.1258,1.1226,Slow,True,True,0.3169,0.5686
Midlayer & Fleece,MIDLAYER_AND_F_0073,Coastline,Coastline Foundation,6,600.57,7071.96,3951.77,1207.28,1.7896,3.2733,Fast,False,False,0.0,0.0
Midlayer & Fleece,MIDLAYER_AND_F_0074,Mesaflow,Mesaflow Team,3,233.94,2043.63,930.58,313.71,2.1961,2.9664,Moderate,False,False,0.0,0.0
Midlayer & Fleece,MIDLAYER_AND_F_0075,Northeave,Northeave Base,0,248.26,93.71,54.7,33.61,1.7131,1.6276,Moderate,True,False,0.0,0.0
Midlayer & Fleece,MIDLAYER_AND_F_0076,Highmark,Highmark Ascent,4,339.22,3101.49,1689.55,866.84,1.8357,1.9491,Moderate,False,False,0.0,0.0
Midlayer & Fleece,MIDLAYER_AND_F_0077,Highmark,Highmark Apex,9,266.51,3634.62,2426.51,1053.16,1.4979,2.304,Moderate,False,False,0.0,0.0
Midlayer & Fleece,MIDLAYER_AND_F_0078,Clearwater,Clearwater Ascent,115,285.8,63652.73,32995.94,8790.63,1.9291,3.7535,Fast,False,False,0.0,0.0
Midlayer & Fleece,MIDLAYER_AND_F_0079,Highmark,Highmark Venture,0,384.44,382.44,206.69,55.66,1.8503,3.7133,Fast,True,False,0.0,0.0
Midlayer & Fleece,MIDLAYER_AND_F_0080,Highmark,Highmark LTD,0,582.17,100.43,49.67,28.39,2.0218,1.7499,Moderate,True,False,0.0,0.0
Midlayer & Fleece,MIDLAYER_AND_F_0081,Coastline,Coastline LTD,1,265.33,809.28,367.07,463.72,2.2047,0.7916,Slow,False,True,0.2417,0.6831
Midlayer & Fleece,MIDLAYER_AND_F_0082,Mesaflow,Mesaflow Enduro,7,106.41,1805.86,846.06,597.67,2.1344,1.4156,Slow,False,False,0.0,0.0
Midlayer & Fleece,MIDLAYER_AND_F_0083,Mesaflow,Mesaflow Ridge,19,43.75,1256.69,858.77,544.46,1.4634,1.5773,Moderate,False,False,0.0,0.0
Midlayer & Fleece,MIDLAYER_AND_F_0084,Northeave,Northeave MAX,0,484.53,120.47,61.21,20.68,1.9681,2.9599,Moderate,True,False,0.0,0.0
Midlayer & Fleece,MIDLAYER_AND_F_0085,Stonepath,Stonepath Signature,7,152.26,2155.25,1091.97,584.52,1.9737,1.8681,Moderate,False,False,0.0,0.0
Midlayer & Fleece,MIDLAYER_AND_F_0086,Mesaflow,Mesaflow Trail,46,289.01,30535.75,13543.17,5365.14,2.2547,2.5243,Moderate,False,False,0.0,0.0
Midlayer & Fleece,MIDLAYER_AND_F_0087,Mesaflow,Mesaflow Origin,42,299.97,32960.63,12799.28,1753.51,2.5752,7.2992,Fast,False,False,0.0,0.0
Midlayer & Fleece,MIDLAYER_AND_F_0088,Stonepath,Stonepath Apex,2,554.4,2884.45,1630.11,255.1,1.7695,6.3902,Fast,False,False,0.0,0.0
Midlayer & Fleece,MIDLAYER_AND_F_0089,Stonepath,Stonepath Series II,0,334.26,67.55,43.21,74.71,1.5634,0.5783,Slow,True,True,0.2196,0.5326
Midlayer & Fleece,MIDLAYER_AND_F_0090,Mesaflow,Mesaflow Lite,6,542.72,6931.81,3774.57,1588.35,1.8365,2.3764,Moderate,False,True,0.2473,0.2738
Midlayer & Fleece,MIDLAYER_AND_F_0091,Northeave,Northeave Foundation,0,514.42,407.62,236.46,49.16,1.7239,4.8103,Fast,True,False,0.0,0.0
Midlayer & Fleece,MIDLAYER_AND_F_0092,Tidefall,Tidefall Ascent,8,66.88,1157.3,584.01,371.25,1.9816,1.5731,Moderate,False,True,0.2509,0.2548
Midlayer & Fleece,MIDLAYER_AND_F_0093,Tidefall,Tidefall Pro,0,491.44,576.73,401.28,68.27,1.4372,5.8779,Fast,True,False,0.0,0.0
Midlayer & Fleece,MIDLAYER_AND_F_0094,Stonepath,Stonepath LTD,5,467.43,3342.29,2559.66,845.57,1.3058,3.0272,Fast,False,False,0.0,0.0
Midlayer & Fleece,MIDLAYER_AND_F_0095,Tidefall,Tidefall Crest,10,595.23,11204.92,5982.6,2208.23,1.8729,2.7092,Moderate,False,False,0.0,0.0
Midlayer & Fleece,MIDLAYER_AND_F_0096,Tidefall,Tidefall Ridge,10,505.43,10927.65,5282.74,1036.39,2.0686,5.0973,Fast,False,False,0.0,0.0
Midlayer & Fleece,MIDLAYER_AND_F_0097,Clearwater,Clearwater Crest,21,82.16,2930.21,1781.93,477.55,1.6444,3.7314,Fast,False,False,0.0,0.0
Midlayer & Fleece,MIDLAYER_AND_F_0098,Mesaflow,Mesaflow Sport,31,322.83,17166.19,10107.95,4626.18,1.6983,2.1849,Moderate,False,False,0.0,0.0
Midlayer & Fleece,MIDLAYER_AND_F_0099,Coastline,Coastline Team,0,258.25,67.07,36.63,21.65,1.8311,1.6918,Moderate,True,False,0.0,0.0
Midlayer & Fleece,MIDLAYER_AND_F_0100,Clearwater,Clearwater Signature,0,255.82,400.49,190.96,53.37,2.0973,3.5779,Fast,True,False,0.0,0.0
Midlayer & Fleece,MIDLAYER_AND_F_0101,Tidefall,Tidefall X1,16,128.45,3241.8,2062.59,1108.61,1.5717,1.8605,Moderate,False,False,0.0,0.0
Midlayer & Fleece,MIDLAYER_AND_F_0102,Clearwater,Clearwater Ascent,24,289.6,12299.19,7123.46,3657.06,1.7266,1.9479,Moderate,False,False,0.0,0.0
Midlayer & Fleece,MIDLAYER_AND_F_0103,Mesaflow,Mesaflow Origin,0,506.58,450.81,287.26,90.28,1.5693,3.1819,Fast,True,True,0.1241,0.3244
Midlayer & Fleece,MIDLAYER_AND_F_0104,Northeave,Northeave MAX,0,480.71,144.43,79.7,20.0,1.8121,3.9852,Fast,True,False,0.0,0.0
Midlayer & Fleece,MIDLAYER_AND_F_0105,Tidefall,Tidefall Elite,3,335.19,2511.36,1304.01,358.38,1.9259,3.6387,Fast,False,False,0.0,0.0
Midlayer & Fleece,MIDLAYER_AND_F_0106,Mesaflow,Mesaflow Sport,1,604.49,1789.42,790.09,992.87,2.2648,0.7958,Slow,False,False,0.0,0.0
Midlayer & Fleece,MIDLAYER_AND_F_0107,Stonepath,Stonepath Summit,0,262.82,509.16,254.17,188.15,2.0032,1.3509,Slow,True,False,0.0,0.0
Midlayer & Fleece,MIDLAYER_AND_F_0108,Northeave,Northeave Elite,8,275.23,4075.77,2310.62,847.04,1.7639,2.7279,Moderate,False,False,0.0,0.0
Midlayer & Fleece,MIDLAYER_AND_F_0109,Stonepath,Stonepath Pro,1,90.43,193.46,125.66,20.0,1.5396,6.2831,Fast,False,False,0.0,0.0
Midlayer & Fleece,MIDLAYER_AND_F_0110,Mesaflow,Mesaflow Ridge,25,99.83,5004.69,2560.11,1139.59,1.9549,2.2465,Moderate,False,True,0.32,0.3354
Midlayer & Fleece,MIDLAYER_AND_F_0111,Clearwater,Clearwater Lite,18,169.69,6090.12,3113.39,531.88,1.9561,5.8535,Fast,False,False,0.0,0.0
Midlayer & Fleece,MIDLAYER_AND_F_0112,Tidefall,Tidefall Foundation,0,294.26,155.65,101.54,40.14,1.533,2.5297,Moderate,True,False,0.0,0.0
Midlayer & Fleece,MIDLAYER_AND_F_0113,Mesaflow,Mesaflow Sport,15,506.66,12095.66,7885.28,3948.86,1.534,1.9968,Moderate,False,False,0.0,0.0
Midlayer & Fleece,MIDLAYER_AND_F_0114,Highmark,Highmark LTD,0,587.6,461.85,262.93,80.61,1.7566,3.2617,Fast,True,False,0.0,0.0
Midlayer & Fleece,MIDLAYER_AND_F_0115,Northeave,Northeave Ascent,5,213.84,2274.36,1162.15,366.67,1.957,3.1695,Fast,False,False,0.0,0.0
Midlayer & Fleece,MIDLAYER_AND_F_0116,Tidefall,Tidefall Carbon,0,572.52,443.94,245.48,168.07,1.8085,1.4606,Slow,True,False,0.0,0.0
Midlayer & Fleece,MIDLAYER_AND_F_0117,Tidefall,Tidefall Ridge,0,570.88,574.07,268.18,62.89,2.1406,4.2645,Fast,True,False,0.0,0.0
Midlayer & Fleece,MIDLAYER_AND_F_0118,Mesaflow,Mesaflow Summit,1,498.54,1463.95,840.48,666.16,1.7418,1.2617,Slow,False,False,0.0,0.0
Midlayer & Fleece,MIDLAYER_AND_F_0119,Mesaflow,Mesaflow Crest,0,451.44,81.54,41.81,20.0,1.9505,2.0903,Moderate,True,False,0.0,0.0
Midlayer & Fleece,MIDLAYER_AND_F_0120,Clearwater,Clearwater Xpedition,9,197.26,2994.37,1800.15,388.17,1.6634,4.6376,Fast,False,False,0.0,0.0
Midlayer & Fleece,MIDLAYER_AND_F_0121,Coastline,Coastline Comp,0,560.64,1140.6,509.44,229.03,2.2389,2.2244,Moderate,True,False,0.0,0.0
Midlayer & Fleece,MIDLAYER_AND_F_0122,Coastline,Coastline Team,0,245.77,64.48,27.47,20.0,2.3471,1.3737,Slow,True,False,0.0,0.0
Midlayer & Fleece,MIDLAYER_AND_F_0123,Coastline,Coastline Ridge,64,82.02,10185.91,5252.47,1387.47,1.9393,3.7857,Fast,False,False,0.0,0.0
Midlayer & Fleece,MIDLAYER_AND_F_0124,Tidefall,Tidefall Carbon,3,55.65,395.41,190.75,20.0,2.0729,9.5375,Fast,False,False,0.0,0.0
Midlayer & Fleece,MIDLAYER_AND_F_0125,Tidefall,Tidefall Traverse,0,429.19,372.8,218.09,139.06,1.7094,1.5684,Moderate,True,False,0.0,0.0
Midlayer & Fleece,MIDLAYER_AND_F_0126,Stonepath,Stonepath Tour,4,446.21,4159.88,1949.55,1691.62,2.1338,1.1525,Slow,False,False,0.0,0.0
Midlayer & Fleece,MIDLAYER_AND_F_0127,Mesaflow,Mesaflow Pro,7,370.8,5474.43,2750.51,522.24,1.9903,5.2667,Fast,False,False,0.0,0.0
Midlayer & Fleece,MIDLAYER_AND_F_0128,Mesaflow,Mesaflow Trail,1,593.97,2610.96,1048.07,220.43,2.4912,4.7546,Fast,False,False,0.0,0.0
Midlayer & Fleece,MIDLAYER_AND_F_0129,Highmark,Highmark Enduro,0,567.44,313.58,171.22,50.86,1.8314,3.3664,Fast,True,False,0.0,0.0
Midlayer & Fleece,MIDLAYER_AND_F_0130,Coastline,Coastline Origin,2,189.61,1133.66,548.02,343.76,2.0687,1.5942,Moderate,False,False,0.0,0.0
Midlayer & Fleece,MIDLAYER_AND_F_0131,Coastline,Coastline Signature,0,412.93,349.65,180.83,48.46,1.9335,3.7312,Fast,True,False,0.0,0.0
Midlayer & Fleece,MIDLAYER_AND_F_0132,Coastline,Coastline Apex,83,30.23,3471.01,2522.65,895.47,1.3759,2.8171,Moderate,False,False,0.0,0.0
Midlayer & Fleece,MIDLAYER_AND_F_0133,Mesaflow,Mesaflow Pro,14,564.92,17065.86,8227.45,1942.97,2.0743,4.2345,Fast,False,False,0.0,0.0
Midlayer & Fleece,MIDLAYER_AND_F_0134,Highmark,Highmark Carbon,0,268.59,67.49,46.94,20.0,1.438,2.3468,Moderate,True,False,0.0,0.0
Midlayer & Fleece,MIDLAYER_AND_F_0135,Tidefall,Tidefall Ridge,0,603.35,986.05,556.79,150.88,1.771,3.6903,Fast,True,False,0.0,0.0
Midlayer & Fleece,MIDLAYER_AND_F_0136,Tidefall,Tidefall Traverse,1,262.98,704.31,506.02,159.06,1.3919,3.1813,Fast,False,False,0.0,0.0
Midlayer & Fleece,MIDLAYER_AND_F_0137,Tidefall,Tidefall Base,0,158.5,215.86,144.9,87.11,1.4898,1.6633,Moderate,True,False,0.0,0.0
Midlayer & Fleece,MIDLAYER_AND_F_0138,Tidefall,Tidefall Trail,6,452.18,6072.92,3049.5,336.2,1.9914,9.0704,Fast,False,False,0.0,0.0
Midlayer & Fleece,MIDLAYER_AND_F_0139,Mesaflow,Mesaflow Venture,27,283.36,14510.42,7653.72,1453.61,1.8959,5.2653,Fast,False,False,0.0,0.0
Midlayer & Fleece,MIDLAYER_AND_F_0140,Highmark,Highmark Traverse,19,269.45,7990.74,5177.15,2140.52,1.5435,2.4186,Moderate,False,False,0.0,0.0
Midlayer & Fleece,MIDLAYER_AND_F_0141,Tidefall,Tidefall Team,0,512.11,317.43,181.78,166.8,1.7462,1.0898,Slow,True,True,0.2652,0.4817
Midlayer & Fleece,MIDLAYER_AND_F_0142,Coastline,Coastline Team,0,429.84,108.19,52.02,20.0,2.08,2.6008,Moderate,True,False,0.0,0.0
Midlayer & Fleece,MIDLAYER_AND_F_0143,Highmark,Highmark Apex,0,475.92,263.95,120.55,20.0,2.1895,6.0275,Fast,True,False,0.0,0.0
Midlayer & Fleece,MIDLAYER_AND_F_0144,Northeave,Northeave Series II,27,53.76,3205.73,1458.65,285.03,2.1977,5.1175,Fast,False,False,0.0,0.0
Midlayer & Fleece,MIDLAYER_AND_F_0145,Stonepath,Stonepath Sport,0,455.37,214.11,148.13,20.0,1.4454,7.4065,Fast,True,False,0.0,0.0
Midlayer & Fleece,MIDLAYER_AND_F_0146,Coastline,Coastline Sport,43,340.37,27022.71,14945.96,1579.35,1.808,9.4634,Fast,False,False,0.0,0.0
Midlayer & Fleece,MIDLAYER_AND_F_0147,Northeave,Northeave Carbon,11,373.23,8268.19,4293.17,1384.74,1.9259,3.1003,Fast,False,True,0.1645,0.3929
Midlayer & Fleece,MIDLAYER_AND_F_0148,Highmark,Highmark Summit,1,643.78,1766.89,922.15,302.83,1.9161,3.0451,Fast,False,False,0.0,0.0
Midlayer & Fleece,MIDLAYER_AND_F_0149,Mesaflow,Mesaflow X1,8,623.11,7872.93,5334.88,2296.43,1.4757,2.3231,Moderate,False,False,0.0,0.0
Midlayer & Fleece,MIDLAYER_AND_F_0150,Clearwater,Clearwater Foundation,2,553.76,2094.18,1269.1,393.04,1.6501,3.229,Fast,False,False,0.0,0.0
Midlayer & Fleece,MIDLAYER_AND_F_0151,Tidefall,Tidefall Lite,10,50.8,968.14,515.52,437.52,1.878,1.1783,Slow,False,True,0.3737,0.4348
Midlayer & Fleece,MIDLAYER_AND_F_0152,Mesaflow,Mesaflow Elite,0,271.16,321.15,154.88,24.06,2.0736,6.4383,Fast,True,False,0.0,0.0
Midlayer & Fleece,MIDLAYER_AND_F_0153,Tidefall,Tidefall Base,19,197.22,7322.54,3913.34,976.12,1.8712,4.0091,Fast,False,True,0.2189,0.1906
Midlayer & Fleece,MIDLAYER_AND_F_0154,Tidefall,Tidefall Signature,6,492.93,5894.98,3449.21,1995.72,1.7091,1.7283,Moderate,False,False,0.0,0.0
Midlayer & Fleece,MIDLAYER_AND_F_0155,Tidefall,Tidefall Venture,11,42.45,898.6,474.25,183.03,1.8948,2.5911,Moderate,False,False,0.0,0.0
Midlayer & Fleece,MIDLAYER_AND_F_0156,Mesaflow,Mesaflow Trail,13,208.62,4960.71,2917.63,1897.26,1.7003,1.5378,Moderate,False,False,0.0,0.0
Midlayer & Fleece,MIDLAYER_AND_F_0157,Tidefall,Tidefall Pro,8,246.93,3505.58,2012.53,740.6,1.7419,2.7174,Moderate,False,False,0.0,0.0
Midlayer & Fleece,MIDLAYER_AND_F_0158,Tidefall,Tidefall Elite,19,81.49,2557.29,1569.31,417.76,1.6296,3.7565,Fast,False,False,0.0,0.0
Midlayer & Fleece,MIDLAYER_AND_F_0159,Northeave,Northeave Sport,0,43.74,73.19,42.25,20.0,1.7324,2.1125,Moderate,True,True,0.2564,0.2831
Midlayer & Fleece,MIDLAYER_AND_F_0160,Clearwater,Clearwater Signature,25,81.67,3592.42,2092.07,571.51,1.7172,3.6606,Fast,False,True,0.0539,0.191
Midlayer & Fleece,MIDLAYER_AND_F_0161,Tidefall,Tidefall Ascent,31,118.36,6954.63,3688.79,1034.7,1.8853,3.5651,Fast,False,False,0.0,0.0
Midlayer & Fleece,MIDLAYER_AND_F_0162,Mesaflow,Mesaflow Apex,2,570.97,2142.82,1166.77,1303.63,1.8365,0.895,Slow,False,True,0.3057,0.5523
Midlayer & Fleece,MIDLAYER_AND_F_0163,Highmark,Highmark Team,20,107.83,3567.46,2173.29,1569.31,1.6415,1.3849,Slow,False,False,0.0,0.0
Midlayer & Fleece,MIDLAYER_AND_F_0164,Highmark,Highmark Sport,0,245.89,134.48,71.27,20.0,1.887,3.5633,Fast,True,True,0.0715,0.2547
Midlayer & Fleece,MIDLAYER_AND_F_0165,Northeave,Northeave LTD,9,422.66,9346.39,4071.3,1275.01,2.2957,3.1932,Fast,False,False,0.0,0.0
Midlayer & Fleece,MIDLAYER_AND_F_0166,Clearwater,Clearwater X1,8,35.8,485.51,318.84,143.0,1.5227,2.2296,Moderate,False,False,0.0,0.0
Midlayer & Fleece,MIDLAYER_AND_F_0167,Stonepath,Stonepath Xpedition,6,130.95,1115.13,873.35,918.33,1.2768,0.951,Slow,False,False,0.0,0.0
Midlayer & Fleece,MIDLAYER_AND_F_0168,Coastline,Coastline Elite,0,199.5,68.83,34.88,20.85,1.9733,1.6728,Moderate,True,False,0.0,0.0
Midlayer & Fleece,MIDLAYER_AND_F_0169,Stonepath,Stonepath Crest,0,567.14,161.27,105.79,62.24,1.5245,1.6996,Moderate,True,False,0.0,0.0
Midlayer & Fleece,MIDLAYER_AND_F_0170,Highmark,Highmark Foundation,0,484.68,110.79,52.3,28.83,2.1183,1.8139,Moderate,True,False,0.0,0.0
Midlayer & Fleece,MIDLAYER_AND_F_0171,Northeave,Northeave Ridge,1,301.72,712.27,464.39,79.24,1.5338,5.8605,Fast,False,False,0.0,0.0
Midlayer & Fleece,MIDLAYER_AND_F_0172,Tidefall,Tidefall Venture,0,447.53,242.19,123.0,73.01,1.969,1.6848,Moderate,True,True,0.1645,0.4856
Midlayer & Fleece,MIDLAYER_AND_F_0173,Clearwater,Clearwater Series II,0,221.79,212.45,121.98,20.0,1.7417,6.0991,Fast,True,False,0.0,0.0
Midlayer & Fleece,MIDLAYER_AND_F_0174,Clearwater,Clearwater Venture,0,227.48,76.15,54.45,20.0,1.3985,2.7223,Moderate,True,False,0.0,0.0
Midlayer & Fleece,MIDLAYER_AND_F_0175,Highmark,Highmark Foundation,19,302.15,13339.71,5921.43,3193.74,2.2528,1.8541,Moderate,False,False,0.0,0.0
Midlayer & Fleece,MIDLAYER_AND_F_0176,Clearwater,Clearwater Ascent,3,239.91,928.09,827.57,243.62,1.1215,3.397,Fast,False,False,0.0,0.0
Midlayer & Fleece,MIDLAYER_AND_F_0177,Coastline,Coastline Sport,1,187.33,486.39,284.76,37.54,1.7081,7.5859,Fast,False,False,0.0,0.0
Midlayer & Fleece,MIDLAYER_AND_F_0178,Clearwater,Clearwater Pro,1,99.62,265.2,122.83,20.0,2.1591,6.1415,Fast,False,False,0.0,0.0
Midlayer & Fleece,MIDLAYER_AND_F_0179,Tidefall,Tidefall Ridge,3,402.84,2301.34,1344.35,238.76,1.7119,5.6305,Fast,False,False,0.0,0.0
Midlayer & Fleece,MIDLAYER_AND_F_0180,Northeave,Northeave Ascent,10,222.28,4444.05,2360.53,2755.28,1.8827,0.8567,Slow,False,True,0.1972,0.6231
Midlayer & Fleece,MIDLAYER_AND_F_0181,Clearwater,Clearwater X1,8,239.38,2995.88,1935.12,570.26,1.5482,3.3934,Fast,False,True,0.1254,0.2441
Midlayer & Fleece,MIDLAYER_AND_F_0182,Stonepath,Stonepath Lite,3,432.08,1798.99,1374.64,695.96,1.3087,1.9752,Moderate,False,False,0.0,0.0
Midlayer & Fleece,MIDLAYER_AND_F_0183,Tidefall,Tidefall Comp,0,69.94,135.31,60.86,20.0,2.2234,3.0429,Fast,True,False,0.0,0.0
Midlayer & Fleece,MIDLAYER_AND_F_0184,Northeave,Northeave Pro,2,318.23,1283.3,710.77,904.03,1.8055,0.7862,Slow,False,True,0.322,0.6268
Midlayer & Fleece,MIDLAYER_AND_F_0185,Clearwater,Clearwater MAX,4,139.0,918.24,613.8,109.5,1.496,5.6053,Fast,False,False,0.0,0.0
Midlayer & Fleece,MIDLAYER_AND_F_0186,Northeave,Northeave Series II,0,482.66,292.5,151.06,53.51,1.9363,2.8231,Moderate,True,False,0.0,0.0
Midlayer & Fleece,MIDLAYER_AND_F_0187,Tidefall,Tidefall LTD,8,376.66,5186.24,3137.48,972.48,1.653,3.2263,Fast,False,False,0.0,0.0
Midlayer & Fleece,MIDLAYER_AND_F_0188,Clearwater,Clearwater Traverse,2,169.96,664.44,344.6,132.7,1.9281,2.5968,Moderate,False,False,0.0,0.0
Midlayer & Fleece,MIDLAYER_AND_F_0189,Clearwater,Clearwater Tour,34,46.3,2424.43,1605.58,230.08,1.51,6.9783,Fast,False,False,0.0,0.0
Midlayer & Fleece,MIDLAYER_AND_F_0190,Coastline,Coastline Team,7,347.91,5979.27,2641.23,1084.64,2.2638,2.4351,Moderate,False,True,0.2392,0.3026
Midlayer & Fleece,MIDLAYER_AND_F_0191,Highmark,Highmark Comp,2,31.33,175.01,84.94,20.0,2.0603,4.2472,Fast,False,False,0.0,0.0
Midlayer & Fleece,MIDLAYER_AND_F_0192,Highmark,Highmark Signature,0,588.02,450.15,286.28,184.07,1.5724,1.5553,Moderate,True,True,0.2518,0.5173
Midlayer & Fleece,MIDLAYER_AND_F_0193,Stonepath,Stonepath Elite,0,619.1,46.32,26.34,20.0,1.7583,1.3172,Slow,True,True,0.3451,0.343
Midlayer & Fleece,MIDLAYER_AND_F_0194,Stonepath,Stonepath Elite,6,239.9,3078.04,1475.37,497.96,2.0863,2.9628,Moderate,False,False,0.0,0.0
Midlayer & Fleece,MIDLAYER_AND_F_0195,Coastline,Coastline Comp,0,296.65,107.75,60.61,45.81,1.7778,1.3229,Slow,True,False,0.0,0.0
Midlayer & Fleece,MIDLAYER_AND_F_0196,Northeave,Northeave MAX,21,149.61,5806.96,3274.91,435.59,1.7732,7.5184,Fast,False,False,0.0,0.0
Midlayer & Fleece,MIDLAYER_AND_F_0197,Clearwater,Clearwater Ascent,0,411.76,764.17,327.34,174.49,2.3345,1.876,Moderate,True,False,0.0,0.0
Midlayer & Fleece,MIDLAYER_AND_F_0198,Clearwater,Clearwater MAX,146,27.9,7682.29,4082.75,1981.59,1.8816,2.0603,Moderate,False,False,0.0,0.0
Midlayer & Fleece,MIDLAYER_AND_F_0199,Stonepath,Stonepath Comp,5,82.74,800.65,472.58,121.47,1.6942,3.8906,Fast,False,False,0.0,0.0
Midlayer & Fleece,MIDLAYER_AND_F_0200,Highmark,Highmark Tour,10,439.82,7992.26,4486.36,2537.67,1.7815,1.7679,Moderate,False,True,0.2003,0.5598
Midlayer & Fleece,MIDLAYER_AND_F_0201,Coastline,Coastline Series II,0,384.6,88.41,47.46,20.0,1.8627,2.3732,Moderate,True,False,0.0,0.0
Midlayer & Fleece,MIDLAYER_AND_F_0202,Northeave,Northeave Foundation,1,141.77,361.26,248.3,55.46,1.4549,4.4768,Fast,False,False,0.0,0.0
Midlayer & Fleece,MIDLAYER_AND_F_0203,Stonepath,Stonepath Pro,36,152.88,8903.56,5527.31,1941.53,1.6108,2.8469,Moderate,False,False,0.0,0.0
Midlayer & Fleece,MIDLAYER_AND_F_0204,Highmark,Highmark Venture,0,327.75,181.44,86.68,20.0,2.0934,4.3338,Fast,True,False,0.0,0.0
Midlayer & Fleece,MIDLAYER_AND_F_0205,Northeave,Northeave Series II,2,606.41,2281.95,1269.6,1016.2,1.7974,1.2494,Slow,False,False,0.0,0.0
Midlayer & Fleece,MIDLAYER_AND_F_0206,Northeave,Northeave Summit,7,490.81,7221.92,3625.84,1342.67,1.9918,2.7005,Moderate,False,False,0.0,0.0
Midlayer & Fleece,MIDLAYER_AND_F_0207,Tidefall,Tidefall Foundation,3,261.81,1763.01,928.57,419.96,1.8986,2.2111,Moderate,False,False,0.0,0.0
Midlayer & Fleece,MIDLAYER_AND_F_0208,Tidefall,Tidefall Elite,26,187.29,7952.43,4910.11,1555.28,1.6196,3.1571,Fast,False,False,0.0,0.0
Midlayer & Fleece,MIDLAYER_AND_F_0209,Northeave,Northeave Foundation,1,500.67,989.76,670.64,316.17,1.4758,2.1212,Moderate,False,False,0.0,0.0
Midlayer & Fleece,MIDLAYER_AND_F_0210,Tidefall,Tidefall Comp,0,608.96,693.97,318.53,136.46,2.1787,2.3342,Moderate,True,False,0.0,0.0
Midlayer & Fleece,MIDLAYER_AND_F_0211,Northeave,Northeave Crest,0,251.18,131.06,72.84,158.1,1.7993,0.4607,Dead,True,True,0.3947,0.5588
Midlayer & Fleece,MIDLAYER_AND_F_0212,Tidefall,Tidefall Pro,1,373.75,821.38,537.76,492.18,1.5274,1.0926,Slow,False,True,0.2783,0.5113
Midlayer & Fleece,MIDLAYER_AND_F_0213,Clearwater,Clearwater Tour,6,457.74,5306.63,2840.11,1358.58,1.8685,2.0905,Moderate,False,True,0.1745,0.3667
Midlayer & Fleece,MIDLAYER_AND_F_0214,Coastline,Coastline Comp,27,468.44,25851.71,12884.71,2171.72,2.0064,5.933,Fast,False,False,0.0,0.0
Midlayer & Fleece,MIDLAYER_AND_F_0215,Northeave,Northeave Venture,14,217.91,5655.5,3122.93,1091.06,1.811,2.8623,Moderate,False,False,0.0,0.0
Midlayer & Fleece,MIDLAYER_AND_F_0216,Stonepath,Stonepath Trail,0,641.69,144.94,78.73,20.0,1.8409,3.9365,Fast,True,False,0.0,0.0
Midlayer & Fleece,MIDLAYER_AND_F_0217,Mesaflow,Mesaflow Foundation,1,628.95,2378.02,1199.47,442.52,1.9825,2.7105,Moderate,False,False,0.0,0.0
Midlayer & Fleece,MIDLAYER_AND_F_0218,Clearwater,Clearwater Ridge,0,601.79,141.67,66.19,20.0,2.1403,3.3097,Fast,True,False,0.0,0.0
Midlayer & Fleece,MIDLAYER_AND_F_0219,Clearwater,Clearwater Carbon,8,203.17,3118.01,1676.69,754.98,1.8596,2.2208,Moderate,False,False,0.0,0.0
Midlayer & Fleece,MIDLAYER_AND_F_0220,Northeave,Northeave Tour,2,71.47,422.12,209.77,47.68,2.0123,4.3997,Fast,False,False,0.0,0.0
Midlayer & Fleece,MIDLAYER_AND_F_0221,Coastline,Coastline Elite,5,529.22,5553.49,2836.03,1487.88,1.9582,1.9061,Moderate,False,False,0.0,0.0
Midlayer & Fleece,MIDLAYER_AND_F_0222,Clearwater,Clearwater Pro,3,487.49,4104.5,1841.63,1983.01,2.2287,0.9287,Slow,False,True,0.3074,0.5175
Midlayer & Fleece,MIDLAYER_AND_F_0223,Highmark,Highmark Venture,7,463.58,6634.44,3332.11,884.19,1.9911,3.7685,Fast,False,False,0.0,0.0
Midlayer & Fleece,MIDLAYER_AND_F_0224,Coastline,Coastline LTD,2,554.58,2459.95,1593.82,401.44,1.5434,3.9703,Fast,False,False,0.0,0.0
Midlayer & Fleece,MIDLAYER_AND_F_0225,Clearwater,Clearwater Apex,2,494.92,2017.7,1283.25,212.55,1.5723,6.0375,Fast,False,False,0.0,0.0
Midlayer & Fleece,MIDLAYER_AND_F_0226,Stonepath,Stonepath Crest,10,399.41,7750.76,4322.27,658.95,1.7932,6.5593,Fast,False,False,0.0,0.0
Midlayer & Fleece,MIDLAYER_AND_F_0227,Tidefall,Tidefall Ascent,0,326.08,197.56,97.9,36.28,2.0181,2.6982,Moderate,True,False,0.0,0.0
Midlayer & Fleece,MIDLAYER_AND_F_0228,Stonepath,Stonepath Tour,5,381.39,4065.77,1982.79,1064.2,2.0505,1.8632,Moderate,False,False,0.0,0.0
Midlayer & Fleece,MIDLAYER_AND_F_0229,Stonepath,Stonepath Tour,0,229.77,275.98,140.13,20.0,1.9695,7.0065,Fast,True,False,0.0,0.0
Midlayer & Fleece,MIDLAYER_AND_F_0230,Stonepath,Stonepath Series II,6,283.75,3921.71,1706.98,1263.67,2.2975,1.3508,Slow,False,True,0.1952,0.5313
Midlayer & Fleece,MIDLAYER_AND_F_0231,Tidefall,Tidefall Ridge,0,214.21,85.39,51.91,20.0,1.6451,2.5955,Moderate,True,False,0.0,0.0
Midlayer & Fleece,MIDLAYER_AND_F_0232,Coastline,Coastline Enduro,3,133.12,823.82,405.57,320.87,2.0313,1.264,Slow,False,True,0.2802,0.4147
Midlayer & Fleece,MIDLAYER_AND_F_0233,Highmark,Highmark Series II,0,438.14,160.23,92.5,39.6,1.7322,2.3357,Moderate,True,False,0.0,0.0
Midlayer & Fleece,MIDLAYER_AND_F_0234,Mesaflow,Mesaflow Team,15,635.65,20594.78,10140.37,3550.25,2.031,2.8562,Moderate,False,False,0.0,0.0
Midlayer & Fleece,MIDLAYER_AND_F_0235,Coastline,Coastline Xpedition,0,579.51,135.01,78.15,20.0,1.7277,3.9073,Fast,True,False,0.0,0.0
Midlayer & Fleece,MIDLAYER_AND_F_0236,Stonepath,Stonepath Venture,16,350.07,8151.41,5775.97,2434.16,1.4113,2.3729,Moderate,False,False,0.0,0.0
Midlayer & Fleece,MIDLAYER_AND_F_0237,Clearwater,Clearwater LTD,1,389.18,1179.16,666.87,523.07,1.7682,1.2749,Slow,False,True,0.3354,0.4692
Midlayer & Fleece,MIDLAYER_AND_F_0238,Highmark,Highmark Traverse,2,161.94,533.82,385.42,229.94,1.385,1.6762,Moderate,False,False,0.0,0.0
Midlayer & Fleece,MIDLAYER_AND_F_0239,Highmark,Highmark Elite,3,516.87,3712.93,2032.31,676.54,1.827,3.004,Fast,False,False,0.0,0.0
Midlayer & Fleece,MIDLAYER_AND_F_0240,Stonepath,Stonepath Signature,0,131.22,133.74,81.98,20.0,1.6314,4.0989,Fast,True,False,0.0,0.0
Midlayer & Fleece,MIDLAYER_AND_F_0241,Tidefall,Tidefall Venture,4,265.56,1188.51,1068.67,310.37,1.1121,3.4433,Fast,False,False,0.0,0.0
Midlayer & Fleece,MIDLAYER_AND_F_0242,Stonepath,Stonepath Enduro,0,440.08,559.31,324.25,138.22,1.7249,2.3459,Moderate,True,False,0.0,0.0
Midlayer & Fleece,MIDLAYER_AND_F_0243,Mesaflow,Mesaflow Lite,1,403.24,1253.71,692.55,445.97,1.8103,1.5529,Moderate,False,False,0.0,0.0
Midlayer & Fleece,MIDLAYER_AND_F_0244,Tidefall,Tidefall Comp,5,382.64,3774.77,2184.26,2118.46,1.7282,1.0311,Slow,False,True,0.2321,0.4817
Midlayer & Fleece,MIDLAYER_AND_F_0245,Coastline,Coastline Trail,0,568.16,889.7,470.01,186.97,1.8929,2.5137,Moderate,True,False,0.0,0.0
Midlayer & Fleece,MIDLAYER_AND_F_0246,Clearwater,Clearwater Elite,41,194.85,13926.1,8043.25,1949.6,1.7314,4.1256,Fast,False,False,0.0,0.0
Midlayer & Fleece,MIDLAYER_AND_F_0247,Northeave,Northeave Series II,21,117.12,4521.11,2480.9,926.79,1.8224,2.6769,Moderate,False,False,0.0,0.0
Midlayer & Fleece,MIDLAYER_AND_F_0248,Mesaflow,Mesaflow Xpedition,11,28.88,551.27,337.13,83.28,1.6352,4.0479,Fast,False,False,0.0,0.0
Midlayer & Fleece,MIDLAYER_AND_F_0249,Stonepath,Stonepath Summit,0,472.97,609.04,387.84,423.4,1.5703,0.916,Slow,True,True,0.2188,0.4935
Midlayer & Fleece,MIDLAYER_AND_F_0250,Mesaflow,Mesaflow Ridge,5,325.9,2939.93,1938.64,982.95,1.5165,1.9723,Moderate,False,False,0.0,0.0
Midlayer & Fleece,MIDLAYER_AND_F_0251,Clearwater,Clearwater Crest,1,282.41,685.84,540.11,258.02,1.2698,2.0933,Moderate,False,False,0.0,0.0
Midlayer & Fleece,MIDLAYER_AND_F_0252,Highmark,Highmark Carbon,0,83.57,137.32,71.98,20.0,1.9077,3.5991,Fast,True,False,0.0,0.0
Midlayer & Fleece,MIDLAYER_AND_F_0253,Stonepath,Stonepath Base,1,522.87,1242.29,666.15,144.74,1.8649,4.6023,Fast,False,False,0.0,0.0
Midlayer & Fleece,MIDLAYER_AND_F_0254,Northeave,Northeave Signature,9,394.51,6340.52,3878.48,1735.32,1.6348,2.235,Moderate,False,False,0.0,0.0
Midlayer & Fleece,MIDLAYER_AND_F_0255,Northeave,Northeave Signature,0,119.04,153.12,74.42,20.0,2.0576,3.7208,Fast,True,False,0.0,0.0
Midlayer & Fleece,MIDLAYER_AND_F_0256,Northeave,Northeave MAX,10,78.44,1395.34,860.02,248.24,1.6225,3.4645,Fast,False,False,0.0,0.0
Midlayer & Fleece,MIDLAYER_AND_F_0257,Tidefall,Tidefall Summit,1,87.79,207.14,115.49,101.39,1.7935,1.1391,Slow,False,False,0.0,0.0
Midlayer & Fleece,MIDLAYER_AND_F_0258,Stonepath,Stonepath Xpedition,0,157.67,51.63,28.49,20.0,1.8121,1.4247,Slow,True,False,0.0,0.0
Midlayer & Fleece,MIDLAYER_AND_F_0259,Mesaflow,Mesaflow LTD,326,36.07,21663.28,11767.51,2837.51,1.8409,4.1471,Fast,False,False,0.0,0.0
Midlayer & Fleece,MIDLAYER_AND_F_0260,Clearwater,Clearwater Comp,4,276.49,2034.45,1235.63,670.76,1.6465,1.8421,Moderate,False,False,0.0,0.0
Midlayer & Fleece,MIDLAYER_AND_F_0261,Mesaflow,Mesaflow Lite,1,553.02,966.06,665.67,537.38,1.4513,1.2387,Slow,False,False,0.0,0.0
Midlayer & Fleece,MIDLAYER_AND_F_0262,Coastline,Coastline Sport,0,324.36,183.93,105.16,108.7,1.7492,0.9674,Slow,True,True,0.2626,0.3806
Midlayer & Fleece,MIDLAYER_AND_F_0263,Coastline,Coastline Base,0,207.85,84.61,54.51,20.0,1.5522,2.7256,Moderate,True,False,0.0,0.0
Midlayer & Fleece,MIDLAYER_AND_F_0264,Northeave,Northeave Pro,6,449.08,5190.87,2899.33,756.84,1.7904,3.8308,Fast,False,False,0.0,0.0
Midlayer & Fleece,MIDLAYER_AND_F_0265,Northeave,Northeave Signature,5,362.34,4024.58,1852.65,471.36,2.1723,3.9304,Fast,False,False,0.0,0.0
Baselayer,BASELAYER_0001,Firncrest,Firncrest MAX,0,205.35,41.51,20.92,20.0,1.9842,1.046,Slow,True,True,0.3491,0.6189
Baselayer,BASELAYER_0002,Ridgecrest,Ridgecrest Elite,0,325.19,150.98,74.3,41.31,2.0322,1.7983,Moderate,True,False,0.0,0.0
Baselayer,BASELAYER_0003,Opentrail,Opentrail Signature,1,50.06,173.28,87.91,20.0,1.9711,4.3956,Fast,False,False,0.0,0.0
Baselayer,BASELAYER_0004,Highmark,Highmark Ridge,33,93.14,5449.85,3143.76,1322.96,1.7335,2.3763,Moderate,False,False,0.0,0.0
Baselayer,BASELAYER_0005,Ridgecrest,Ridgecrest Team,33,94.06,6312.21,3129.7,2016.66,2.0169,1.5519,Moderate,False,False,0.0,0.0
Baselayer,BASELAYER_0006,Opentrail,Opentrail Ridge,1,63.06,179.47,107.12,160.09,1.6754,0.6691,Slow,False,True,0.2691,0.5057
Baselayer,BASELAYER_0007,Ridgecrest,Ridgecrest Tour,0,639.71,612.5,289.71,173.22,2.1142,1.6724,Moderate,True,True,0.2163,0.3422
Baselayer,BASELAYER_0008,Firncrest,Firncrest Base,0,458.49,132.3,72.8,20.0,1.8175,3.6398,Fast,True,False,0.0,0.0
Baselayer,BASELAYER_0009,Summitform,Summitform Enduro,5,175.41,1834.91,1007.74,161.45,1.8208,6.2417,Fast,False,False,0.0,0.0
Baselayer,BASELAYER_0010,Highmark,Highmark Xpedition,4,459.11,4175.94,2147.29,347.46,1.9447,6.1799,Fast,False,False,0.0,0.0
Baselayer,BASELAYER_0011,Highmark,Highmark Origin,0,453.51,118.72,69.34,20.0,1.7121,3.467,Fast,True,False,0.0,0.0
Baselayer,BASELAYER_0012,Firncrest,Firncrest Crest,6,117.62,1595.39,736.95,397.68,2.1648,1.8532,Moderate,False,False,0.0,0.0
Baselayer,BASELAYER_0013,Opentrail,Opentrail Enduro,3,642.14,4589.72,2504.12,820.67,1.8329,3.0513,Fast,False,False,0.0,0.0
Baselayer,BASELAYER_0014,Summitform,Summitform Summit,0,333.26,69.75,51.69,20.0,1.3494,2.5846,Moderate,True,False,0.0,0.0
Baselayer,BASELAYER_0015,Firncrest,Firncrest Venture,13,550.33,16379.11,7422.8,1844.57,2.2066,4.0241,Fast,False,False,0.0,0.0
Baselayer,BASELAYER_0016,Opentrail,Opentrail Xpedition,0,473.51,120.76,70.38,20.0,1.716,3.5188,Fast,True,False,0.0,0.0
Baselayer,BASELAYER_0017,Summitform,Summitform Lite,6,458.82,6590.88,2887.11,996.71,2.2829,2.8966,Moderate,False,False,0.0,0.0
Baselayer,BASELAYER_0018,Ridgecrest,Ridgecrest Trail,1,374.6,1676.11,707.21,493.09,2.37,1.4343,Slow,False,True,0.0983,0.4868
Baselayer,BASELAYER_0019,Firncrest,Firncrest Summit,3,424.66,2935.73,1676.16,357.36,1.7515,4.6904,Fast,False,False,0.0,0.0
Baselayer,BASELAYER_0020,Opentrail,Opentrail Origin,0,545.4,894.07,462.03,199.13,1.9351,2.3203,Moderate,True,False,0.0,0.0
Baselayer,BASELAYER_0021,Firncrest,Firncrest Signature,1,486.24,1725.6,748.28,225.69,2.3061,3.3155,Fast,False,False,0.0,0.0
Baselayer,BASELAYER_0022,Summitform,Summitform Trail,9,415.86,8389.95,3962.77,958.95,2.1172,4.1324,Fast,False,False,0.0,0.0
Baselayer,BASELAYER_0023,Opentrail,Opentrail Venture,4,211.76,2069.06,1015.02,326.02,2.0384,3.1134,Fast,False,False,0.0,0.0
Baselayer,BASELAYER_0024,Summitform,Summitform Trail,2,333.73,2331.54,992.72,714.11,2.3486,1.3901,Slow,False,False,0.0,0.0
Baselayer,BASELAYER_0025,Opentrail,Opentrail Traverse,1,636.38,2348.95,1175.12,315.39,1.9989,3.726,Fast,False,False,0.0,0.0
Baselayer,BASELAYER_0026,Summitform,Summitform Comp,3,398.86,3306.58,1491.29,329.01,2.2173,4.5327,Fast,False,False,0.0,0.0
Baselayer,BASELAYER_0027,Highmark,Highmark Apex,0,490.74,619.76,471.31,213.03,1.315,2.2124,Moderate,True,False,0.0,0.0
Baselayer,BASELAYER_0028,Ridgecrest,Ridgecrest Crest,0,578.01,131.15,82.33,27.49,1.5931,2.9949,Moderate,True,False,0.0,0.0
Baselayer,BASELAYER_0029,Opentrail,Opentrail Pro,1,275.97,717.29,436.65,235.91,1.6427,1.8509,Moderate,False,False,0.0,0.0
Baselayer,BASELAYER_0030,Ridgecrest,Ridgecrest Crest,5,509.32,5222.51,3054.16,1708.61,1.71,1.7875,Moderate,False,False,0.0,0.0
Baselayer,BASELAYER_0031,Firncrest,Firncrest Base,0,470.22,117.02,67.21,20.0,1.7412,3.3604,Fast,True,False,0.0,0.0
Baselayer,BASELAYER_0032,Highmark,Highmark X1,3,264.8,1822.25,840.79,254.23,2.1673,3.3072,Fast,False,False,0.0,0.0
Baselayer,BASELAYER_0033,Ridgecrest,Ridgecrest Pro,2,605.26,2573.29,1407.99,652.98,1.8276,2.1563,Moderate,False,False,0.0,0.0
Baselayer,BASELAYER_0034,Highmark,Highmark Team,2,225.65,1088.48,550.94,289.68,1.9757,1.9019,Moderate,False,True,0.1598,0.3613
Baselayer,BASELAYER_0035,Ridgecrest,Ridgecrest X1,54,47.84,4530.12,2585.92,1015.21,1.7518,2.5472,Moderate,False,False,0.0,0.0
Baselayer,BASELAYER_0036,Firncrest,Firncrest Trail,3,23.27,165.38,77.75,34.24,2.127,2.2707,Moderate,False,True,0.1577,0.4707
Baselayer,BASELAYER_0037,Opentrail,Opentrail Apex,6,493.99,7349.21,3066.26,1320.69,2.3968,2.3217,Moderate,False,False,0.0,0.0
Baselayer,BASELAYER_0038,Opentrail,Opentrail Comp,0,319.38,454.29,263.71,28.99,1.7227,9.0964,Fast,True,False,0.0,0.0
Baselayer,BASELAYER_0039,Firncrest,Firncrest Base,5,393.02,5329.91,2122.16,603.01,2.5115,3.5193,Fast,False,False,0.0,0.0
Baselayer,BASELAYER_0040,Highmark,Highmark LTD,0,364.58,131.29,68.29,24.04,1.9226,2.84,Moderate,True,False,0.0,0.0
Baselayer,BASELAYER_0041,Firncrest,Firncrest Xpedition,0,563.3,60.99,30.67,20.0,1.9887,1.5335,Moderate,True,False,0.0,0.0
Baselayer,BASELAYER_0042,Summitform,Summitform Ascent,19,122.38,4937.8,2328.57,344.45,2.1205,6.7603,Fast,False,False,0.0,0.0
Baselayer,BASELAYER_0043,Firncrest,Firncrest Summit,0,512.9,325.49,154.24,20.0,2.1103,7.712,Fast,True,False,0.0,0.0
Baselayer,BASELAYER_0044,Opentrail,Opentrail X1,20,118.59,4493.91,2418.79,472.83,1.8579,5.1156,Fast,False,False,0.0,0.0
Baselayer,BASELAYER_0045,Summitform,Summitform Lite,2,385.01,1171.39,780.01,412.94,1.5018,1.8889,Moderate,False,False,0.0,0.0
Baselayer,BASELAYER_0046,Firncrest,Firncrest Ascent,114,18.43,4260.61,2107.7,686.54,2.0214,3.07,Fast,False,False,0.0,0.0
Baselayer,BASELAYER_0047,Opentrail,Opentrail Ascent,0,476.89,585.22,295.41,42.75,1.981,6.9102,Fast,True,False,0.0,0.0
Baselayer,BASELAYER_0048,Firncrest,Firncrest Venture,5,611.78,6157.48,3128.28,925.6,1.9683,3.3797,Fast,False,False,0.0,0.0
Baselayer,BASELAYER_0049,Highmark,Highmark Trail,23,267.78,12870.21,6402.68,1751.64,2.0101,3.6553,Fast,False,False,0.0,0.0
Baselayer,BASELAYER_0050,Summitform,Summitform Ridge,38,52.19,4201.66,2017.88,755.71,2.0822,2.6702,Moderate,False,False,0.0,0.0
Baselayer,BASELAYER_0051,Summitform,Summitform Enduro,12,469.06,11492.86,5772.1,656.94,1.9911,8.7864,Fast,False,False,0.0,0.0
Baselayer,BASELAYER_0052,Firncrest,Firncrest Ascent,7,44.58,551.82,337.98,115.16,1.6327,2.9347,Moderate,False,False,0.0,0.0
Baselayer,BASELAYER_0053,Firncrest,Firncrest Apex,2,403.59,2406.98,1082.75,195.34,2.223,5.5429,Fast,False,False,0.0,0.0
Baselayer,BASELAYER_0054,Firncrest,Firncrest Sport,0,582.7,714.89,329.79,20.0,2.1677,16.4896,Fast,True,False,0.0,0.0
Baselayer,BASELAYER_0055,Ridgecrest,Ridgecrest Ridge,0,495.8,85.1,51.27,47.32,1.6599,1.0836,Slow,True,False,0.0,0.0
Baselayer,BASELAYER_0056,Highmark,Highmark X1,0,616.07,485.0,268.21,20.0,1.8083,13.4105,Fast,True,False,0.0,0.0
Baselayer,BASELAYER_0057,Firncrest,Firncrest Venture,40,281.95,25422.35,11372.67,4642.91,2.2354,2.4495,Moderate,False,False,0.0,0.0
Baselayer,BASELAYER_0058,Opentrail,Opentrail Elite,7,307.14,4404.23,2422.8,833.75,1.8178,2.9059,Moderate,False,False,0.0,0.0
Baselayer,BASELAYER_0059,Opentrail,Opentrail Lite,2,311.13,1242.1,652.22,168.59,1.9044,3.8688,Fast,False,False,0.0,0.0
Baselayer,BASELAYER_0060,Summitform,Summitform Series II,0,74.25,72.27,36.87,20.0,1.96,1.8435,Moderate,True,False,0.0,0.0
Baselayer,BASELAYER_0061,Firncrest,Firncrest X1,13,503.01,14897.36,6929.55,1808.59,2.1498,3.8315,Fast,False,False,0.0,0.0
Baselayer,BASELAYER_0062,Opentrail,Opentrail Foundation,2,130.91,478.15,336.43,56.46,1.4212,5.9591,Fast,False,False,0.0,0.0
Baselayer,BASELAYER_0063,Summitform,Summitform Xpedition,25,180.94,8642.05,4534.97,2194.1,1.9056,2.0669,Moderate,False,False,0.0,0.0
Baselayer,BASELAYER_0064,Opentrail,Opentrail Signature,6,559.41,4942.57,3650.56,798.88,1.3539,4.5696,Fast,False,False,0.0,0.0
Baselayer,BASELAYER_0065,Summitform,Summitform Enduro,17,328.84,11771.18,5856.39,1462.74,2.01,4.0037,Fast,False,False,0.0,0.0
Baselayer,BASELAYER_0066,Ridgecrest,Ridgecrest Venture,2,634.54,2674.51,1441.46,434.1,1.8554,3.3205,Fast,False,False,0.0,0.0
Baselayer,BASELAYER_0067,Opentrail,Opentrail Traverse,8,561.73,8887.43,4509.21,883.46,1.9709,5.104,Fast,False,False,0.0,0.0
Baselayer,BASELAYER_0068,Highmark,Highmark Ridge,0,153.56,25.95,11.2,26.06,2.3174,0.4298,Dead,True,True,0.2953,0.5215
Baselayer,BASELAYER_0069,Ridgecrest,Ridgecrest Foundation,1,184.42,504.96,301.32,96.53,1.6758,3.1216,Fast,False,False,0.0,0.0
Baselayer,BASELAYER_0070,Firncrest,Firncrest Origin,0,52.38,65.96,39.96,26.45,1.6505,1.5106,Moderate,True,False,0.0,0.0
Baselayer,BASELAYER_0071,Ridgecrest,Ridgecrest LTD,3,258.28,1668.48,901.28,391.99,1.8512,2.2993,Moderate,False,False,0.0,0.0
Baselayer,BASELAYER_0072,Ridgecrest,Ridgecrest Crest,10,533.3,12780.87,5660.33,1147.24,2.258,4.9339,Fast,False,False,0.0,0.0
Baselayer,BASELAYER_0073,Firncrest,Firncrest Elite,3,171.58,677.94,532.48,69.08,1.2732,7.7078,Fast,False,False,0.0,0.0
Baselayer,BASELAYER_0074,Opentrail,Opentrail Summit,14,509.09,13341.21,7293.18,940.99,1.8293,7.7506,Fast,False,False,0.0,0.0
Baselayer,BASELAYER_0075,Highmark,Highmark Elite,2,457.98,2332.87,983.69,192.65,2.3715,5.1061,Fast,False,False,0.0,0.0
Baselayer,BASELAYER_0076,Opentrail,Opentrail Comp,1,69.54,277.37,136.36,20.0,2.034,6.8182,Fast,False,False,0.0,0.0
Baselayer,BASELAYER_0077,Opentrail,Opentrail Xpedition,3,448.84,3954.99,1740.35,917.4,2.2725,1.897,Moderate,False,False,0.0,0.0
Baselayer,BASELAYER_0078,Highmark,Highmark Base,0,525.64,116.78,55.4,20.0,2.108,2.7699,Moderate,True,False,0.0,0.0
Baselayer,BASELAYER_0079,Ridgecrest,Ridgecrest Lite,5,55.85,705.21,302.33,151.98,2.3326,1.9893,Moderate,False,False,0.0,0.0
Baselayer,BASELAYER_0080,Summitform,Summitform Carbon,2,63.99,273.02,136.76,41.45,1.9964,3.2992,Fast,False,False,0.0,0.0
Baselayer,BASELAYER_0081,Summitform,Summitform Ascent,0,448.07,173.78,87.73,55.61,1.9809,1.5777,Moderate,True,False,0.0,0.0
Baselayer,BASELAYER_0082,Ridgecrest,Ridgecrest Carbon,54,231.6,19413.95,12688.38,3385.68,1.5301,3.7477,Fast,False,False,0.0,0.0
Baselayer,BASELAYER_0083,Firncrest,Firncrest Xpedition,23,22.64,1011.73,537.43,353.92,1.8825,1.5185,Moderate,False,True,0.2023,0.5649
Baselayer,BASELAYER_0084,Ridgecrest,Ridgecrest Carbon,0,323.99,406.2,209.27,46.04,1.941,4.5452,Fast,True,False,0.0,0.0
Baselayer,BASELAYER_0085,Firncrest,Firncrest Venture,0,411.29,111.97,80.05,36.22,1.3988,2.2099,Moderate,True,False,0.0,0.0
Baselayer,BASELAYER_0086,Highmark,Highmark Comp,0,476.25,64.19,39.34,22.59,1.6317,1.7418,Moderate,True,False,0.0,0.0
Baselayer,BASELAYER_0087,Ridgecrest,Ridgecrest Xpedition,2,52.18,292.55,146.59,58.69,1.9957,2.4979,Moderate,False,False,0.0,0.0
Baselayer,BASELAYER_0088,Ridgecrest,Ridgecrest Pro,22,373.76,18439.41,8318.41,1411.35,2.2167,5.8939,Fast,False,False,0.0,0.0
Baselayer,BASELAYER_0089,Ridgecrest,Ridgecrest Xpedition,3,376.72,2157.93,1201.96,660.62,1.7953,1.8195,Moderate,False,True,0.2997,0.3967
Baselayer,BASELAYER_0090,Firncrest,Firncrest Apex,0,165.42,257.22,115.52,20.0,2.2266,5.7761,Fast,True,True,0.1165,0.2229
Baselayer,BASELAYER_0091,Highmark,Highmark Pro,14,22.3,569.67,330.05,152.64,1.726,2.1623,Moderate,False,False,0.0,0.0
Baselayer,BASELAYER_0092,Opentrail,Opentrail Sport,0,564.98,289.3,173.33,32.39,1.669,5.3515,Fast,True,False,0.0,0.0
Baselayer,BASELAYER_0093,Ridgecrest,Ridgecrest Trail,6,566.12,8388.08,3906.51,329.43,2.1472,11.8582,Fast,False,False,0.0,0.0
Baselayer,BASELAYER_0094,Firncrest,Firncrest Trail,16,202.29,6831.65,3410.81,1047.36,2.0029,3.2566,Fast,False,False,0.0,0.0
Baselayer,BASELAYER_0095,Firncrest,Firncrest Series II,37,205.09,13587.02,7637.44,1606.72,1.779,4.7534,Fast,False,False,0.0,0.0
Baselayer,BASELAYER_0096,Highmark,Highmark Base,1,301.81,913.53,426.53,248.44,2.1418,1.7168,Moderate,False,True,0.3439,0.419
Baselayer,BASELAYER_0097,Highmark,Highmark Tour,61,306.7,25730.22,18764.74,4224.41,1.3712,4.442,Fast,False,False,0.0,0.0
Baselayer,BASELAYER_0098,Ridgecrest,Ridgecrest Foundation,0,639.81,95.43,52.84,109.43,1.8061,0.4829,Dead,True,False,0.0,0.0
Baselayer,BASELAYER_0099,Highmark,Highmark Foundation,5,619.96,5324.44,3463.92,871.07,1.5371,3.9766,Fast,False,False,0.0,0.0
Baselayer,BASELAYER_0100,Highmark,Highmark Carbon,4,536.1,4486.55,2216.19,596.92,2.0244,3.7127,Fast,False,False,0.0,0.0
Baselayer,BASELAYER_0101,Highmark,Highmark Lite,7,575.82,7963.99,4125.14,574.61,1.9306,7.1791,Fast,False,False,0.0,0.0
Baselayer,BASELAYER_0102,Firncrest,Firncrest Comp,6,470.11,5526.57,2879.33,509.17,1.9194,5.6549,Fast,False,False,0.0,0.0
Baselayer,BASELAYER_0103,Firncrest,Firncrest Sport,2,464.69,1730.56,936.95,287.11,1.847,3.2633,Fast,False,False,0.0,0.0
Baselayer,BASELAYER_0104,Firncrest,Firncrest Lite,0,636.13,687.76,327.77,122.03,2.0983,2.6861,Moderate,True,False,0.0,0.0
Baselayer,BASELAYER_0105,Firncrest,Firncrest LTD,0,465.01,546.41,270.9,74.13,2.017,3.6542,Fast,True,False,0.0,0.0
Baselayer,BASELAYER_0106,Firncrest,Firncrest MAX,1,300.15,942.97,506.96,255.89,1.86,1.9811,Moderate,False,False,0.0,0.0
Baselayer,BASELAYER_0107,Opentrail,Opentrail LTD,1,571.17,1281.95,766.16,312.1,1.6732,2.4549,Moderate,False,False,0.0,0.0
Baselayer,BASELAYER_0108,Opentrail,Opentrail X1,5,195.8,1971.69,996.92,304.39,1.9778,3.2752,Fast,False,False,0.0,0.0
Baselayer,BASELAYER_0109,Opentrail,Opentrail Traverse,7,463.87,5884.54,3606.56,1163.95,1.6316,3.0985,Fast,False,False,0.0,0.0
Baselayer,BASELAYER_0110,Firncrest,Firncrest MAX,2,578.76,3427.13,1671.91,828.68,2.0498,2.0176,Moderate,False,False,0.0,0.0
Baselayer,BASELAYER_0111,Ridgecrest,Ridgecrest X1,3,609.93,5080.65,2431.09,1123.22,2.0899,2.1644,Moderate,False,False,0.0,0.0
Baselayer,BASELAYER_0112,Summitform,Summitform Trail,1,214.85,748.41,394.29,91.26,1.8981,4.3203,Fast,False,False,0.0,0.0
Baselayer,BASELAYER_0113,Ridgecrest,Ridgecrest Carbon,1,405.32,1017.34,571.65,417.43,1.7796,1.3695,Slow,False,False,0.0,0.0
Baselayer,BASELAYER_0114,Firncrest,Firncrest Ridge,2,578.26,2854.12,1392.39,374.22,2.0498,3.7207,Fast,False,False,0.0,0.0
Baselayer,BASELAYER_0115,Firncrest,Firncrest Carbon,5,318.44,3635.53,1594.96,700.28,2.2794,2.2776,Moderate,False,False,0.0,0.0
Baselayer,BASELAYER_0116,Ridgecrest,Ridgecrest Base,0,604.81,529.3,288.32,112.89,1.8358,2.5541,Moderate,True,False,0.0,0.0
Baselayer,BASELAYER_0117,Firncrest,Firncrest Team,3,440.67,2784.17,1432.25,396.55,1.9439,3.6118,Fast,False,True,0.1837,0.4473
Baselayer,BASELAYER_0118,Ridgecrest,Ridgecrest Carbon,3,58.24,367.88,193.86,141.8,1.8977,1.3672,Slow,False,True,0.2806,0.3545
Baselayer,BASELAYER_0119,Highmark,Highmark Enduro,0,403.52,372.22,202.36,216.31,1.8394,0.9355,Slow,True,True,0.3647,0.5549
Baselayer,BASELAYER_0120,Summitform,Summitform Enduro,8,209.39,4306.04,1786.85,452.44,2.4099,3.9493,Fast,False,False,0.0,0.0
Baselayer,BASELAYER_0121,Summitform,Summitform Venture,0,167.96,73.07,39.29,20.0,1.8598,1.9646,Moderate,True,False,0.0,0.0
Baselayer,BASELAYER_0122,Summitform,Summitform Summit,4,483.09,3614.03,2066.97,397.54,1.7485,5.1994,Fast,False,False,0.0,0.0
Baselayer,BASELAYER_0123,Opentrail,Opentrail Carbon,1,416.29,1164.16,580.26,149.15,2.0063,3.8904,Fast,False,False,0.0,0.0
Baselayer,BASELAYER_0124,Ridgecrest,Ridgecrest Ridge,2,195.54,939.94,445.34,236.92,2.1106,1.8797,Moderate,False,False,0.0,0.0
Baselayer,BASELAYER_0125,Ridgecrest,Ridgecrest Venture,16,162.25,4093.91,2713.15,260.5,1.5089,10.415,Fast,False,False,0.0,0.0
Baselayer,BASELAYER_0126,Highmark,Highmark Ridge,7,494.94,7860.39,3808.06,643.6,2.0641,5.9168,Fast,False,False,0.0,0.0
Baselayer,BASELAYER_0127,Ridgecrest,Ridgecrest Trail,31,279.45,17043.07,8730.15,839.99,1.9522,10.3931,Fast,False,False,0.0,0.0
Baselayer,BASELAYER_0128,Firncrest,Firncrest Base,2,365.82,2122.25,968.4,308.21,2.1915,3.142,Fast,False,False,0.0,0.0
Baselayer,BASELAYER_0129,Summitform,Summitform Foundation,50,286.4,33037.14,14450.73,2434.57,2.2862,5.9356,Fast,False,False,0.0,0.0
Baselayer,BASELAYER_0130,Highmark,Highmark MAX,4,25.3,224.33,110.68,20.0,2.0268,5.5341,Fast,False,False,0.0,0.0
Baselayer,BASELAYER_0131,Firncrest,Firncrest Elite,83,24.56,3841.84,2054.25,741.42,1.8702,2.7707,Moderate,False,False,0.0,0.0
Baselayer,BASELAYER_0132,Ridgecrest,Ridgecrest Tour,6,127.24,1289.49,770.05,175.61,1.6745,4.385,Fast,False,False,0.0,0.0
Baselayer,BASELAYER_0133,Highmark,Highmark Crest,5,68.69,687.21,360.0,68.6,1.9089,5.2482,Fast,False,False,0.0,0.0
Baselayer,BASELAYER_0134,Ridgecrest,Ridgecrest Series II,0,320.83,674.28,311.15,77.98,2.1671,3.9903,Fast,True,False,0.0,0.0
Casual Apparel,CASUAL_APPAREL_0001,Stonepath,Stonepath Pro,4,221.47,2078.59,1057.38,174.22,1.9658,6.0692,Fast,False,False,0.0,0.0
Casual Apparel,CASUAL_APPAREL_0002,Rockline,Rockline Summit,5,84.52,823.14,445.03,234.77,1.8496,1.8956,Moderate,False,False,0.0,0.0
Casual Apparel,CASUAL_APPAREL_0003,Frostline,Frostline Enduro,0,411.54,74.88,44.81,20.0,1.6711,2.2403,Moderate,True,False,0.0,0.0
Casual Apparel,CASUAL_APPAREL_0004,Iceform,Iceform Enduro,0,497.3,64.33,25.25,20.29,2.548,1.2442,Slow,True,False,0.0,0.0
Casual Apparel,CASUAL_APPAREL_0005,Stonepath,Stonepath Elite,0,612.85,131.36,116.71,20.0,1.1255,5.8356,Fast,True,False,0.0,0.0
Casual Apparel,CASUAL_APPAREL_0006,Deepfreeze,Deepfreeze Enduro,6,222.53,2840.98,1428.64,93.56,1.9886,15.2699,Fast,False,False,0.0,0.0
Casual Apparel,CASUAL_APPAREL_0007,Iceform,Iceform Origin,0,305.38,78.95,47.1,20.0,1.6761,2.355,Moderate,True,False,0.0,0.0
Casual Apparel,CASUAL_APPAREL_0008,Stonepath,Stonepath LTD,0,627.59,633.64,214.4,29.66,2.9553,7.2285,Fast,True,False,0.0,0.0
Casual Apparel,CASUAL_APPAREL_0009,Rockline,Rockline X1,1,646.14,1426.29,706.82,90.23,2.0179,7.8338,Fast,False,True,0.1401,0.2649
Casual Apparel,CASUAL_APPAREL_0010,Frostline,Frostline X1,23,207.83,7720.16,4919.87,1240.61,1.5692,3.9657,Fast,False,False,0.0,0.0
Casual Apparel,CASUAL_APPAREL_0011,Rockline,Rockline Elite,1,62.0,150.12,76.37,23.93,1.9657,3.1912,Fast,False,False,0.0,0.0
Casual Apparel,CASUAL_APPAREL_0012,Stonepath,Stonepath Elite,8,346.57,4717.12,2805.01,576.48,1.6817,4.8657,Fast,False,False,0.0,0.0
Casual Apparel,CASUAL_APPAREL_0013,Rockline,Rockline Xpedition,2,439.04,2540.48,1046.59,204.35,2.4274,5.1215,Fast,False,False,0.0,0.0
Casual Apparel,CASUAL_APPAREL_0014,Deepfreeze,Deepfreeze Venture,0,442.12,202.0,84.58,27.72,2.3883,3.0509,Fast,True,False,0.0,0.0
Casual Apparel,CASUAL_APPAREL_0015,Frostline,Frostline Xpedition,4,432.82,3010.82,2094.97,711.65,1.4372,2.9438,Moderate,False,False,0.0,0.0
Casual Apparel,CASUAL_APPAREL_0016,Rockline,Rockline MAX,0,435.71,165.15,88.67,62.48,1.8625,1.4191,Slow,True,False,0.0,0.0
Casual Apparel,CASUAL_APPAREL_0017,Stonepath,Stonepath Team,1,508.69,1721.56,775.39,416.84,2.2202,1.8602,Moderate,False,True,0.1429,0.4541
Casual Apparel,CASUAL_APPAREL_0018,Iceform,Iceform Traverse,0,311.78,457.36,211.58,69.58,2.1616,3.0406,Fast,True,False,0.0,0.0
Casual Apparel,CASUAL_APPAREL_0019,Rockline,Rockline Lite,1,280.95,1103.61,479.25,166.24,2.3028,2.8829,Moderate,False,False,0.0,0.0
Casual Apparel,CASUAL_APPAREL_0020,Deepfreeze,Deepfreeze Foundation,0,199.49,253.94,137.44,81.55,1.8476,1.6855,Moderate,True,False,0.0,0.0
Casual Apparel,CASUAL_APPAREL_0021,Rockline,Rockline Enduro,2,449.03,2055.64,955.45,250.28,2.1515,3.8175,Fast,False,False,0.0,0.0
Casual Apparel,CASUAL_APPAREL_0022,Rockline,Rockline MAX,3,643.78,5637.44,2220.33,349.91,2.539,6.3454,Fast,False,False,0.0,0.0
Casual Apparel,CASUAL_APPAREL_0023,Stonepath,Stonepath Ascent,14,119.07,2799.27,1729.51,653.2,1.6185,2.6477,Moderate,False,False,0.0,0.0
Casual Apparel,CASUAL_APPAREL_0024,Deepfreeze,Deepfreeze Pro,3,639.05,4841.32,2107.44,642.17,2.2972,3.2818,Fast,False,False,0.0,0.0
Casual Apparel,CASUAL_APPAREL_0025,Stonepath,Stonepath Comp,0,586.45,451.06,195.83,31.16,2.3033,6.2851,Fast,True,False,0.0,0.0
Casual Apparel,CASUAL_APPAREL_0026,Stonepath,Stonepath X1,3,585.11,2370.12,1834.43,400.59,1.292,4.5793,Fast,False,False,0.0,0.0
Casual Apparel,CASUAL_APPAREL_0027,Frostline,Frostline Crest,1,544.68,1793.24,663.66,52.89,2.702,12.5477,Fast,False,False,0.0,0.0
Casual Apparel,CASUAL_APPAREL_0028,Rockline,Rockline Carbon,4,183.7,1373.79,767.85,152.46,1.7891,5.0365,Fast,False,False,0.0,0.0
Casual Apparel,CASUAL_APPAREL_0029,Deepfreeze,Deepfreeze Foundation,17,371.85,14508.21,6581.37,1731.25,2.2044,3.8015,Fast,False,False,0.0,0.0
Casual Apparel,CASUAL_APPAREL_0030,Rockline,Rockline Apex,0,381.29,366.3,203.46,34.88,1.8003,5.833,Fast,True,False,0.0,0.0
Casual Apparel,CASUAL_APPAREL_0031,Frostline,Frostline Summit,1,182.64,672.54,335.53,192.08,2.0044,1.7469,Moderate,False,False,0.0,0.0
Casual Apparel,CASUAL_APPAREL_0032,Iceform,Iceform LTD,1,376.41,1194.26,644.74,203.41,1.8523,3.1696,Fast,False,False,0.0,0.0
Casual Apparel,CASUAL_APPAREL_0033,Rockline,Rockline Venture,0,467.93,254.83,95.47,42.27,2.6691,2.2586,Moderate,True,False,0.0,0.0
Casual Apparel,CASUAL_APPAREL_0034,Stonepath,Stonepath Lite,1,648.2,2078.15,1124.6,372.49,1.8479,3.0191,Fast,False,False,0.0,0.0
Casual Apparel,CASUAL_APPAREL_0035,Iceform,Iceform Summit,5,416.66,6750.7,2370.87,252.36,2.8473,9.3947,Fast,False,False,0.0,0.0
Casual Apparel,CASUAL_APPAREL_0036,Stonepath,Stonepath Lite,0,591.34,976.17,508.75,258.8,1.9188,1.9658,Moderate,True,False,0.0,0.0
Casual Apparel,CASUAL_APPAREL_0037,Deepfreeze,Deepfreeze Enduro,0,444.61,60.41,32.34,20.0,1.8683,1.6168,Moderate,True,False,0.0,0.0
Casual Apparel,CASUAL_APPAREL_0038,Frostline,Frostline Series II,0,398.13,597.96,247.83,263.1,2.4128,0.942,Slow,True,True,0.2802,0.4839
Casual Apparel,CASUAL_APPAREL_0039,Iceform,Iceform Ascent,0,251.68,594.73,251.47,20.0,2.3651,12.5733,Fast,True,False,0.0,0.0
Casual Apparel,CASUAL_APPAREL_0040,Rockline,Rockline Lite,6,472.04,6112.48,3147.4,406.0,1.9421,7.7522,Fast,False,False,0.0,0.0
Casual Apparel,CASUAL_APPAREL_0041,Deepfreeze,Deepfreeze Sport,1,300.87,826.38,491.38,132.61,1.6818,3.7054,Fast,False,False,0.0,0.0
Casual Apparel,CASUAL_APPAREL_0042,Iceform,Iceform Ridge,3,450.93,3137.69,1579.8,590.75,1.9861,2.6742,Moderate,False,False,0.0,0.0
Casual Apparel,CASUAL_APPAREL_0043,Frostline,Frostline Venture,1,256.81,527.59,275.19,57.91,1.9172,4.7521,Fast,False,False,0.0,0.0
Casual Apparel,CASUAL_APPAREL_0044,Stonepath,Stonepath Signature,1,336.02,664.88,351.31,96.91,1.8926,3.6253,Fast,False,False,0.0,0.0
Casual Apparel,CASUAL_APPAREL_0045,Stonepath,Stonepath MAX,0,219.91,223.13,141.31,33.51,1.579,4.2172,Fast,True,False,0.0,0.0
Casual Apparel,CASUAL_APPAREL_0046,Frostline,Frostline MAX,0,145.79,150.52,60.84,33.52,2.474,1.8152,Moderate,True,True,0.1843,0.3297
Casual Apparel,CASUAL_APPAREL_0047,Deepfreeze,Deepfreeze Apex,1,162.96,427.05,253.35,112.59,1.6856,2.2502,Moderate,False,False,0.0,0.0
Casual Apparel,CASUAL_APPAREL_0048,Frostline,Frostline Comp,5,468.65,5509.15,2483.86,549.28,2.218,4.522,Fast,False,False,0.0,0.0
Casual Apparel,CASUAL_APPAREL_0049,Iceform,Iceform Trail,92,36.44,6581.65,3370.29,551.98,1.9528,6.1058,Fast,False,False,0.0,0.0
Casual Apparel,CASUAL_APPAREL_0050,Iceform,Iceform Signature,35,248.55,15038.07,8814.8,732.68,1.706,12.031,Fast,False,False,0.0,0.0
Casual Apparel,CASUAL_APPAREL_0051,Frostline,Frostline Pro,4,559.01,5541.17,2364.48,213.76,2.3435,11.0614,Fast,False,False,0.0,0.0
Casual Apparel,CASUAL_APPAREL_0052,Iceform,Iceform Carbon,3,414.25,2337.12,1393.74,237.19,1.6769,5.8761,Fast,False,True,0.114,0.2962
Casual Apparel,CASUAL_APPAREL_0053,Stonepath,Stonepath Enduro,7,52.46,980.87,414.98,185.02,2.3637,2.2428,Moderate,False,False,0.0,0.0
Casual Apparel,CASUAL_APPAREL_0054,Deepfreeze,Deepfreeze Ridge,1,21.13,58.18,25.74,20.0,2.2602,1.2871,Slow,False,False,0.0,0.0
Casual Apparel,CASUAL_APPAREL_0055,Rockline,Rockline Sport,0,239.88,184.41,90.28,20.0,2.0427,4.5141,Fast,True,False,0.0,0.0
Casual Apparel,CASUAL_APPAREL_0056,Iceform,Iceform Ridge,1,394.89,853.04,428.43,92.85,1.9911,4.6141,Fast,False,True,0.1827,0.304
Casual Apparel,CASUAL_APPAREL_0057,Deepfreeze,Deepfreeze Sport,2,368.49,1403.68,777.05,268.87,1.8064,2.89,Moderate,False,False,0.0,0.0
Casual Apparel,CASUAL_APPAREL_0058,Stonepath,Stonepath Ridge,0,530.85,195.44,91.87,20.0,2.1272,4.5937,Fast,True,False,0.0,0.0
Casual Apparel,CASUAL_APPAREL_0059,Deepfreeze,Deepfreeze Team,4,635.34,4989.26,2567.14,888.06,1.9435,2.8907,Moderate,False,False,0.0,0.0
Casual Apparel,CASUAL_APPAREL_0060,Iceform,Iceform Xpedition,2,618.19,3875.11,1544.42,197.64,2.5091,7.8143,Fast,False,False,0.0,0.0
Casual Apparel,CASUAL_APPAREL_0061,Frostline,Frostline Ridge,29,496.63,29828.29,14722.15,2935.89,2.0261,5.0145,Fast,False,False,0.0,0.0
Casual Apparel,CASUAL_APPAREL_0062,Rockline,Rockline MAX,1,621.98,2092.12,1067.97,712.97,1.959,1.4979,Slow,False,True,0.2492,0.5089
Casual Apparel,CASUAL_APPAREL_0063,Deepfreeze,Deepfreeze Lite,0,574.07,441.61,173.4,25.58,2.5468,6.7779,Fast,True,False,0.0,0.0
Casual Apparel,CASUAL_APPAREL_0064,Deepfreeze,Deepfreeze LTD,2,480.12,2266.16,1328.38,262.52,1.706,5.06,Fast,False,False,0.0,0.0
Casual Apparel,CASUAL_APPAREL_0065,Frostline,Frostline Elite,0,59.32,98.55,44.02,20.0,2.239,2.2008,Moderate,True,False,0.0,0.0
Casual Apparel,CASUAL_APPAREL_0066,Stonepath,Stonepath Base,0,642.34,665.79,316.63,36.91,2.1027,8.5793,Fast,True,False,0.0,0.0
Casual Apparel,CASUAL_APPAREL_0067,Iceform,Iceform Crest,13,519.4,17836.84,7243.2,606.8,2.4626,11.9368,Fast,False,False,0.0,0.0
Casual Apparel,CASUAL_APPAREL_0068,Deepfreeze,Deepfreeze Sport,0,254.11,57.11,27.37,22.6,2.0862,1.2114,Slow,True,False,0.0,0.0
Casual Apparel,CASUAL_APPAREL_0069,Stonepath,Stonepath Pro,28,89.92,5399.84,2563.05,336.74,2.1068,7.6114,Fast,False,False,0.0,0.0
Casual Apparel,CASUAL_APPAREL_0070,Stonepath,Stonepath Xpedition,4,253.48,2241.01,1044.11,338.27,2.1463,3.0866,Fast,False,False,0.0,0.0
Casual Apparel,CASUAL_APPAREL_0071,Rockline,Rockline Traverse,0,183.05,215.95,97.55,25.6,2.2137,3.8104,Fast,True,False,0.0,0.0
Casual Apparel,CASUAL_APPAREL_0072,Rockline,Rockline Ascent,1,485.75,1640.95,865.42,306.96,1.8961,2.8193,Moderate,False,False,0.0,0.0
Casual Apparel,CASUAL_APPAREL_0073,Stonepath,Stonepath LTD,2,494.81,2433.03,1415.5,257.26,1.7189,5.5022,Fast,False,False,0.0,0.0
Casual Apparel,CASUAL_APPAREL_0074,Frostline,Frostline Lite,1,577.14,1877.13,882.97,453.75,2.1259,1.9459,Moderate,False,False,0.0,0.0
Casual Apparel,CASUAL_APPAREL_0075,Rockline,Rockline Elite,0,201.77,371.98,154.73,197.94,2.404,0.7817,Slow,True,True,0.1517,0.6611
Casual Apparel,CASUAL_APPAREL_0076,Iceform,Iceform Team,2,488.12,2623.2,1192.29,283.86,2.2001,4.2003,Fast,False,False,0.0,0.0
Casual Apparel,CASUAL_APPAREL_0077,Iceform,Iceform Xpedition,3,428.61,3090.22,1537.11,682.09,2.0104,2.2535,Moderate,False,False,0.0,0.0
Casual Apparel,CASUAL_APPAREL_0078,Rockline,Rockline Foundation,1,292.86,1342.59,575.03,165.15,2.3348,3.4819,Fast,False,False,0.0,0.0
Casual Apparel,CASUAL_APPAREL_0079,Stonepath,Stonepath Ridge,2,505.62,2360.81,1016.5,288.52,2.3225,3.5231,Fast,False,False,0.0,0.0
Casual Apparel,CASUAL_APPAREL_0080,Iceform,Iceform Summit,11,141.34,3322.12,1557.5,384.8,2.133,4.0475,Fast,False,False,0.0,0.0
Casual Apparel,CASUAL_APPAREL_0081,Iceform,Iceform Trail,1,53.76,192.91,103.72,43.69,1.8599,2.3741,Moderate,False,False,0.0,0.0
Casual Apparel,CASUAL_APPAREL_0082,Frostline,Frostline Comp,3,77.28,514.62,283.27,105.38,1.8167,2.6881,Moderate,False,False,0.0,0.0
Casual Apparel,CASUAL_APPAREL_0083,Rockline,Rockline Origin,6,247.69,2851.41,1689.31,207.21,1.6879,8.1527,Fast,False,False,0.0,0.0
Casual Apparel,CASUAL_APPAREL_0084,Iceform,Iceform Trail,0,419.53,140.28,61.4,20.0,2.2847,3.07,Fast,True,False,0.0,0.0
Casual Apparel,CASUAL_APPAREL_0085,Deepfreeze,Deepfreeze Series II,13,66.43,1672.17,894.75,681.72,1.8689,1.3125,Slow,False,True,0.1358,0.4522
Casual Apparel,CASUAL_APPAREL_0086,Deepfreeze,Deepfreeze Comp,0,476.17,287.66,128.9,37.7,2.2317,3.4193,Fast,True,False,0.0,0.0
Casual Apparel,CASUAL_APPAREL_0087,Stonepath,Stonepath MAX,0,359.2,733.76,285.7,98.53,2.5683,2.8996,Moderate,True,False,0.0,0.0
Casual Apparel,CASUAL_APPAREL_0088,Rockline,Rockline Trail,1,636.11,1606.06,737.98,228.77,2.1763,3.2258,Fast,False,False,0.0,0.0
Casual Apparel,CASUAL_APPAREL_0089,Rockline,Rockline Venture,6,619.93,10511.12,4293.07,662.0,2.4484,6.485,Fast,False,False,0.0,0.0
Casual Apparel,CASUAL_APPAREL_0090,Stonepath,Stonepath Comp,0,281.58,212.41,110.13,20.0,1.9287,5.5067,Fast,True,False,0.0,0.0
Casual Apparel,CASUAL_APPAREL_0091,Rockline,Rockline Xpedition,0,628.6,910.95,466.12,71.49,1.9543,6.5199,Fast,True,False,0.0,0.0
Casual Apparel,CASUAL_APPAREL_0092,Deepfreeze,Deepfreeze Sport,0,389.77,90.2,47.51,21.13,1.8984,2.2486,Moderate,True,False,0.0,0.0
Casual Apparel,CASUAL_APPAREL_0093,Iceform,Iceform Comp,1,309.77,743.06,311.06,54.64,2.3888,5.6925,Fast,False,False,0.0,0.0
Casual Apparel,CASUAL_APPAREL_0094,Stonepath,Stonepath Origin,2,187.93,952.11,464.05,150.04,2.0517,3.0929,Fast,False,False,0.0,0.0
Casual Apparel,CASUAL_APPAREL_0095,Frostline,Frostline X1,0,493.01,325.14,128.24,51.27,2.5355,2.5012,Moderate,True,False,0.0,0.0
Casual Apparel,CASUAL_APPAREL_0096,Iceform,Iceform Ridge,1,290.21,662.3,350.72,127.37,1.8884,2.7536,Moderate,False,False,0.0,0.0
Casual Apparel,CASUAL_APPAREL_0097,Iceform,Iceform Signature,2,112.54,602.4,300.03,82.83,2.0078,3.6221,Fast,False,False,0.0,0.0
Casual Apparel,CASUAL_APPAREL_0098,Stonepath,Stonepath Apex,1,616.27,1575.24,643.47,72.77,2.448,8.8427,Fast,False,False,0.0,0.0
Casual Apparel,CASUAL_APPAREL_0099,Deepfreeze,Deepfreeze Crest,1,70.29,180.88,95.66,20.0,1.8908,4.7832,Fast,False,False,0.0,0.0
Casual Apparel,CASUAL_APPAREL_0100,Iceform,Iceform Crest,0,634.61,165.66,76.76,20.0,2.158,3.8382,Fast,True,False,0.0,0.0
Casual Apparel,CASUAL_APPAREL_0101,Stonepath,Stonepath Base,3,184.38,1242.98,637.45,223.86,1.9499,2.8475,Moderate,False,False,0.0,0.0
Casual Apparel,CASUAL_APPAREL_0102,Frostline,Frostline Signature,0,260.6,59.37,31.66,20.0,1.875,1.5832,Moderate,True,False,0.0,0.0
Casual Apparel,CASUAL_APPAREL_0103,Rockline,Rockline Summit,4,166.79,1713.23,721.65,244.0,2.3741,2.9576,Moderate,False,False,0.0,0.0
Casual Apparel,CASUAL_APPAREL_0104,Deepfreeze,Deepfreeze Enduro,1,543.18,1257.66,719.31,259.94,1.7484,2.7672,Moderate,False,False,0.0,0.0
Casual Apparel,CASUAL_APPAREL_0105,Stonepath,Stonepath Crest,0,105.73,127.16,54.83,20.0,2.3194,2.7413,Moderate,True,False,0.0,0.0
Casual Apparel,CASUAL_APPAREL_0106,Rockline,Rockline Foundation,3,30.03,199.86,113.41,20.0,1.7622,5.6706,Fast,False,False,0.0,0.0
Casual Apparel,CASUAL_APPAREL_0107,Deepfreeze,Deepfreeze Summit,0,497.79,93.16,58.91,20.0,1.5813,2.9455,Moderate,True,False,0.0,0.0
Casual Apparel,CASUAL_APPAREL_0108,Deepfreeze,Deepfreeze Sport,0,453.57,126.75,66.31,20.0,1.9113,3.3157,Fast,True,False,0.0,0.0
Casual Apparel,CASUAL_APPAREL_0109,Iceform,Iceform Team,1,173.4,723.31,285.65,239.27,2.5321,1.1938,Slow,False,False,0.0,0.0
Casual Apparel,CASUAL_APPAREL_0110,Iceform,Iceform MAX,57,18.92,2082.55,1079.14,295.93,1.9298,3.6467,Fast,False,False,0.0,0.0
Casual Apparel,CASUAL_APPAREL_0111,Stonepath,Stonepath Ascent,0,153.68,86.07,39.78,20.0,2.1636,1.9892,Moderate,True,False,0.0,0.0
Casual Apparel,CASUAL_APPAREL_0112,Iceform,Iceform Signature,1,152.32,368.67,192.92,69.92,1.911,2.7591,Moderate,False,False,0.0,0.0
Casual Apparel,CASUAL_APPAREL_0113,Stonepath,Stonepath Pro,5,163.67,1266.22,906.13,262.33,1.3974,3.4541,Fast,False,False,0.0,0.0
Casual Apparel,CASUAL_APPAREL_0114,Deepfreeze,Deepfreeze Team,0,195.08,110.65,60.97,20.0,1.8149,3.0485,Fast,True,False,0.0,0.0
Casual Apparel,CASUAL_APPAREL_0115,Stonepath,Stonepath Tour,3,342.51,2572.45,1341.66,250.58,1.9174,5.3543,Fast,False,False,0.0,0.0
Casual Apparel,CASUAL_APPAREL_0116,Rockline,Rockline Crest,2,158.77,766.13,366.45,39.62,2.0907,9.2488,Fast,False,False,0.0,0.0
Casual Apparel,CASUAL_APPAREL_0117,Deepfreeze,Deepfreeze Pro,0,251.84,398.37,185.29,185.87,2.1499,0.9969,Slow,True,True,0.2782,0.5941
Casual Apparel,CASUAL_APPAREL_0118,Iceform,Iceform Sport,0,255.28,91.52,38.86,22.43,2.3551,1.7326,Moderate,True,False,0.0,0.0
Casual Apparel,CASUAL_APPAREL_0119,Deepfreeze,Deepfreeze Xpedition,1,180.41,797.86,323.54,73.88,2.466,4.379,Fast,False,False,0.0,0.0
Casual Apparel,CASUAL_APPAREL_0120,Stonepath,Stonepath Venture,4,273.2,2216.4,1282.18,396.19,1.7286,3.2363,Fast,False,False,0.0,0.0
Casual Apparel,CASUAL_APPAREL_0121,Frostline,Frostline LTD,0,131.06,141.37,106.58,20.0,1.3264,5.3291,Fast,True,False,0.0,0.0
Casual Apparel,CASUAL_APPAREL_0122,Deepfreeze,Deepfreeze Carbon,0,329.86,329.32,188.9,20.0,1.7434,9.4448,Fast,True,False,0.0,0.0
Casual Apparel,CASUAL_APPAREL_0123,Iceform,Iceform Traverse,2,196.74,1117.84,464.79,80.79,2.405,5.7531,Fast,False,False,0.0,0.0
Casual Apparel,CASUAL_APPAREL_0124,Stonepath,Stonepath Venture,7,267.82,3923.95,2136.17,1120.73,1.8369,1.906,Moderate,False,False,0.0,0.0
Casual Apparel,CASUAL_APPAREL_0125,Rockline,Rockline Signature,1,541.87,1557.55,768.31,308.4,2.0272,2.4913,Moderate,False,False,0.0,0.0
Casual Apparel,CASUAL_APPAREL_0126,Deepfreeze,Deepfreeze Carbon,0,511.0,336.01,137.0,20.0,2.4526,6.8501,Fast,True,False,0.0,0.0
Casual Apparel,CASUAL_APPAREL_0127,Iceform,Iceform Base,1,361.39,845.62,415.37,86.1,2.0358,4.8242,Fast,False,False,0.0,0.0
Casual Apparel,CASUAL_APPAREL_0128,Stonepath,Stonepath LTD,0,417.83,787.88,340.43,101.7,2.3144,3.3473,Fast,True,False,0.0,0.0
Casual Apparel,CASUAL_APPAREL_0129,Iceform,Iceform Tour,1,210.23,412.89,238.48,89.26,1.7313,2.6717,Moderate,False,False,0.0,0.0
Casual Apparel,CASUAL_APPAREL_0130,Iceform,Iceform Comp,0,392.28,87.71,49.61,20.0,1.768,2.4805,Moderate,True,False,0.0,0.0
Casual Apparel,CASUAL_APPAREL_0131,Iceform,Iceform Signature,0,223.6,97.14,54.46,20.0,1.7838,2.7228,Moderate,True,False,0.0,0.0
Casual Apparel,CASUAL_APPAREL_0132,Rockline,Rockline Pro,0,555.12,355.27,177.79,73.45,1.9982,2.4205,Moderate,True,False,0.0,0.0
Casual Apparel,CASUAL_APPAREL_0133,Rockline,Rockline Comp,0,614.32,780.79,380.85,304.87,2.0501,1.2492,Slow,True,False,0.0,0.0
Casual Apparel,CASUAL_APPAREL_0134,Frostline,Frostline Signature,0,285.93,153.69,84.81,20.0,1.8121,4.2406,Fast,True,False,0.0,0.0
Casual Apparel,CASUAL_APPAREL_0135,Iceform,Iceform Xpedition,4,258.25,2463.83,1149.8,302.39,2.1428,3.8024,Fast,False,False,0.0,0.0
Casual Apparel,CASUAL_APPAREL_0136,Stonepath,Stonepath Pro,0,574.39,580.32,251.44,47.16,2.308,5.3321,Fast,True,False,0.0,0.0
Casual Apparel,CASUAL_APPAREL_0137,Deepfreeze,Deepfreeze Ascent,0,197.02,81.33,44.24,20.0,1.8383,2.2121,Moderate,True,False,0.0,0.0
Casual Apparel,CASUAL_APPAREL_0138,Iceform,Iceform Foundation,0,550.91,1178.54,497.18,146.4,2.3705,3.3959,Fast,True,False,0.0,0.0
Casual Apparel,CASUAL_APPAREL_0139,Frostline,Frostline Ascent,0,157.22,208.63,89.03,20.0,2.3435,4.4513,Fast,True,False,0.0,0.0
Casual Apparel,CASUAL_APPAREL_0140,Stonepath,Stonepath Crest,80,41.49,7890.09,3334.86,545.89,2.3659,6.109,Fast,False,False,0.0,0.0
Casual Apparel,CASUAL_APPAREL_0141,Iceform,Iceform Series II,35,65.17,4147.37,2331.5,377.83,1.7788,6.1708,Fast,False,False,0.0,0.0
Casual Apparel,CASUAL_APPAREL_0142,Rockline,Rockline Xpedition,5,422.98,4411.82,2178.02,1035.44,2.0256,2.1035,Moderate,False,False,0.0,0.0
Casual Apparel,CASUAL_APPAREL_0143,Rockline,Rockline Enduro,0,643.48,413.35,189.08,98.79,2.1861,1.914,Moderate,True,False,0.0,0.0
Casual Apparel,CASUAL_APPAREL_0144,Frostline,Frostline LTD,5,274.21,2779.94,1525.26,629.85,1.8226,2.4216,Moderate,False,False,0.0,0.0
Casual Apparel,CASUAL_APPAREL_0145,Iceform,Iceform Comp,4,590.33,6398.77,2535.51,578.91,2.5237,4.3798,Fast,False,False,0.0,0.0
Casual Apparel,CASUAL_APPAREL_0146,Rockline,Rockline Summit,5,254.5,3435.01,1516.72,419.87,2.2648,3.6124,Fast,False,False,0.0,0.0
Casual Apparel,CASUAL_APPAREL_0147,Stonepath,Stonepath Carbon,38,126.12,9364.58,4835.0,711.22,1.9368,6.7981,Fast,False,False,0.0,0.0
Casual Apparel,CASUAL_APPAREL_0148,Rockline,Rockline Trail,0,260.09,256.28,112.84,20.0,2.2712,5.642,Fast,True,False,0.0,0.0
Casual Apparel,CASUAL_APPAREL_0149,Stonepath,Stonepath Enduro,19,53.73,2187.18,1041.81,412.33,2.0994,2.5267,Moderate,False,False,0.0,0.0
Casual Apparel,CASUAL_APPAREL_0150,Deepfreeze,Deepfreeze Origin,44,28.89,2740.98,1278.42,424.92,2.144,3.0086,Fast,False,False,0.0,0.0
Casual Apparel,CASUAL_APPAREL_0151,Iceform,Iceform Enduro,0,316.51,113.66,56.2,25.47,2.0224,2.207,Moderate,True,False,0.0,0.0
Casual Apparel,CASUAL_APPAREL_0152,Iceform,Iceform Carbon,0,585.48,533.39,252.52,92.97,2.1122,2.7161,Moderate,True,False,0.0,0.0
Casual Apparel,CASUAL_APPAREL_0153,Stonepath,Stonepath Base,12,620.47,14480.25,7754.72,1525.21,1.8673,5.0844,Fast,False,False,0.0,0.0
Casual Apparel,CASUAL_APPAREL_0154,Stonepath,Stonepath Traverse,3,221.59,1941.24,883.79,106.32,2.1965,8.3122,Fast,False,False,0.0,0.0
Casual Apparel,CASUAL_APPAREL_0155,Iceform,Iceform Enduro,30,77.55,3760.29,2340.79,953.54,1.6064,2.4548,Moderate,False,False,0.0,0.0
Casual Apparel,CASUAL_APPAREL_0156,Deepfreeze,Deepfreeze Base,3,265.66,1426.6,934.65,509.11,1.5264,1.8358,Moderate,False,False,0.0,0.0
Casual Apparel,CASUAL_APPAREL_0157,Rockline,Rockline LTD,4,313.38,2809.29,1334.17,390.69,2.1056,3.4149,Fast,False,False,0.0,0.0
Casual Apparel,CASUAL_APPAREL_0158,Iceform,Iceform Sport,2,481.79,2260.02,1134.96,399.98,1.9913,2.8376,Moderate,False,False,0.0,0.0
Casual Apparel,CASUAL_APPAREL_0159,Stonepath,Stonepath Ridge,4,343.95,2838.64,1403.47,872.36,2.0226,1.6088,Moderate,False,True,0.2587,0.6835
Casual Apparel,CASUAL_APPAREL_0160,Deepfreeze,Deepfreeze Venture,3,475.41,3933.16,1507.78,580.44,2.6086,2.5976,Moderate,False,False,0.0,0.0
Casual Apparel,CASUAL_APPAREL_0161,Iceform,Iceform LTD,1,533.63,2689.91,984.81,135.97,2.7314,7.2431,Fast,False,False,0.0,0.0
Casual Apparel,CASUAL_APPAREL_0162,Stonepath,Stonepath Team,3,506.64,2876.48,1761.13,139.15,1.6333,12.6564,Fast,False,False,0.0,0.0
Casual Apparel,CASUAL_APPAREL_0163,Rockline,Rockline Traverse,4,426.52,3785.28,1792.38,304.0,2.1119,5.896,Fast,False,False,0.0,0.0
Casual Apparel,CASUAL_APPAREL_0164,Rockline,Rockline Foundation,2,490.28,2158.16,1075.55,204.4,2.0066,5.2619,Fast,False,False,0.0,0.0
Casual Apparel,CASUAL_APPAREL_0165,Frostline,Frostline X1,5,509.09,6088.55,2656.65,332.35,2.2918,7.9936,Fast,False,False,0.0,0.0
Casual Apparel,CASUAL_APPAREL_0166,Rockline,Rockline Venture,0,473.37,97.84,46.2,20.0,2.1179,2.3098,Moderate,True,False,0.0,0.0
Casual Apparel,CASUAL_APPAREL_0167,Frostline,Frostline X1,2,375.23,1944.22,841.67,357.66,2.31,2.3533,Moderate,False,False,0.0,0.0
Casual Apparel,CASUAL_APPAREL_0168,Deepfreeze,Deepfreeze Team,0,398.37,266.66,104.39,20.0,2.5544,5.2196,Fast,True,False,0.0,0.0
Casual Apparel,CASUAL_APPAREL_0169,Rockline,Rockline Trail,9,277.78,5534.37,2739.02,696.11,2.0206,3.9347,Fast,False,False,0.0,0.0
Casual Apparel,CASUAL_APPAREL_0170,Stonepath,Stonepath X1,2,241.27,1056.69,692.78,471.19,1.5253,1.4703,Slow,False,False,0.0,0.0
Casual Apparel,CASUAL_APPAREL_0171,Stonepath,Stonepath Tour,1,352.56,1217.45,666.43,193.88,1.8268,3.4373,Fast,False,False,0.0,0.0
Casual Apparel,CASUAL_APPAREL_0172,Stonepath,Stonepath Crest,1,503.81,1290.93,571.66,254.19,2.2582,2.249,Moderate,False,False,0.0,0.0
Casual Apparel,CASUAL_APPAREL_0173,Frostline,Frostline Base,1,617.29,2018.54,987.41,311.87,2.0443,3.1661,Fast,False,False,0.0,0.0
Casual Apparel,CASUAL_APPAREL_0174,Frostline,Frostline Enduro,16,291.19,9041.86,4778.2,984.76,1.8923,4.8521,Fast,False,False,0.0,0.0
Casual Apparel,CASUAL_APPAREL_0175,Rockline,Rockline Comp,0,175.66,454.63,166.01,99.71,2.7385,1.6649,Moderate,True,False,0.0,0.0
Casual Apparel,CASUAL_APPAREL_0176,Stonepath,Stonepath Traverse,10,229.44,4398.47,2329.16,567.56,1.8884,4.1038,Fast,False,False,0.0,0.0
Casual Apparel,CASUAL_APPAREL_0177,Frostline,Frostline Tour,0,214.49,85.39,54.37,20.0,1.5705,2.7185,Moderate,True,True,0.05,0.2273
Casual Apparel,CASUAL_APPAREL_0178,Deepfreeze,Deepfreeze Xpedition,3,267.02,1903.5,815.74,93.39,2.3335,8.7349,Fast,False,False,0.0,0.0
Casual Apparel,CASUAL_APPAREL_0179,Deepfreeze,Deepfreeze Team,18,100.58,4264.7,1910.43,760.89,2.2323,2.5108,Moderate,False,False,0.0,0.0
Casual Apparel,CASUAL_APPAREL_0180,Deepfreeze,Deepfreeze Elite,4,441.75,4078.63,1945.06,455.54,2.0969,4.2698,Fast,False,False,0.0,0.0
Casual Apparel,CASUAL_APPAREL_0181,Stonepath,Stonepath Foundation,1,228.19,757.23,284.09,60.09,2.6655,4.7274,Fast,False,False,0.0,0.0
Casual Apparel,CASUAL_APPAREL_0182,Frostline,Frostline Enduro,0,426.56,56.36,27.44,20.0,2.0537,1.3722,Slow,True,False,0.0,0.0
Casual Apparel,CASUAL_APPAREL_0183,Stonepath,Stonepath Enduro,4,181.84,1951.65,873.73,261.49,2.2337,3.3414,Fast,False,False,0.0,0.0
Casual Apparel,CASUAL_APPAREL_0184,Iceform,Iceform Origin,0,414.68,757.75,290.68,44.03,2.6068,6.6013,Fast,True,False,0.0,0.0
Casual Apparel,CASUAL_APPAREL_0185,Frostline,Frostline Origin,0,313.02,617.93,229.64,123.64,2.6909,1.8573,Moderate,True,True,0.2449,0.2221
Casual Apparel,CASUAL_APPAREL_0186,Iceform,Iceform Ridge,8,269.02,4108.49,2188.82,522.12,1.877,4.1921,Fast,False,False,0.0,0.0
Casual Apparel,CASUAL_APPAREL_0187,Deepfreeze,Deepfreeze Apex,0,434.28,81.77,34.18,20.0,2.3923,1.7091,Moderate,True,False,0.0,0.0
Casual Apparel,CASUAL_APPAREL_0188,Iceform,Iceform Team,4,269.49,3408.73,1342.36,362.69,2.5393,3.7012,Fast,False,False,0.0,0.0
Casual Apparel,CASUAL_APPAREL_0189,Iceform,Iceform Comp,0,392.06,283.6,144.06,31.42,1.9687,4.585,Fast,True,False,0.0,0.0
Casual Apparel,CASUAL_APPAREL_0190,Frostline,Frostline Signature,0,142.7,50.26,21.51,20.0,2.3361,1.0757,Slow,True,True,0.211,0.3654
Casual Apparel,CASUAL_APPAREL_0191,Iceform,Iceform Elite,1,426.44,1027.94,435.01,137.96,2.363,3.1531,Fast,False,False,0.0,0.0
Casual Apparel,CASUAL_APPAREL_0192,Frostline,Frostline Carbon,0,608.82,360.15,201.03,66.69,1.7915,3.0144,Fast,True,False,0.0,0.0
Casual Apparel,CASUAL_APPAREL_0193,Stonepath,Stonepath Crest,0,353.29,180.6,97.11,20.0,1.8597,4.8557,Fast,True,False,0.0,0.0
Casual Apparel,CASUAL_APPAREL_0194,Iceform,Iceform Ridge,3,398.4,3137.1,1434.71,401.87,2.1866,3.5701,Fast,False,False,0.0,0.0
Casual Apparel,CASUAL_APPAREL_0195,Deepfreeze,Deepfreeze LTD,0,577.87,347.36,189.64,30.84,1.8317,6.1495,Fast,True,False,0.0,0.0
Casual Apparel,CASUAL_APPAREL_0196,Deepfreeze,Deepfreeze Crest,6,294.84,3211.24,1938.95,473.21,1.6562,4.0974,Fast,False,False,0.0,0.0
Casual Apparel,CASUAL_APPAREL_0197,Stonepath,Stonepath Team,0,319.53,722.68,293.4,51.07,2.4631,5.7454,Fast,True,False,0.0,0.0
Casual Apparel,CASUAL_APPAREL_0198,Iceform,Iceform Apex,8,554.27,9104.3,4559.71,314.77,1.9967,14.4857,Fast,False,False,0.0,0.0
Casual Apparel,CASUAL_APPAREL_0199,Stonepath,Stonepath Pro,4,309.57,2634.03,1545.8,447.81,1.704,3.4519,Fast,False,False,0.0,0.0
Casual Apparel,CASUAL_APPAREL_0200,Frostline,Frostline Carbon,0,138.15,194.56,86.68,74.24,2.2445,1.1675,Slow,True,False,0.0,0.0
Casual Apparel,CASUAL_APPAREL_0201,Iceform,Iceform Signature,0,243.12,116.97,64.58,31.67,1.8113,2.0389,Moderate,True,False,0.0,0.0
Casual Apparel,CASUAL_APPAREL_0202,Stonepath,Stonepath Carbon,0,567.16,181.73,75.48,20.0,2.4076,3.774,Fast,True,False,0.0,0.0
Casual Apparel,CASUAL_APPAREL_0203,Frostline,Frostline Venture,0,193.31,49.64,18.86,27.1,2.6324,0.6959,Slow,True,False,0.0,0.0
Casual Apparel,CASUAL_APPAREL_0204,Deepfreeze,Deepfreeze Carbon,1,631.09,2016.83,749.89,600.89,2.6895,1.248,Slow,False,False,0.0,0.0
Casual Apparel,CASUAL_APPAREL_0205,Iceform,Iceform Sport,8,112.1,2307.84,939.72,170.44,2.4559,5.5136,Fast,False,False,0.0,0.0
Casual Apparel,CASUAL_APPAREL_0206,Stonepath,Stonepath LTD,0,480.82,160.7,107.06,20.0,1.501,5.3528,Fast,True,False,0.0,0.0
Casual Apparel,CASUAL_APPAREL_0207,Rockline,Rockline Carbon,1,119.79,412.17,176.68,73.29,2.3328,2.4107,Moderate,False,False,0.0,0.0
Casual Apparel,CASUAL_APPAREL_0208,Frostline,Frostline Ridge,9,170.4,3853.71,1649.98,496.01,2.3356,3.3265,Fast,False,False,0.0,0.0
Casual Apparel,CASUAL_APPAREL_0209,Iceform,Iceform Crest,0,516.08,523.35,269.73,98.4,1.9403,2.7411,Moderate,True,False,0.0,0.0
Casual Apparel,CASUAL_APPAREL_0210,Rockline,Rockline Lite,1,321.33,857.78,381.45,245.53,2.2488,1.5535,Moderate,False,True,0.2553,0.5637
Casual Apparel,CASUAL_APPAREL_0211,Iceform,Iceform X1,0,198.0,129.07,57.1,20.0,2.2605,2.8549,Moderate,True,False,0.0,0.0
Casual Apparel,CASUAL_APPAREL_0212,Iceform,Iceform MAX,0,621.21,250.68,143.38,45.63,1.7484,3.142,Fast,True,False,0.0,0.0
Casual Apparel,CASUAL_APPAREL_0213,Frostline,Frostline Ascent,4,577.54,5598.81,2437.45,1069.29,2.297,2.2795,Moderate,False,False,0.0,0.0
Casual Apparel,CASUAL_APPAREL_0214,Iceform,Iceform Apex,24,86.56,4575.63,2102.02,333.44,2.1768,6.304,Fast,False,False,0.0,0.0
Casual Apparel,CASUAL_APPAREL_0215,Rockline,Rockline Apex,170,19.09,6095.45,3263.36,1386.93,1.8678,2.3529,Moderate,False,False,0.0,0.0
Casual Apparel,CASUAL_APPAREL_0216,Rockline,Rockline Pro,1,516.52,1243.26,572.87,213.12,2.1702,2.688,Moderate,False,False,0.0,0.0
Casual Apparel,CASUAL_APPAREL_0217,Iceform,Iceform Tour,0,581.99,132.38,73.58,43.55,1.7991,1.6896,Moderate,True,True,0.23,0.368
Casual Apparel,CASUAL_APPAREL_0218,Iceform,Iceform Comp,0,530.24,974.43,427.46,50.21,2.2796,8.5141,Fast,True,False,0.0,0.0
Casual Apparel,CASUAL_APPAREL_0219,Rockline,Rockline Base,0,505.86,705.41,321.95,91.63,2.1911,3.5136,Fast,True,False,0.0,0.0
Casual Apparel,CASUAL_APPAREL_0220,Rockline,Rockline Ridge,0,379.3,768.57,276.91,106.85,2.7755,2.5915,Moderate,True,False,0.0,0.0
Casual Apparel,CASUAL_APPAREL_0221,Frostline,Frostline Signature,2,289.99,1466.41,608.42,213.96,2.4102,2.8436,Moderate,False,False,0.0,0.0
Casual Apparel,CASUAL_APPAREL_0222,Frostline,Frostline Enduro,0,294.23,267.7,144.71,21.53,1.85,6.7206,Fast,True,False,0.0,0.0
Casual Apparel,CASUAL_APPAREL_0223,Deepfreeze,Deepfreeze Pro,4,525.99,4912.32,2236.42,709.88,2.1965,3.1504,Fast,False,False,0.0,0.0
Casual Apparel,CASUAL_APPAREL_0224,Iceform,Iceform Xpedition,0,613.27,602.88,309.98,120.15,1.9449,2.58,Moderate,True,False,0.0,0.0
Casual Apparel,CASUAL_APPAREL_0225,Frostline,Frostline X1,5,287.19,2930.0,1675.48,550.14,1.7487,3.0456,Fast,False,False,0.0,0.0
Casual Apparel,CASUAL_APPAREL_0226,Iceform,Iceform Signature,2,222.46,1100.0,496.25,223.54,2.2166,2.22,Moderate,False,False,0.0,0.0
Casual Apparel,CASUAL_APPAREL_0227,Rockline,Rockline Trail,10,154.99,3062.94,1660.48,521.84,1.8446,3.182,Fast,False,False,0.0,0.0
Casual Apparel,CASUAL_APPAREL_0228,Stonepath,Stonepath Crest,1,232.47,774.53,380.48,37.82,2.0357,10.0604,Fast,False,False,0.0,0.0
Casual Apparel,CASUAL_APPAREL_0229,Deepfreeze,Deepfreeze Enduro,0,338.56,466.13,211.89,45.7,2.1999,4.6362,Fast,True,False,0.0,0.0
Casual Apparel,CASUAL_APPAREL_0230,Deepfreeze,Deepfreeze Sport,0,643.96,1129.4,629.06,244.4,1.7954,2.5739,Moderate,True,False,0.0,0.0
Casual Apparel,CASUAL_APPAREL_0231,Frostline,Frostline Series II,0,111.5,181.53,91.26,20.38,1.9892,4.4783,Fast,True,False,0.0,0.0
Casual Apparel,CASUAL_APPAREL_0232,Iceform,Iceform Summit,0,304.59,173.63,65.36,20.0,2.6565,3.2679,Fast,True,False,0.0,0.0
Casual Apparel,CASUAL_APPAREL_0233,Deepfreeze,Deepfreeze Pro,9,295.26,5838.41,2694.31,484.23,2.1669,5.5641,Fast,False,False,0.0,0.0
Casual Apparel,CASUAL_APPAREL_0234,Rockline,Rockline Team,0,636.55,800.84,306.94,43.78,2.6091,7.0106,Fast,True,False,0.0,0.0
Casual Apparel,CASUAL_APPAREL_0235,Iceform,Iceform Sport,9,484.35,9664.28,4757.87,824.73,2.0312,5.769,Fast,False,False,0.0,0.0
Casual Apparel,CASUAL_APPAREL_0236,Rockline,Rockline Trail,0,189.58,106.06,71.82,20.0,1.4769,3.5908,Fast,True,False,0.0,0.0
Casual Apparel,CASUAL_APPAREL_0237,Deepfreeze,Deepfreeze Venture,3,171.65,1236.03,551.2,142.87,2.2424,3.8582,Fast,False,False,0.0,0.0
Casual Apparel,CASUAL_APPAREL_0238,Stonepath,Stonepath Lite,0,620.19,169.31,77.99,20.0,2.171,3.8994,Fast,True,False,0.0,0.0
Casual Apparel,CASUAL_APPAREL_0239,Rockline,Rockline Tour,0,454.9,39.78,17.77,20.0,2.2379,0.8887,Slow,True,True,0.139,0.5402
Casual Apparel,CASUAL_APPAREL_0240,Rockline,Rockline Venture,1,608.86,1437.72,646.5,68.87,2.2238,9.3877,Fast,False,False,0.0,0.0
Casual Apparel,CASUAL_APPAREL_0241,Frostline,Frostline Elite,0,451.71,292.77,144.31,27.38,2.0288,5.2704,Fast,True,False,0.0,0.0
Casual Apparel,CASUAL_APPAREL_0242,Stonepath,Stonepath Origin,15,235.96,5582.32,3580.35,570.64,1.5592,6.2743,Fast,False,False,0.0,0.0
Casual Apparel,CASUAL_APPAREL_0243,Stonepath,Stonepath Xpedition,0,579.14,52.71,33.32,20.0,1.5818,1.6661,Moderate,True,False,0.0,0.0
Casual Apparel,CASUAL_APPAREL_0244,Rockline,Rockline Foundation,0,530.29,711.35,343.62,100.95,2.0702,3.404,Fast,True,False,0.0,0.0
Casual Apparel,CASUAL_APPAREL_0245,Iceform,Iceform Team,0,153.73,80.23,36.01,20.0,2.2283,1.8003,Moderate,True,False,0.0,0.0
Casual Apparel,CASUAL_APPAREL_0246,Deepfreeze,Deepfreeze Traverse,1,135.79,569.6,270.33,126.36,2.107,2.1394,Moderate,False,False,0.0,0.0
Casual Apparel,CASUAL_APPAREL_0247,Rockline,Rockline Pro,2,115.83,793.08,295.18,58.98,2.6868,5.0045,Fast,False,False,0.0,0.0
Casual Apparel,CASUAL_APPAREL_0248,Rockline,Rockline Carbon,4,422.32,4155.68,1918.04,459.57,2.1666,4.1735,Fast,False,False,0.0,0.0
Casual Apparel,CASUAL_APPAREL_0249,Stonepath,Stonepath Apex,1,331.37,764.16,414.55,125.97,1.8434,3.2908,Fast,False,False,0.0,0.0
Casual Apparel,CASUAL_APPAREL_0250,Rockline,Rockline Sport,3,188.74,1449.37,695.02,370.21,2.0854,1.8774,Moderate,False,False,0.0,0.0
Casual Apparel,CASUAL_APPAREL_0251,Frostline,Frostline Summit,11,242.63,5886.13,2906.04,654.32,2.0255,4.4413,Fast,False,False,0.0,0.0
Casual Apparel,CASUAL_APPAREL_0252,Rockline,Rockline Ascent,19,357.61,14943.68,6892.23,1143.43,2.1682,6.0277,Fast,False,False,0.0,0.0
Casual Apparel,CASUAL_APPAREL_0253,Iceform,Iceform Series II,10,41.4,945.62,432.61,92.64,2.1859,4.6698,Fast,False,False,0.0,0.0
Casual Apparel,CASUAL_APPAREL_0254,Frostline,Frostline Ridge,1,353.61,720.6,453.69,172.8,1.5883,2.6255,Moderate,False,False,0.0,0.0
Casual Apparel,CASUAL_APPAREL_0255,Deepfreeze,Deepfreeze Crest,0,637.85,239.64,128.71,20.0,1.8619,6.4355,Fast,True,False,0.0,0.0
Casual Apparel,CASUAL_APPAREL_0256,Iceform,Iceform LTD,23,220.73,9668.47,5221.08,1222.84,1.8518,4.2696,Fast,False,False,0.0,0.0
Casual Apparel,CASUAL_APPAREL_0257,Frostline,Frostline Enduro,0,389.25,847.29,372.21,171.03,2.2764,2.1762,Moderate,True,False,0.0,0.0
Casual Apparel,CASUAL_APPAREL_0258,Deepfreeze,Deepfreeze Ridge,0,617.2,77.02,40.13,41.75,1.919,0.9613,Slow,True,True,0.2552,0.4131
Casual Apparel,CASUAL_APPAREL_0259,Deepfreeze,Deepfreeze Elite,12,288.55,6655.03,3542.13,973.48,1.8788,3.6386,Fast,False,False,0.0,0.0
Casual Apparel,CASUAL_APPAREL_0260,Frostline,Frostline Venture,7,143.72,1924.28,1063.68,335.74,1.8091,3.1682,Fast,False,False,0.0,0.0
Casual Apparel,CASUAL_APPAREL_0261,Iceform,Iceform Comp,1,34.27,106.8,46.19,20.0,2.3124,2.3093,Moderate,False,False,0.0,0.0
Casual Apparel,CASUAL_APPAREL_0262,Stonepath,Stonepath Comp,10,518.7,8876.31,5400.64,1207.71,1.6436,4.4718,Fast,False,False,0.0,0.0
Casual Apparel,CASUAL_APPAREL_0263,Iceform,Iceform Comp,2,352.59,1882.73,906.91,322.41,2.076,2.8129,Moderate,False,False,0.0,0.0
Casual Apparel,CASUAL_APPAREL_0264,Deepfreeze,Deepfreeze Venture,155,30.23,8741.29,4716.45,912.87,1.8534,5.1666,Fast,False,False,0.0,0.0
Casual Apparel,CASUAL_APPAREL_0265,Deepfreeze,Deepfreeze Foundation,27,345.29,29549.92,9647.72,1103.61,3.0629,8.742,Fast,False,False,0.0,0.0
Casual Apparel,CASUAL_APPAREL_0266,Frostline,Frostline Tour,4,35.26,366.04,145.72,153.02,2.5119,0.9524,Slow,False,False,0.0,0.0
Casual Apparel,CASUAL_APPAREL_0267,Iceform,Iceform Ascent,0,316.99,139.11,77.59,41.86,1.7928,1.8536,Moderate,True,False,0.0,0.0
Casual Apparel,CASUAL_APPAREL_0268,Stonepath,Stonepath Team,3,154.45,1032.41,502.8,265.6,2.0533,1.8931,Moderate,False,False,0.0,0.0
Casual Apparel,CASUAL_APPAREL_0269,Iceform,Iceform MAX,11,519.44,15177.53,5927.32,665.48,2.5606,8.9068,Fast,False,False,0.0,0.0
Casual Apparel,CASUAL_APPAREL_0270,Iceform,Iceform Origin,0,622.65,263.05,133.5,20.0,1.9703,6.6752,Fast,True,False,0.0,0.0
Casual Apparel,CASUAL_APPAREL_0271,Deepfreeze,Deepfreeze Trail,21,514.22,26073.37,10800.4,756.86,2.4141,14.27,Fast,False,False,0.0,0.0
Casual Apparel,CASUAL_APPAREL_0272,Deepfreeze,Deepfreeze Series II,5,289.23,3776.57,1578.37,815.74,2.3927,1.9349,Moderate,False,False,0.0,0.0
Casual Apparel,CASUAL_APPAREL_0273,Stonepath,Stonepath Enduro,4,307.3,2778.12,1292.52,150.83,2.1494,8.5696,Fast,False,False,0.0,0.0
Casual Apparel,CASUAL_APPAREL_0274,Iceform,Iceform Xpedition,24,31.37,1521.63,783.48,421.93,1.9421,1.8569,Moderate,False,False,0.0,0.0
Casual Apparel,CASUAL_APPAREL_0275,Frostline,Frostline X1,0,488.48,267.79,127.68,20.0,2.0974,6.3839,Fast,True,False,0.0,0.0
Casual Apparel,CASUAL_APPAREL_0276,Deepfreeze,Deepfreeze Tour,6,174.13,2968.68,1151.04,470.65,2.5791,2.4456,Moderate,False,False,0.0,0.0
Casual Apparel,CASUAL_APPAREL_0277,Rockline,Rockline X1,0,467.72,757.06,410.75,177.32,1.8431,2.3164,Moderate,True,False,0.0,0.0
Casual Apparel,CASUAL_APPAREL_0278,Deepfreeze,Deepfreeze Ridge,3,132.78,1048.89,487.09,104.05,2.1534,4.6815,Fast,False,False,0.0,0.0
Casual Apparel,CASUAL_APPAREL_0279,Frostline,Frostline Sport,0,116.5,242.83,116.42,33.96,2.0857,3.4281,Fast,True,False,0.0,0.0
Casual Apparel,CASUAL_APPAREL_0280,Iceform,Iceform Ridge,1,484.16,2245.8,911.78,83.97,2.4631,10.8584,Fast,False,False,0.0,0.0
Casual Apparel,CASUAL_APPAREL_0281,Iceform,Iceform Origin,0,645.96,774.83,305.45,133.56,2.5366,2.287,Moderate,True,False,0.0,0.0
Casual Apparel,CASUAL_APPAREL_0282,Iceform,Iceform Pro,19,282.75,11468.73,5586.15,316.24,2.0531,17.6643,Fast,False,False,0.0,0.0
Casual Apparel,CASUAL_APPAREL_0283,Stonepath,Stonepath Venture,0,525.79,929.06,522.85,423.88,1.7769,1.2335,Slow,True,False,0.0,0.0
Casual Apparel,CASUAL_APPAREL_0284,Frostline,Frostline Pro,11,514.88,13383.14,5905.9,688.72,2.2661,8.5752,Fast,False,False,0.0,0.0
Casual Apparel,CASUAL_APPAREL_0285,Rockline,Rockline Foundation,5,88.91,1145.74,478.27,193.37,2.3956,2.4734,Moderate,False,False,0.0,0.0
Casual Apparel,CASUAL_APPAREL_0286,Frostline,Frostline Crest,6,123.28,2097.11,763.64,332.13,2.7462,2.2992,Moderate,False,False,0.0,0.0
Casual Apparel,CASUAL_APPAREL_0287,Deepfreeze,Deepfreeze Origin,0,516.23,332.27,164.71,37.57,2.0173,4.384,Fast,True,False,0.0,0.0
Casual Apparel,CASUAL_APPAREL_0288,Iceform,Iceform MAX,0,443.48,91.57,52.18,20.0,1.7549,2.609,Moderate,True,False,0.0,0.0
Casual Apparel,CASUAL_APPAREL_0289,Stonepath,Stonepath X1,21,370.65,12571.43,8025.34,1654.56,1.5665,4.8504,Fast,False,False,0.0,0.0
Casual Apparel,CASUAL_APPAREL_0290,Iceform,Iceform Summit,34,312.24,17741.98,10661.74,951.01,1.6641,11.2109,Fast,False,False,0.0,0.0
Casual Apparel,CASUAL_APPAREL_0291,Rockline,Rockline Elite,3,520.04,5278.15,1958.9,390.34,2.6944,5.0185,Fast,False,False,0.0,0.0
Casual Apparel,CASUAL_APPAREL_0292,Deepfreeze,Deepfreeze Foundation,3,141.14,846.74,438.39,145.11,1.9315,3.0212,Fast,False,False,0.0,0.0
Casual Apparel,CASUAL_APPAREL_0293,Iceform,Iceform Apex,0,218.83,151.83,71.6,20.0,2.1206,3.5798,Fast,True,False,0.0,0.0
Casual Apparel,CASUAL_APPAREL_0294,Rockline,Rockline Xpedition,5,593.92,7660.55,3010.59,509.15,2.5445,5.913,Fast,False,False,0.0,0.0
Casual Apparel,CASUAL_APPAREL_0295,Rockline,Rockline Carbon,1,476.71,1739.97,787.77,195.52,2.2087,4.0291,Fast,False,False,0.0,0.0
Casual Apparel,CASUAL_APPAREL_0296,Rockline,Rockline Venture,0,222.54,87.96,53.19,25.2,1.6538,2.1106,Moderate,True,False,0.0,0.0
Casual Apparel,CASUAL_APPAREL_0297,Rockline,Rockline Comp,0,444.56,334.21,119.88,84.08,2.788,1.4257,Slow,True,True,0.1654,0.4853
Casual Apparel,CASUAL_APPAREL_0298,Deepfreeze,Deepfreeze Lite,0,422.72,412.87,220.12,46.79,1.8756,4.7046,Fast,True,False,0.0,0.0
Casual Apparel,CASUAL_APPAREL_0299,Stonepath,Stonepath Comp,12,404.99,9734.25,5051.59,852.79,1.927,5.9236,Fast,False,False,0.0,0.0
Casual Apparel,CASUAL_APPAREL_0300,Rockline,Rockline Signature,0,526.38,165.62,95.99,35.07,1.7254,2.7368,Moderate,True,False,0.0,0.0
Casual Apparel,CASUAL_APPAREL_0301,Deepfreeze,Deepfreeze Origin,0,376.42,697.61,303.82,20.0,2.2961,15.1912,Fast,True,False,0.0,0.0
Casual Apparel,CASUAL_APPAREL_0302,Deepfreeze,Deepfreeze Pro,6,196.74,3172.84,1249.45,450.81,2.5394,2.7715,Moderate,False,False,0.0,0.0
Casual Apparel,CASUAL_APPAREL_0303,Deepfreeze,Deepfreeze Traverse,0,151.89,113.8,50.67,21.53,2.2459,2.353,Moderate,True,True,0.0873,0.3761
Casual Apparel,CASUAL_APPAREL_0304,Frostline,Frostline Elite,66,76.47,11069.29,5075.24,614.0,2.181,8.2658,Fast,False,False,0.0,0.0
Casual Apparel,CASUAL_APPAREL_0305,Rockline,Rockline Ridge,3,348.08,2496.42,1315.47,238.49,1.8977,5.5158,Fast,False,False,0.0,0.0
Casual Apparel,CASUAL_APPAREL_0306,Rockline,Rockline Sport,105,37.16,7566.46,3906.85,695.81,1.9367,5.6148,Fast,False,False,0.0,0.0
Casual Apparel,CASUAL_APPAREL_0307,Stonepath,Stonepath Xpedition,0,517.34,63.55,28.67,20.0,2.2166,1.4336,Slow,True,True,0.2661,0.5488
Casual Apparel,CASUAL_APPAREL_0308,Frostline,Frostline LTD,13,205.45,5367.36,2840.98,1570.69,1.8893,1.8087,Moderate,False,False,0.0,0.0
Casual Apparel,CASUAL_APPAREL_0309,Frostline,Frostline Carbon,1,193.05,692.33,300.51,136.17,2.3039,2.2068,Moderate,False,False,0.0,0.0
Casual Apparel,CASUAL_APPAREL_0310,Deepfreeze,Deepfreeze Xpedition,0,496.73,665.26,275.65,94.66,2.4134,2.9119,Moderate,True,False,0.0,0.0
Casual Apparel,CASUAL_APPAREL_0311,Stonepath,Stonepath Pro,0,215.83,213.19,118.6,59.97,1.7975,1.9776,Moderate,True,False,0.0,0.0
Casual Apparel,CASUAL_APPAREL_0312,Rockline,Rockline Team,0,299.33,536.4,286.24,69.13,1.874,4.1404,Fast,True,False,0.0,0.0
Casual Apparel,CASUAL_APPAREL_0313,Deepfreeze,Deepfreeze Ridge,1,179.61,527.12,281.3,118.74,1.8738,2.3691,Moderate,False,False,0.0,0.0
Casual Apparel,CASUAL_APPAREL_0314,Deepfreeze,Deepfreeze Ascent,0,381.67,465.92,191.21,128.66,2.4367,1.4862,Slow,True,False,0.0,0.0
Casual Apparel,CASUAL_APPAREL_0315,Frostline,Frostline Base,0,564.21,76.44,39.09,20.0,1.9555,1.9545,Moderate,True,False,0.0,0.0
Casual Apparel,CASUAL_APPAREL_0316,Stonepath,Stonepath X1,2,341.87,1914.49,697.13,145.08,2.7463,4.8052,Fast,False,False,0.0,0.0
Casual Apparel,CASUAL_APPAREL_0317,Frostline,Frostline Traverse,0,589.0,789.76,407.54,137.48,1.9379,2.9644,Moderate,True,False,0.0,0.0
Casual Apparel,CASUAL_APPAREL_0318,Stonepath,Stonepath LTD,6,198.22,3345.91,1302.66,253.73,2.5685,5.134,Fast,False,False,0.0,0.0
Casual Apparel,CASUAL_APPAREL_0319,Frostline,Frostline Xpedition,2,540.99,2870.16,1127.86,385.38,2.5448,2.9266,Moderate,False,False,0.0,0.0
Casual Apparel,CASUAL_APPAREL_0320,Frostline,Frostline Carbon,0,350.38,446.22,222.47,71.96,2.0058,3.0914,Fast,True,False,0.0,0.0
Casual Apparel,CASUAL_APPAREL_0321,Rockline,Rockline Venture,70,49.58,7318.33,3478.66,577.2,2.1038,6.0268,Fast,False,False,0.0,0.0
Casual Apparel,CASUAL_APPAREL_0322,Frostline,Frostline Foundation,0,144.11,102.77,43.12,20.0,2.3835,2.1558,Moderate,True,False,0.0,0.0
Casual Apparel,CASUAL_APPAREL_0323,Rockline,Rockline Comp,0,571.34,373.39,141.03,202.8,2.6476,0.6954,Slow,True,True,0.2527,0.6128
Casual Apparel,CASUAL_APPAREL_0324,Frostline,Frostline Traverse,5,517.37,5744.38,2995.68,1201.57,1.9176,2.4931,Moderate,False,False,0.0,0.0
Casual Apparel,CASUAL_APPAREL_0325,Deepfreeze,Deepfreeze Foundation,0,608.1,183.05,82.1,20.0,2.2297,4.1048,Fast,True,False,0.0,0.0
Casual Apparel,CASUAL_APPAREL_0326,Deepfreeze,Deepfreeze Summit,8,544.16,11532.52,4793.06,473.77,2.4061,10.1169,Fast,False,False,0.0,0.0
Casual Apparel,CASUAL_APPAREL_0327,Stonepath,Stonepath Xpedition,0,188.86,29.82,17.6,20.0,1.6944,0.88,Slow,True,False,0.0,0.0
Casual Apparel,CASUAL_APPAREL_0328,Frostline,Frostline Venture,0,447.99,510.57,243.63,301.96,2.0957,0.8068,Slow,True,True,0.3318,0.453
Casual Apparel,CASUAL_APPAREL_0329,Deepfreeze,Deepfreeze Signature,1,278.38,831.86,348.37,89.24,2.3879,3.9035,Fast,False,False,0.0,0.0
Casual Apparel,CASUAL_APPAREL_0330,Iceform,Iceform Comp,0,92.42,47.4,29.77,20.0,1.592,1.4885,Slow,True,False,0.0,0.0
Casual Apparel,CASUAL_APPAREL_0331,Frostline,Frostline Enduro,0,473.21,71.52,32.14,21.04,2.2253,1.5274,Moderate,True,False,0.0,0.0
Casual Apparel,CASUAL_APPAREL_0332,Deepfreeze,Deepfreeze Xpedition,1,365.0,948.4,432.84,212.18,2.1911,2.0399,Moderate,False,False,0.0,0.0
Casual Apparel,CASUAL_APPAREL_0333,Rockline,Rockline Summit,0,442.51,63.48,33.53,20.0,1.8929,1.6767,Moderate,True,False,0.0,0.0
Casual Apparel,CASUAL_APPAREL_0334,Rockline,Rockline LTD,0,573.15,932.82,438.7,84.99,2.1263,5.1621,Fast,True,False,0.0,0.0
Casual Apparel,CASUAL_APPAREL_0335,Stonepath,Stonepath Enduro,1,284.51,994.95,434.54,199.06,2.2897,2.183,Moderate,False,True,0.2509,0.4025
Casual Apparel,CASUAL_APPAREL_0336,Stonepath,Stonepath MAX,2,195.74,876.32,470.94,138.56,1.8608,3.3987,Fast,False,False,0.0,0.0
Casual Apparel,CASUAL_APPAREL_0337,Deepfreeze,Deepfreeze Ascent,3,289.07,1747.7,941.93,178.99,1.8554,5.2625,Fast,False,False,0.0,0.0
Casual Apparel,CASUAL_APPAREL_0338,Stonepath,Stonepath Apex,6,473.34,6901.54,2908.33,876.57,2.373,3.3178,Fast,False,False,0.0,0.0
Casual Apparel,CASUAL_APPAREL_0339,Frostline,Frostline Comp,8,72.18,1291.14,623.73,224.26,2.07,2.7813,Moderate,False,False,0.0,0.0
Casual Apparel,CASUAL_APPAREL_0340,Deepfreeze,Deepfreeze Team,43,117.37,8662.7,5054.01,1253.46,1.714,4.032,Fast,False,False,0.0,0.0
Casual Apparel,CASUAL_APPAREL_0341,Frostline,Frostline Ascent,3,294.4,2365.91,1155.04,736.53,2.0483,1.5682,Moderate,False,False,0.0,0.0
Casual Apparel,CASUAL_APPAREL_0342,Rockline,Rockline Apex,0,497.16,429.78,201.38,53.96,2.1342,3.732,Fast,True,False,0.0,0.0
Casual Apparel,CASUAL_APPAREL_0343,Stonepath,Stonepath Comp,0,291.5,224.63,147.71,39.64,1.5208,3.7263,Fast,True,False,0.0,0.0
Casual Apparel,CASUAL_APPAREL_0344,Stonepath,Stonepath Series II,1,491.02,2540.99,957.94,1152.65,2.6526,0.8311,Slow,False,False,0.0,0.0
Casual Apparel,CASUAL_APPAREL_0345,Rockline,Rockline Origin,1,401.12,1467.44,731.35,145.23,2.0065,5.0358,Fast,False,False,0.0,0.0
Casual Apparel,CASUAL_APPAREL_0346,Deepfreeze,Deepfreeze Sport,1,558.88,1287.76,669.9,228.6,1.9223,2.9304,Moderate,False,False,0.0,0.0
Casual Apparel,CASUAL_APPAREL_0347,Deepfreeze,Deepfreeze Traverse,7,281.66,3360.07,2005.25,303.93,1.6756,6.5978,Fast,False,False,0.0,0.0
Casual Apparel,CASUAL_APPAREL_0348,Rockline,Rockline Tour,0,196.02,217.52,96.69,20.0,2.2496,4.8346,Fast,True,False,0.0,0.0
Casual Apparel,CASUAL_APPAREL_0349,Rockline,Rockline Xpedition,77,44.97,8020.45,3470.85,1797.34,2.3108,1.9311,Moderate,False,False,0.0,0.0
Hiking Footwear,HIKING_FOOTWEA_0001,Trailhead,Trailhead Series II,3,542.91,2658.59,1726.79,761.67,1.5396,2.2671,Moderate,False,False,0.0,0.0
Hiking Footwear,HIKING_FOOTWEA_0002,Trailhead,Trailhead Lite,2,559.45,2347.62,1332.27,322.16,1.7621,4.1354,Fast,False,False,0.0,0.0
Hiking Footwear,HIKING_FOOTWEA_0003,Trailhead,Trailhead MAX,6,419.2,5053.94,2546.64,1607.23,1.9846,1.5845,Moderate,False,False,0.0,0.0
Hiking Footwear,HIKING_FOOTWEA_0004,Iceform,Iceform Trail,4,589.35,3554.5,2396.53,612.0,1.4832,3.9159,Fast,False,False,0.0,0.0
Hiking Footwear,HIKING_FOOTWEA_0005,Clearwater,Clearwater Lite,59,118.34,9211.22,7047.66,1686.06,1.307,4.18,Fast,False,False,0.0,0.0
Hiking Footwear,HIKING_FOOTWEA_0006,Iceform,Iceform X1,23,246.68,10373.93,5688.5,1146.01,1.8237,4.9638,Fast,False,False,0.0,0.0
Hiking Footwear,HIKING_FOOTWEA_0007,Clearwater,Clearwater Sport,0,58.96,102.16,58.06,20.0,1.7595,2.9032,Moderate,True,False,0.0,0.0
Hiking Footwear,HIKING_FOOTWEA_0008,Iceform,Iceform Lite,7,337.53,3901.23,2554.19,420.48,1.5274,6.0744,Fast,False,False,0.0,0.0
Hiking Footwear,HIKING_FOOTWEA_0009,Trailhead,Trailhead X1,2,87.13,340.44,184.24,130.86,1.8478,1.4079,Slow,False,True,0.1338,0.4753
Hiking Footwear,HIKING_FOOTWEA_0010,Trailhead,Trailhead Carbon,0,302.22,297.67,174.88,49.31,1.7021,3.5464,Fast,True,False,0.0,0.0
Hiking Footwear,HIKING_FOOTWEA_0011,Pinnacle,Pinnacle Apex,4,259.71,1924.25,1072.84,343.12,1.7936,3.1267,Fast,False,False,0.0,0.0
Hiking Footwear,HIKING_FOOTWEA_0012,Iceform,Iceform MAX,1,480.88,1392.06,877.24,316.1,1.5869,2.7752,Moderate,False,False,0.0,0.0
Hiking Footwear,HIKING_FOOTWEA_0013,Pinnacle,Pinnacle Traverse,4,127.47,1073.52,580.29,339.53,1.85,1.7091,Moderate,False,False,0.0,0.0
Hiking Footwear,HIKING_FOOTWEA_0014,Clearwater,Clearwater Carbon,2,345.52,1346.27,802.66,229.98,1.6773,3.4901,Fast,False,False,0.0,0.0
Hiking Footwear,HIKING_FOOTWEA_0015,Trailhead,Trailhead Sport,14,356.11,8185.1,5104.05,1400.49,1.6036,3.6445,Fast,False,False,0.0,0.0
Hiking Footwear,HIKING_FOOTWEA_0016,Pinnacle,Pinnacle Venture,0,331.67,507.7,303.69,90.33,1.6718,3.3619,Fast,True,False,0.0,0.0
Hiking Footwear,HIKING_FOOTWEA_0017,Pinnacle,Pinnacle Lite,20,46.42,1720.33,937.41,498.2,1.8352,1.8816,Moderate,False,True,0.1763,0.5056
Hiking Footwear,HIKING_FOOTWEA_0018,Iceform,Iceform Foundation,0,276.26,127.42,73.4,20.0,1.7359,3.6701,Fast,True,False,0.0,0.0
Hiking Footwear,HIKING_FOOTWEA_0019,Pinnacle,Pinnacle Apex,1,538.47,1023.85,572.96,525.53,1.7869,1.0903,Slow,False,False,0.0,0.0
Hiking Footwear,HIKING_FOOTWEA_0020,Pinnacle,Pinnacle Xpedition,1,477.61,1078.85,751.78,696.52,1.435,1.0793,Slow,False,True,0.1812,0.5743
Hiking Footwear,HIKING_FOOTWEA_0021,Clearwater,Clearwater Team,2,119.62,556.73,323.81,176.07,1.7193,1.8391,Moderate,False,False,0.0,0.0
Hiking Footwear,HIKING_FOOTWEA_0022,Trailhead,Trailhead Foundation,6,29.59,269.64,180.23,76.36,1.4961,2.3603,Moderate,False,False,0.0,0.0
Hiking Footwear,HIKING_FOOTWEA_0023,Iceform,Iceform Pro,17,97.57,2800.89,1669.98,879.84,1.6772,1.8981,Moderate,False,False,0.0,0.0
Hiking Footwear,HIKING_FOOTWEA_0024,Clearwater,Clearwater Ridge,21,79.25,2788.03,1682.27,969.8,1.6573,1.7347,Moderate,False,True,0.1957,0.4681
Hiking Footwear,HIKING_FOOTWEA_0025,Iceform,Iceform Venture,12,584.22,12380.99,7306.96,1241.72,1.6944,5.8846,Fast,False,False,0.0,0.0
Hiking Footwear,HIKING_FOOTWEA_0026,Clearwater,Clearwater LTD,5,350.16,2745.51,2075.95,1006.28,1.3225,2.063,Moderate,False,False,0.0,0.0
Hiking Footwear,HIKING_FOOTWEA_0027,Trailhead,Trailhead Venture,121,21.25,4140.07,2577.78,1147.56,1.6061,2.2463,Moderate,False,False,0.0,0.0
Hiking Footwear,HIKING_FOOTWEA_0028,Trailhead,Trailhead X1,109,39.69,6988.56,4331.04,577.76,1.6136,7.4962,Fast,False,False,0.0,0.0
Hiking Footwear,HIKING_FOOTWEA_0029,Clearwater,Clearwater Base,0,527.12,235.92,155.44,117.04,1.5178,1.3281,Slow,True,True,0.1913,0.5115
Hiking Footwear,HIKING_FOOTWEA_0030,Trailhead,Trailhead Carbon,0,474.75,222.85,156.05,50.74,1.4281,3.0753,Fast,True,False,0.0,0.0
Hiking Footwear,HIKING_FOOTWEA_0031,Pinnacle,Pinnacle Signature,0,427.26,160.63,115.0,58.14,1.3968,1.978,Moderate,True,False,0.0,0.0
Hiking Footwear,HIKING_FOOTWEA_0032,Trailhead,Trailhead Venture,6,422.36,4940.49,2744.15,519.95,1.8004,5.2777,Fast,False,False,0.0,0.0
Hiking Footwear,HIKING_FOOTWEA_0033,Trailhead,Trailhead Tour,0,423.71,196.95,133.58,75.65,1.4744,1.7658,Moderate,True,False,0.0,0.0
Hiking Footwear,HIKING_FOOTWEA_0034,Clearwater,Clearwater Ascent,30,120.74,5893.28,3630.78,964.06,1.6231,3.7661,Fast,False,False,0.0,0.0
Hiking Footwear,HIKING_FOOTWEA_0035,Clearwater,Clearwater Sport,1,59.82,154.69,97.14,20.0,1.5924,4.8572,Fast,False,False,0.0,0.0
Hiking Footwear,HIKING_FOOTWEA_0036,Trailhead,Trailhead Carbon,0,543.7,840.85,397.19,274.56,2.117,1.4466,Slow,True,False,0.0,0.0
Hiking Footwear,HIKING_FOOTWEA_0037,Clearwater,Clearwater Traverse,0,527.05,710.31,440.61,123.01,1.6121,3.5819,Fast,True,False,0.0,0.0
Hiking Footwear,HIKING_FOOTWEA_0038,Pinnacle,Pinnacle MAX,19,562.04,17589.04,10762.83,1101.18,1.6342,9.7739,Fast,False,False,0.0,0.0
Hiking Footwear,HIKING_FOOTWEA_0039,Iceform,Iceform Apex,2,98.71,294.96,199.04,123.78,1.4819,1.6081,Moderate,False,False,0.0,0.0
Hiking Footwear,HIKING_FOOTWEA_0040,Iceform,Iceform Series II,9,506.84,8767.76,4763.57,874.7,1.8406,5.446,Fast,False,False,0.0,0.0
Hiking Footwear,HIKING_FOOTWEA_0041,Iceform,Iceform Ridge,0,43.82,35.58,22.58,20.0,1.5758,1.1289,Slow,True,False,0.0,0.0
Hiking Footwear,HIKING_FOOTWEA_0042,Pinnacle,Pinnacle Venture,7,270.31,3317.17,1924.65,494.48,1.7235,3.8922,Fast,False,False,0.0,0.0
Hiking Footwear,HIKING_FOOTWEA_0043,Iceform,Iceform Ascent,1,331.06,934.04,544.62,522.68,1.715,1.042,Slow,False,True,0.3237,0.6419
Hiking Footwear,HIKING_FOOTWEA_0044,Pinnacle,Pinnacle MAX,14,257.4,5788.29,3693.65,1032.75,1.5671,3.5765,Fast,False,False,0.0,0.0
Hiking Footwear,HIKING_FOOTWEA_0045,Trailhead,Trailhead Crest,0,482.22,532.5,348.12,154.45,1.5297,2.2539,Moderate,True,False,0.0,0.0
Hiking Footwear,HIKING_FOOTWEA_0046,Trailhead,Trailhead Elite,9,557.54,8864.38,5395.42,2928.46,1.6429,1.8424,Moderate,False,False,0.0,0.0
Hiking Footwear,HIKING_FOOTWEA_0047,Trailhead,Trailhead Tour,69,115.47,11411.08,8019.89,4358.64,1.4228,1.84,Moderate,False,False,0.0,0.0
Hiking Footwear,HIKING_FOOTWEA_0048,Iceform,Iceform Trail,0,341.95,170.67,99.15,35.67,1.7213,2.7801,Moderate,True,False,0.0,0.0
Hiking Footwear,HIKING_FOOTWEA_0049,Iceform,Iceform Sport,0,228.94,60.81,34.06,20.0,1.7854,1.7029,Moderate,True,False,0.0,0.0
Hiking Footwear,HIKING_FOOTWEA_0050,Clearwater,Clearwater Crest,0,616.43,226.24,139.07,98.22,1.6269,1.4159,Slow,True,False,0.0,0.0
Hiking Footwear,HIKING_FOOTWEA_0051,Pinnacle,Pinnacle Base,1,624.16,1521.23,896.87,199.14,1.6961,4.5037,Fast,False,False,0.0,0.0
Hiking Footwear,HIKING_FOOTWEA_0052,Pinnacle,Pinnacle Sport,9,170.33,2263.08,1662.24,210.44,1.3615,7.8989,Fast,False,False,0.0,0.0
Hiking Footwear,HIKING_FOOTWEA_0053,Pinnacle,Pinnacle Series II,0,524.61,717.77,475.67,189.48,1.509,2.5104,Moderate,True,False,0.0,0.0
Hiking Footwear,HIKING_FOOTWEA_0054,Trailhead,Trailhead Crest,11,239.78,4460.53,2682.6,560.59,1.6628,4.7853,Fast,False,False,0.0,0.0
Hiking Footwear,HIKING_FOOTWEA_0055,Clearwater,Clearwater Base,5,481.08,4286.48,2640.86,1308.94,1.6231,2.0176,Moderate,False,False,0.0,0.0
Hiking Footwear,HIKING_FOOTWEA_0056,Iceform,Iceform X1,28,94.9,4851.8,2731.08,1348.98,1.7765,2.0245,Moderate,False,False,0.0,0.0
Hiking Footwear,HIKING_FOOTWEA_0057,Clearwater,Clearwater Trail,23,159.78,5494.08,3791.64,1707.94,1.449,2.22,Moderate,False,False,0.0,0.0
Hiking Footwear,HIKING_FOOTWEA_0058,Pinnacle,Pinnacle Series II,0,562.49,80.75,47.01,20.0,1.7176,2.3506,Moderate,True,True,0.2181,0.3903
Hiking Footwear,HIKING_FOOTWEA_0059,Clearwater,Clearwater Tour,10,277.57,4731.97,3024.18,1364.03,1.5647,2.2171,Moderate,False,False,0.0,0.0
Hiking Footwear,HIKING_FOOTWEA_0060,Clearwater,Clearwater Tour,0,451.88,549.68,415.65,196.11,1.3224,2.1195,Moderate,True,True,0.2931,0.5376
Hiking Footwear,HIKING_FOOTWEA_0061,Pinnacle,Pinnacle Foundation,0,427.0,89.36,53.74,20.0,1.6628,2.6871,Moderate,True,False,0.0,0.0
Hiking Footwear,HIKING_FOOTWEA_0062,Clearwater,Clearwater Pro,0,547.26,210.81,136.99,20.0,1.5388,6.8496,Fast,True,False,0.0,0.0
Hiking Footwear,HIKING_FOOTWEA_0063,Clearwater,Clearwater Carbon,2,459.31,1480.28,1046.24,224.6,1.4149,4.6583,Fast,False,False,0.0,0.0
Hiking Footwear,HIKING_FOOTWEA_0064,Iceform,Iceform Base,0,238.59,97.48,62.33,20.0,1.564,3.1163,Fast,True,False,0.0,0.0
Hiking Footwear,HIKING_FOOTWEA_0065,Pinnacle,Pinnacle Signature,9,215.27,3736.17,2096.31,435.71,1.7823,4.8112,Fast,False,False,0.0,0.0
Hiking Footwear,HIKING_FOOTWEA_0066,Trailhead,Trailhead Enduro,1,443.17,1061.9,788.87,1077.19,1.3461,0.7323,Slow,False,True,0.2553,0.6725
Hiking Footwear,HIKING_FOOTWEA_0067,Clearwater,Clearwater Apex,0,616.66,685.92,459.17,246.88,1.4938,1.8599,Moderate,True,False,0.0,0.0
Hiking Footwear,HIKING_FOOTWEA_0068,Clearwater,Clearwater Series II,0,209.69,154.89,99.35,108.63,1.559,0.9146,Slow,True,True,0.2293,0.5966
Hiking Footwear,HIKING_FOOTWEA_0069,Clearwater,Clearwater Traverse,4,95.57,632.44,396.6,77.11,1.5947,5.1432,Fast,False,False,0.0,0.0
Hiking Footwear,HIKING_FOOTWEA_0070,Iceform,Iceform LTD,4,166.88,1260.15,747.64,363.22,1.6855,2.0584,Moderate,False,False,0.0,0.0
Hiking Footwear,HIKING_FOOTWEA_0071,Pinnacle,Pinnacle Tour,13,127.74,2665.54,1773.23,602.58,1.5032,2.9428,Moderate,False,False,0.0,0.0
Hiking Footwear,HIKING_FOOTWEA_0072,Pinnacle,Pinnacle Origin,15,37.61,1003.39,598.1,268.93,1.6776,2.224,Moderate,False,False,0.0,0.0
Hiking Footwear,HIKING_FOOTWEA_0073,Iceform,Iceform Crest,4,612.92,4279.64,2561.54,1023.03,1.6707,2.5039,Moderate,False,False,0.0,0.0
Hiking Footwear,HIKING_FOOTWEA_0074,Iceform,Iceform Trail,2,599.81,2261.34,1376.07,311.5,1.6433,4.4176,Fast,False,False,0.0,0.0
Hiking Footwear,HIKING_FOOTWEA_0075,Clearwater,Clearwater Xpedition,0,217.07,19.24,13.4,20.0,1.4358,0.6698,Slow,True,False,0.0,0.0
Hiking Footwear,HIKING_FOOTWEA_0076,Trailhead,Trailhead Pro,0,472.24,490.76,334.51,251.25,1.4671,1.3314,Slow,True,True,0.3685,0.6823
Hiking Footwear,HIKING_FOOTWEA_0077,Trailhead,Trailhead MAX,2,287.59,1256.38,808.79,272.29,1.5534,2.9703,Moderate,False,False,0.0,0.0
Hiking Footwear,HIKING_FOOTWEA_0078,Pinnacle,Pinnacle Carbon,1,359.31,777.51,496.93,383.62,1.5646,1.2954,Slow,False,False,0.0,0.0
Hiking Footwear,HIKING_FOOTWEA_0079,Trailhead,Trailhead Origin,0,524.12,631.98,348.83,137.77,1.8117,2.532,Moderate,True,False,0.0,0.0
Hiking Footwear,HIKING_FOOTWEA_0080,Pinnacle,Pinnacle Team,1,488.58,1021.6,561.48,413.48,1.8195,1.3579,Slow,False,False,0.0,0.0
Hiking Footwear,HIKING_FOOTWEA_0081,Clearwater,Clearwater Comp,0,422.27,496.45,285.98,176.41,1.736,1.6211,Moderate,True,False,0.0,0.0
Hiking Footwear,HIKING_FOOTWEA_0082,Iceform,Iceform LTD,2,117.34,523.06,303.73,220.63,1.7221,1.3766,Slow,False,True,0.1769,0.3601
Hiking Footwear,HIKING_FOOTWEA_0083,Iceform,Iceform Summit,67,70.98,7071.16,4773.52,1515.82,1.4813,3.1491,Fast,False,False,0.0,0.0
Hiking Footwear,HIKING_FOOTWEA_0084,Iceform,Iceform Series II,1,630.95,1303.29,688.82,284.33,1.8921,2.4226,Moderate,False,False,0.0,0.0
Hiking Footwear,HIKING_FOOTWEA_0085,Trailhead,Trailhead Origin,7,117.34,1553.88,839.62,354.11,1.8507,2.3711,Moderate,False,False,0.0,0.0
Hiking Footwear,HIKING_FOOTWEA_0086,Clearwater,Clearwater Team,1,337.06,715.98,483.09,117.16,1.4821,4.1235,Fast,False,False,0.0,0.0
Hiking Footwear,HIKING_FOOTWEA_0087,Iceform,Iceform Crest,0,557.97,134.62,76.19,50.28,1.7669,1.5153,Moderate,True,False,0.0,0.0
Hiking Footwear,HIKING_FOOTWEA_0088,Pinnacle,Pinnacle Lite,2,212.38,931.34,575.75,150.32,1.6176,3.8301,Fast,False,False,0.0,0.0
Hiking Footwear,HIKING_FOOTWEA_0089,Pinnacle,Pinnacle Comp,5,271.59,1816.47,1391.17,409.18,1.3057,3.3999,Fast,False,False,0.0,0.0
Hiking Footwear,HIKING_FOOTWEA_0090,Trailhead,Trailhead Ascent,1,571.8,1630.34,1052.59,949.4,1.5489,1.1087,Slow,False,True,0.2253,0.4609
Hiking Footwear,HIKING_FOOTWEA_0091,Trailhead,Trailhead Team,0,540.0,935.1,502.01,176.97,1.8627,2.8367,Moderate,True,False,0.0,0.0
Hiking Footwear,HIKING_FOOTWEA_0092,Iceform,Iceform Trail,74,52.45,7190.18,3884.11,1205.65,1.8512,3.2216,Fast,False,False,0.0,0.0
Hiking Footwear,HIKING_FOOTWEA_0093,Iceform,Iceform Crest,10,101.55,1719.66,1093.44,424.18,1.5727,2.5778,Moderate,False,False,0.0,0.0
Hiking Footwear,HIKING_FOOTWEA_0094,Iceform,Iceform Elite,95,104.74,14276.82,9980.39,1710.58,1.4305,5.8345,Fast,False,False,0.0,0.0
Hiking Footwear,HIKING_FOOTWEA_0095,Clearwater,Clearwater Pro,15,417.79,9741.76,6341.42,1233.45,1.5362,5.1412,Fast,False,False,0.0,0.0
Hiking Footwear,HIKING_FOOTWEA_0096,Iceform,Iceform Team,1,622.79,2070.03,1186.94,493.72,1.744,2.4041,Moderate,False,False,0.0,0.0
Hiking Footwear,HIKING_FOOTWEA_0097,Clearwater,Clearwater Traverse,2,627.36,2225.24,1276.92,243.3,1.7427,5.2483,Fast,False,False,0.0,0.0
Hiking Footwear,HIKING_FOOTWEA_0098,Clearwater,Clearwater Traverse,9,327.92,6119.78,3203.75,912.51,1.9102,3.5109,Fast,False,False,0.0,0.0
Hiking Footwear,HIKING_FOOTWEA_0099,Iceform,Iceform X1,1,568.2,1175.71,743.1,266.87,1.5822,2.7845,Moderate,False,False,0.0,0.0
Hiking Footwear,HIKING_FOOTWEA_0100,Iceform,Iceform Lite,1,542.46,1174.17,756.08,715.41,1.553,1.0569,Slow,False,True,0.2675,0.4197
Hiking Footwear,HIKING_FOOTWEA_0101,Pinnacle,Pinnacle Elite,2,285.67,1104.22,822.5,257.83,1.3425,3.19,Fast,False,False,0.0,0.0
Hiking Footwear,HIKING_FOOTWEA_0102,Pinnacle,Pinnacle Series II,3,30.77,172.85,107.34,40.8,1.6103,2.6309,Moderate,False,False,0.0,0.0
Hiking Footwear,HIKING_FOOTWEA_0103,Pinnacle,Pinnacle Team,12,259.01,4837.07,3233.21,1778.07,1.4961,1.8184,Moderate,False,False,0.0,0.0
Hiking Footwear,HIKING_FOOTWEA_0104,Trailhead,Trailhead MAX,2,611.85,2902.68,1731.41,894.44,1.6765,1.9357,Moderate,False,False,0.0,0.0
Hiking Footwear,HIKING_FOOTWEA_0105,Trailhead,Trailhead MAX,8,407.72,5755.44,3616.91,711.73,1.5913,5.0818,Fast,False,False,0.0,0.0
Hiking Footwear,HIKING_FOOTWEA_0106,Clearwater,Clearwater Xpedition,0,266.02,80.83,42.98,20.0,1.8806,2.1491,Moderate,True,False,0.0,0.0
Hiking Footwear,HIKING_FOOTWEA_0107,Clearwater,Clearwater LTD,4,154.09,1091.45,691.27,349.41,1.5789,1.9784,Moderate,False,False,0.0,0.0
Hiking Footwear,HIKING_FOOTWEA_0108,Clearwater,Clearwater Sport,0,334.51,90.44,52.78,20.0,1.7136,2.6389,Moderate,True,False,0.0,0.0
Hiking Footwear,HIKING_FOOTWEA_0109,Clearwater,Clearwater Comp,87,81.72,10495.63,7149.98,2223.39,1.4679,3.2158,Fast,False,False,0.0,0.0
Hiking Footwear,HIKING_FOOTWEA_0110,Trailhead,Trailhead Elite,1,458.11,1231.13,778.86,227.89,1.5807,3.4176,Fast,False,False,0.0,0.0
Hiking Footwear,HIKING_FOOTWEA_0111,Clearwater,Clearwater Sport,2,381.72,1388.33,884.67,585.23,1.5693,1.5117,Moderate,False,False,0.0,0.0
Hiking Footwear,HIKING_FOOTWEA_0112,Trailhead,Trailhead Tour,24,105.17,3869.0,2560.58,2402.35,1.511,1.0659,Slow,False,True,0.2858,0.5831
Hiking Footwear,HIKING_FOOTWEA_0113,Pinnacle,Pinnacle Ridge,4,117.02,705.0,541.93,118.55,1.3009,4.5714,Fast,False,False,0.0,0.0
Hiking Footwear,HIKING_FOOTWEA_0114,Clearwater,Clearwater Venture,1,305.99,480.29,316.73,222.6,1.5164,1.4228,Slow,False,False,0.0,0.0
Hiking Footwear,HIKING_FOOTWEA_0115,Iceform,Iceform LTD,1,639.04,1308.0,941.94,467.67,1.3886,2.0141,Moderate,False,False,0.0,0.0
Hiking Footwear,HIKING_FOOTWEA_0116,Pinnacle,Pinnacle Crest,2,310.24,1046.53,795.97,326.87,1.3148,2.4352,Moderate,False,False,0.0,0.0
Hiking Footwear,HIKING_FOOTWEA_0117,Iceform,Iceform Trail,1,602.85,1768.38,1186.46,796.91,1.4905,1.4888,Slow,False,True,0.313,0.5719
Hiking Footwear,HIKING_FOOTWEA_0118,Clearwater,Clearwater Carbon,11,78.16,1269.38,909.92,344.59,1.395,2.6406,Moderate,False,False,0.0,0.0
Hiking Footwear,HIKING_FOOTWEA_0119,Iceform,Iceform Ascent,0,352.54,494.89,278.5,97.88,1.777,2.8454,Moderate,True,False,0.0,0.0
Hiking Footwear,HIKING_FOOTWEA_0120,Clearwater,Clearwater Trail,0,584.26,683.56,520.07,102.7,1.3144,5.064,Fast,True,False,0.0,0.0
Hiking Footwear,HIKING_FOOTWEA_0121,Trailhead,Trailhead LTD,0,55.73,44.54,31.68,27.0,1.4058,1.1734,Slow,True,True,0.1875,0.5524
Hiking Footwear,HIKING_FOOTWEA_0122,Trailhead,Trailhead Summit,9,21.67,306.16,211.49,62.12,1.4477,3.4046,Fast,False,False,0.0,0.0
Hiking Footwear,HIKING_FOOTWEA_0123,Trailhead,Trailhead Origin,49,210.45,15511.29,10319.02,3754.39,1.5032,2.7485,Moderate,False,False,0.0,0.0
Hiking Footwear,HIKING_FOOTWEA_0124,Clearwater,Clearwater Enduro,0,306.53,67.68,46.44,20.0,1.4574,2.3218,Moderate,True,False,0.0,0.0
Hiking Footwear,HIKING_FOOTWEA_0125,Pinnacle,Pinnacle Base,28,32.78,1774.9,933.99,388.58,1.9003,2.4036,Moderate,False,False,0.0,0.0
Hiking Footwear,HIKING_FOOTWEA_0126,Trailhead,Trailhead Apex,96,160.94,26702.75,15545.38,2414.09,1.7177,6.4394,Fast,False,False,0.0,0.0
Hiking Footwear,HIKING_FOOTWEA_0127,Trailhead,Trailhead Ascent,11,411.76,6338.84,4675.72,2469.7,1.3557,1.8932,Moderate,False,False,0.0,0.0
Hiking Footwear,HIKING_FOOTWEA_0128,Iceform,Iceform Summit,1,496.68,1371.77,797.25,283.05,1.7206,2.8167,Moderate,False,False,0.0,0.0
Hiking Footwear,HIKING_FOOTWEA_0129,Trailhead,Trailhead Venture,1,576.03,1054.35,650.97,207.32,1.6196,3.1399,Fast,False,False,0.0,0.0
Hiking Footwear,HIKING_FOOTWEA_0130,Iceform,Iceform Origin,8,524.56,7640.61,4600.74,1420.14,1.6607,3.2396,Fast,False,False,0.0,0.0
Hiking Footwear,HIKING_FOOTWEA_0131,Iceform,Iceform Summit,0,400.03,634.19,364.24,165.98,1.7411,2.1945,Moderate,True,False,0.0,0.0
Hiking Footwear,HIKING_FOOTWEA_0132,Trailhead,Trailhead Carbon,0,284.83,352.91,206.24,89.92,1.7112,2.2935,Moderate,True,False,0.0,0.0
Hiking Footwear,HIKING_FOOTWEA_0133,Iceform,Iceform Ascent,10,56.34,908.06,612.44,194.68,1.4827,3.1459,Fast,False,False,0.0,0.0
Hiking Footwear,HIKING_FOOTWEA_0134,Pinnacle,Pinnacle Tour,15,80.22,1997.65,1229.17,390.87,1.6252,3.1447,Fast,False,False,0.0,0.0
Hiking Footwear,HIKING_FOOTWEA_0135,Iceform,Iceform Pro,36,61.75,4665.87,2239.42,944.5,2.0835,2.371,Moderate,False,False,0.0,0.0
Hiking Footwear,HIKING_FOOTWEA_0136,Iceform,Iceform Ascent,8,441.94,6304.24,3836.23,1288.73,1.6433,2.9767,Moderate,False,False,0.0,0.0
Hiking Footwear,HIKING_FOOTWEA_0137,Trailhead,Trailhead Enduro,3,208.07,989.79,720.92,192.95,1.373,3.7363,Fast,False,False,0.0,0.0
Hiking Footwear,HIKING_FOOTWEA_0138,Clearwater,Clearwater Pro,9,311.12,5694.05,3012.27,1285.25,1.8903,2.3437,Moderate,False,True,0.1142,0.469
Hiking Footwear,HIKING_FOOTWEA_0139,Clearwater,Clearwater Apex,0,412.13,509.56,296.74,295.34,1.7172,1.0048,Slow,True,False,0.0,0.0
Hiking Footwear,HIKING_FOOTWEA_0140,Iceform,Iceform Pro,1,148.46,466.28,264.81,139.26,1.7608,1.9016,Moderate,False,False,0.0,0.0
Hiking Footwear,HIKING_FOOTWEA_0141,Iceform,Iceform X1,0,614.51,693.71,385.29,363.02,1.8005,1.0613,Slow,True,False,0.0,0.0
Hiking Footwear,HIKING_FOOTWEA_0142,Iceform,Iceform Foundation,4,281.07,2021.46,1273.29,702.48,1.5876,1.8126,Moderate,False,False,0.0,0.0
Hiking Footwear,HIKING_FOOTWEA_0143,Trailhead,Trailhead Summit,0,158.37,216.4,115.77,55.0,1.8692,2.1048,Moderate,True,False,0.0,0.0
Hiking Footwear,HIKING_FOOTWEA_0144,Pinnacle,Pinnacle Enduro,4,187.2,1014.09,783.39,179.87,1.2945,4.3552,Fast,False,False,0.0,0.0
Hiking Footwear,HIKING_FOOTWEA_0145,Pinnacle,Pinnacle Apex,9,117.48,1548.45,1078.15,205.68,1.4362,5.2419,Fast,False,False,0.0,0.0
Hiking Footwear,HIKING_FOOTWEA_0146,Iceform,Iceform Team,108,26.23,4442.38,2857.39,842.57,1.5547,3.3913,Fast,False,False,0.0,0.0
Hiking Footwear,HIKING_FOOTWEA_0147,Pinnacle,Pinnacle Lite,2,471.52,1742.48,1060.57,375.94,1.643,2.8211,Moderate,False,False,0.0,0.0
Hiking Footwear,HIKING_FOOTWEA_0148,Trailhead,Trailhead Carbon,0,189.94,112.0,68.43,26.42,1.6366,2.5903,Moderate,True,False,0.0,0.0
Hiking Footwear,HIKING_FOOTWEA_0149,Pinnacle,Pinnacle Apex,43,637.2,46081.64,27638.08,4672.42,1.6673,5.9152,Fast,False,False,0.0,0.0
Hiking Footwear,HIKING_FOOTWEA_0150,Pinnacle,Pinnacle Pro,0,635.99,129.47,79.1,83.85,1.6367,0.9434,Slow,True,True,0.2758,0.5565
Hiking Footwear,HIKING_FOOTWEA_0151,Trailhead,Trailhead Apex,0,469.76,253.0,174.43,90.31,1.4505,1.9315,Moderate,True,False,0.0,0.0
Hiking Footwear,HIKING_FOOTWEA_0152,Trailhead,Trailhead Signature,2,490.85,2272.05,1261.71,187.57,1.8008,6.7266,Fast,False,False,0.0,0.0
Hiking Footwear,HIKING_FOOTWEA_0153,Pinnacle,Pinnacle X1,0,435.68,366.25,231.26,78.35,1.5837,2.9518,Moderate,True,False,0.0,0.0
Hiking Footwear,HIKING_FOOTWEA_0154,Trailhead,Trailhead Apex,69,74.94,9770.92,5219.95,2619.71,1.8718,1.9926,Moderate,False,False,0.0,0.0
Hiking Footwear,HIKING_FOOTWEA_0155,Clearwater,Clearwater Ascent,0,455.72,454.39,265.0,139.31,1.7147,1.9022,Moderate,True,False,0.0,0.0
Hiking Footwear,HIKING_FOOTWEA_0156,Iceform,Iceform LTD,327,27.85,16088.03,9116.51,1851.83,1.7647,4.923,Fast,False,False,0.0,0.0
Hiking Footwear,HIKING_FOOTWEA_0157,Pinnacle,Pinnacle MAX,2,625.46,2754.59,1766.71,597.03,1.5592,2.9592,Moderate,False,False,0.0,0.0
Hiking Footwear,HIKING_FOOTWEA_0158,Trailhead,Trailhead Origin,3,481.82,2727.0,1585.85,2397.07,1.7196,0.6616,Slow,False,True,0.2871,0.5546
Hiking Footwear,HIKING_FOOTWEA_0159,Trailhead,Trailhead Apex,0,431.0,409.12,282.4,62.81,1.4487,4.496,Fast,True,False,0.0,0.0
Hiking Footwear,HIKING_FOOTWEA_0160,Pinnacle,Pinnacle Lite,9,207.53,3547.2,2062.17,864.62,1.7201,2.3851,Moderate,False,False,0.0,0.0
Hiking Footwear,HIKING_FOOTWEA_0161,Iceform,Iceform Venture,0,554.57,260.33,171.54,155.59,1.5176,1.1025,Slow,True,False,0.0,0.0
Hiking Footwear,HIKING_FOOTWEA_0162,Iceform,Iceform Trail,1,607.15,1307.16,944.31,287.14,1.3843,3.2887,Fast,False,False,0.0,0.0
Hiking Footwear,HIKING_FOOTWEA_0163,Clearwater,Clearwater Elite,1,195.93,553.61,335.6,189.08,1.6496,1.7749,Moderate,False,False,0.0,0.0
Hiking Footwear,HIKING_FOOTWEA_0164,Iceform,Iceform Team,6,347.52,3769.79,2200.31,1130.07,1.7133,1.9471,Moderate,False,False,0.0,0.0
Hiking Footwear,HIKING_FOOTWEA_0165,Iceform,Iceform Carbon,0,184.2,281.49,181.09,20.0,1.5544,9.0544,Fast,True,False,0.0,0.0
Hiking Footwear,HIKING_FOOTWEA_0166,Pinnacle,Pinnacle Lite,21,310.87,11569.13,6612.09,3557.47,1.7497,1.8587,Moderate,False,False,0.0,0.0
Hiking Footwear,HIKING_FOOTWEA_0167,Pinnacle,Pinnacle Crest,64,60.19,5562.33,3859.47,2119.86,1.4412,1.8206,Moderate,False,True,0.288,0.6213
Hiking Footwear,HIKING_FOOTWEA_0168,Iceform,Iceform Signature,0,440.44,94.43,56.44,20.0,1.6732,2.822,Moderate,True,False,0.0,0.0
Hiking Footwear,HIKING_FOOTWEA_0169,Clearwater,Clearwater Sport,0,636.33,546.22,299.85,99.28,1.8217,3.0202,Fast,True,False,0.0,0.0
Hiking Footwear,HIKING_FOOTWEA_0170,Iceform,Iceform Traverse,1,563.86,1763.96,966.21,690.33,1.8256,1.3996,Slow,False,False,0.0,0.0
Hiking Footwear,HIKING_FOOTWEA_0171,Iceform,Iceform Elite,3,367.43,2292.29,1371.87,688.56,1.6709,1.9924,Moderate,False,False,0.0,0.0
Hiking Footwear,HIKING_FOOTWEA_0172,Pinnacle,Pinnacle Apex,3,541.54,4137.66,2037.06,934.35,2.0312,2.1802,Moderate,False,False,0.0,0.0
Hiking Footwear,HIKING_FOOTWEA_0173,Trailhead,Trailhead Tour,21,132.26,4723.84,2793.77,1402.75,1.6908,1.9916,Moderate,False,False,0.0,0.0
Hiking Footwear,HIKING_FOOTWEA_0174,Pinnacle,Pinnacle MAX,14,24.94,658.87,360.51,187.78,1.8276,1.9198,Moderate,False,False,0.0,0.0
Hiking Footwear,HIKING_FOOTWEA_0175,Trailhead,Trailhead Ridge,0,463.93,613.59,377.61,275.79,1.6249,1.3692,Slow,True,True,0.2983,0.6167
Snow Boots & Footwear,SNOW_BOOTS_AND_0001,Ironpass,Ironpass Crest,0,225.75,68.23,46.02,20.0,1.4825,2.3012,Moderate,True,False,0.0,0.0
Snow Boots & Footwear,SNOW_BOOTS_AND_0002,Dustfall,Dustfall Ascent,14,151.89,3305.21,2190.3,1242.37,1.509,1.763,Moderate,False,False,0.0,0.0
Snow Boots & Footwear,SNOW_BOOTS_AND_0003,Shorebreak,Shorebreak Origin,18,28.17,932.07,522.92,277.21,1.7824,1.8864,Moderate,False,False,0.0,0.0
Snow Boots & Footwear,SNOW_BOOTS_AND_0004,Dustfall,Dustfall Tour,0,74.57,77.17,46.99,20.0,1.6421,2.3496,Moderate,True,False,0.0,0.0
Snow Boots & Footwear,SNOW_BOOTS_AND_0005,Ironpass,Ironpass Enduro,9,71.35,1013.56,683.08,737.69,1.4838,0.926,Slow,False,True,0.2609,0.7186
Snow Boots & Footwear,SNOW_BOOTS_AND_0006,Stonepath,Stonepath Elite,6,157.8,1547.42,953.48,342.79,1.6229,2.7816,Moderate,False,False,0.0,0.0
Snow Boots & Footwear,SNOW_BOOTS_AND_0007,Stonepath,Stonepath Xpedition,75,44.18,5271.94,3343.01,2309.42,1.577,1.4476,Slow,False,False,0.0,0.0
Snow Boots & Footwear,SNOW_BOOTS_AND_0008,Highmark,Highmark Xpedition,2,180.07,691.33,468.56,394.82,1.4754,1.1868,Slow,False,False,0.0,0.0
Snow Boots & Footwear,SNOW_BOOTS_AND_0009,Shorebreak,Shorebreak Ascent,0,170.29,144.78,84.71,20.0,1.7092,4.2353,Fast,True,False,0.0,0.0
Snow Boots & Footwear,SNOW_BOOTS_AND_0010,Dustfall,Dustfall MAX,1,168.19,428.58,291.44,225.77,1.4706,1.2908,Slow,False,False,0.0,0.0
Snow Boots & Footwear,SNOW_BOOTS_AND_0011,Dustfall,Dustfall Series II,4,551.35,2884.06,2426.89,2254.79,1.1884,1.0763,Slow,False,True,0.2632,0.3195
Snow Boots & Footwear,SNOW_BOOTS_AND_0012,Stonepath,Stonepath Xpedition,1,190.17,503.65,323.87,578.69,1.5551,0.5597,Slow,False,True,0.3201,0.7034
Snow Boots & Footwear,SNOW_BOOTS_AND_0013,Stonepath,Stonepath Pro,0,474.57,40.96,24.67,20.0,1.6605,1.2334,Slow,True,True,0.2689,0.5294
Snow Boots & Footwear,SNOW_BOOTS_AND_0014,Shorebreak,Shorebreak Carbon,12,154.08,3925.91,1985.98,986.64,1.9768,2.0129,Moderate,False,False,0.0,0.0
Snow Boots & Footwear,SNOW_BOOTS_AND_0015,Stonepath,Stonepath Origin,2,429.5,1263.75,1083.59,544.56,1.1663,1.9898,Moderate,False,False,0.0,0.0
Snow Boots & Footwear,SNOW_BOOTS_AND_0016,Ironpass,Ironpass Enduro,0,60.46,70.75,35.53,20.0,1.9913,1.7763,Moderate,True,True,0.1251,0.4177
Snow Boots & Footwear,SNOW_BOOTS_AND_0017,Shorebreak,Shorebreak Xpedition,5,166.4,1322.73,868.76,512.43,1.5226,1.6954,Moderate,False,False,0.0,0.0
Snow Boots & Footwear,SNOW_BOOTS_AND_0018,Highmark,Highmark LTD,0,578.76,59.51,36.14,20.0,1.6465,1.807,Moderate,True,False,0.0,0.0
Snow Boots & Footwear,SNOW_BOOTS_AND_0019,Highmark,Highmark Xpedition,2,373.45,1539.33,880.37,598.7,1.7485,1.4705,Slow,False,False,0.0,0.0
Snow Boots & Footwear,SNOW_BOOTS_AND_0020,Ironpass,Ironpass Sport,13,317.47,7636.18,4141.74,2172.2,1.8437,1.9067,Moderate,False,False,0.0,0.0
Snow Boots & Footwear,SNOW_BOOTS_AND_0021,Ironpass,Ironpass Team,0,571.65,30.36,22.51,20.0,1.3488,1.1255,Slow,True,True,0.1095,0.4535
Snow Boots & Footwear,SNOW_BOOTS_AND_0022,Stonepath,Stonepath Series II,47,21.05,1425.55,997.87,644.27,1.4286,1.5488,Moderate,False,False,0.0,0.0
Snow Boots & Footwear,SNOW_BOOTS_AND_0023,Ironpass,Ironpass Foundation,7,548.12,7411.09,4233.94,3790.01,1.7504,1.1171,Slow,False,False,0.0,0.0
Snow Boots & Footwear,SNOW_BOOTS_AND_0024,Ironpass,Ironpass Elite,12,73.02,1329.53,915.94,1015.69,1.4515,0.9018,Slow,False,False,0.0,0.0
Snow Boots & Footwear,SNOW_BOOTS_AND_0025,Shorebreak,Shorebreak X1,0,428.86,74.93,47.53,20.0,1.5764,2.3766,Moderate,True,False,0.0,0.0
Snow Boots & Footwear,SNOW_BOOTS_AND_0026,Ironpass,Ironpass Lite,1,442.69,778.7,451.78,671.14,1.7236,0.6732,Slow,False,True,0.3171,0.6591
Snow Boots & Footwear,SNOW_BOOTS_AND_0027,Shorebreak,Shorebreak Origin,5,420.54,2907.75,2106.52,603.27,1.3804,3.4918,Fast,False,False,0.0,0.0
Snow Boots & Footwear,SNOW_BOOTS_AND_0028,Stonepath,Stonepath Summit,0,357.02,605.39,325.07,453.57,1.8624,0.7167,Slow,True,True,0.285,0.5114
Snow Boots & Footwear,SNOW_BOOTS_AND_0029,Highmark,Highmark Comp,5,557.87,4619.44,3206.41,1125.28,1.4407,2.8494,Moderate,False,False,0.0,0.0
Snow Boots & Footwear,SNOW_BOOTS_AND_0030,Shorebreak,Shorebreak Ascent,0,424.21,145.86,109.98,29.01,1.3263,3.7905,Fast,True,False,0.0,0.0
Snow Boots & Footwear,SNOW_BOOTS_AND_0031,Ironpass,Ironpass Signature,13,391.58,9010.5,5418.98,956.03,1.6628,5.6682,Fast,False,False,0.0,0.0
Snow Boots & Footwear,SNOW_BOOTS_AND_0032,Highmark,Highmark Series II,41,111.89,6441.74,4663.95,1971.29,1.3812,2.3659,Moderate,False,False,0.0,0.0
Snow Boots & Footwear,SNOW_BOOTS_AND_0033,Shorebreak,Shorebreak LTD,3,453.24,2819.6,1537.94,518.43,1.8334,2.9666,Moderate,False,False,0.0,0.0
Snow Boots & Footwear,SNOW_BOOTS_AND_0034,Shorebreak,Shorebreak Ridge,17,515.46,14435.04,8855.65,2822.73,1.63,3.1373,Fast,False,False,0.0,0.0
Snow Boots & Footwear,SNOW_BOOTS_AND_0035,Stonepath,Stonepath Base,0,426.57,140.26,79.4,58.84,1.7664,1.3494,Slow,True,False,0.0,0.0
Snow Boots & Footwear,SNOW_BOOTS_AND_0036,Ironpass,Ironpass Tour,3,157.98,757.8,528.04,534.03,1.4351,0.9888,Slow,False,True,0.2897,0.5926
Snow Boots & Footwear,SNOW_BOOTS_AND_0037,Ironpass,Ironpass Base,2,487.82,2192.81,1333.7,572.31,1.6442,2.3304,Moderate,False,False,0.0,0.0
Snow Boots & Footwear,SNOW_BOOTS_AND_0038,Dustfall,Dustfall Base,21,75.0,2704.87,1625.83,383.37,1.6637,4.2409,Fast,False,False,0.0,0.0
Snow Boots & Footwear,SNOW_BOOTS_AND_0039,Ironpass,Ironpass MAX,0,383.21,264.32,172.08,93.09,1.536,1.8485,Moderate,True,False,0.0,0.0
Snow Boots & Footwear,SNOW_BOOTS_AND_0040,Stonepath,Stonepath Origin,0,429.53,488.01,305.42,127.71,1.5978,2.3915,Moderate,True,False,0.0,0.0
Snow Boots & Footwear,SNOW_BOOTS_AND_0041,Highmark,Highmark Trail,4,177.22,1095.38,801.57,716.32,1.3665,1.119,Slow,False,True,0.2329,0.4303
Snow Boots & Footwear,SNOW_BOOTS_AND_0042,Dustfall,Dustfall Tour,0,114.07,113.27,77.51,63.02,1.4614,1.23,Slow,True,False,0.0,0.0
Snow Boots & Footwear,SNOW_BOOTS_AND_0043,Ironpass,Ironpass Team,1,621.24,996.25,678.05,142.84,1.4693,4.7468,Fast,False,False,0.0,0.0
Snow Boots & Footwear,SNOW_BOOTS_AND_0044,Shorebreak,Shorebreak Series II,81,95.08,11788.6,7791.22,3768.51,1.5131,2.0675,Moderate,False,False,0.0,0.0
Snow Boots & Footwear,SNOW_BOOTS_AND_0045,Ironpass,Ironpass Crest,5,48.21,480.61,274.62,183.99,1.7501,1.4926,Slow,False,False,0.0,0.0
Snow Boots & Footwear,SNOW_BOOTS_AND_0046,Highmark,Highmark Elite,8,582.53,8038.72,5149.02,2788.0,1.5612,1.8469,Moderate,False,True,0.2595,0.4691
Snow Boots & Footwear,SNOW_BOOTS_AND_0047,Highmark,Highmark Elite,27,633.04,28644.1,17127.64,3394.82,1.6724,5.0452,Fast,False,False,0.0,0.0
Snow Boots & Footwear,SNOW_BOOTS_AND_0048,Shorebreak,Shorebreak MAX,3,92.54,586.98,360.76,408.02,1.6271,0.8842,Slow,False,True,0.2941,0.5251
Snow Boots & Footwear,SNOW_BOOTS_AND_0049,Highmark,Highmark Comp,3,114.59,793.14,428.68,539.89,1.8502,0.794,Slow,False,True,0.3145,0.5684
Snow Boots & Footwear,SNOW_BOOTS_AND_0050,Ironpass,Ironpass Pro,1,553.92,1323.89,838.49,679.57,1.5789,1.2339,Slow,False,True,0.2475,0.5913
Snow Boots & Footwear,SNOW_BOOTS_AND_0051,Ironpass,Ironpass Trail,71,68.7,7869.14,4889.28,2440.42,1.6095,2.0035,Moderate,False,False,0.0,0.0
Snow Boots & Footwear,SNOW_BOOTS_AND_0052,Ironpass,Ironpass Summit,5,243.39,2490.0,1329.09,499.9,1.8735,2.6587,Moderate,False,False,0.0,0.0
Snow Boots & Footwear,SNOW_BOOTS_AND_0053,Shorebreak,Shorebreak MAX,28,85.22,4020.99,2469.75,941.22,1.6281,2.624,Moderate,False,False,0.0,0.0
Snow Boots & Footwear,SNOW_BOOTS_AND_0054,Ironpass,Ironpass Traverse,12,179.1,3739.76,2220.69,555.67,1.6841,3.9964,Fast,False,True,0.1206,0.4133
Snow Boots & Footwear,SNOW_BOOTS_AND_0055,Highmark,Highmark Trail,2,468.07,1720.54,1128.24,771.68,1.525,1.4621,Slow,False,True,0.2966,0.416
Snow Boots & Footwear,SNOW_BOOTS_AND_0056,Highmark,Highmark Tour,2,420.51,1425.77,899.72,1365.03,1.5847,0.6591,Slow,False,True,0.2966,0.5654
Snow Boots & Footwear,SNOW_BOOTS_AND_0057,Ironpass,Ironpass Summit,4,201.3,1815.04,983.32,653.15,1.8458,1.5055,Moderate,False,False,0.0,0.0
Snow Boots & Footwear,SNOW_BOOTS_AND_0058,Dustfall,Dustfall Venture,2,267.65,923.13,545.78,298.21,1.6914,1.8302,Moderate,False,False,0.0,0.0
Snow Boots & Footwear,SNOW_BOOTS_AND_0059,Highmark,Highmark Tour,1,284.36,991.97,536.96,376.4,1.8474,1.4265,Slow,False,False,0.0,0.0
Snow Boots & Footwear,SNOW_BOOTS_AND_0060,Stonepath,Stonepath Tour,26,269.9,11591.35,7055.37,2815.01,1.6429,2.5063,Moderate,False,False,0.0,0.0
Snow Boots & Footwear,SNOW_BOOTS_AND_0061,Highmark,Highmark Trail,4,74.49,509.24,361.19,197.31,1.4099,1.8306,Moderate,False,False,0.0,0.0
Snow Boots & Footwear,SNOW_BOOTS_AND_0062,Ironpass,Ironpass Tour,0,122.05,173.53,94.14,50.5,1.8434,1.864,Moderate,True,False,0.0,0.0
Snow Boots & Footwear,SNOW_BOOTS_AND_0063,Ironpass,Ironpass Carbon,14,597.79,11667.94,8473.62,1858.59,1.377,4.5592,Fast,False,False,0.0,0.0
Snow Boots & Footwear,SNOW_BOOTS_AND_0064,Dustfall,Dustfall Trail,11,202.94,3021.74,2335.58,1058.58,1.2938,2.2063,Moderate,False,False,0.0,0.0
Snow Boots & Footwear,SNOW_BOOTS_AND_0065,Highmark,Highmark Ascent,0,424.77,93.84,67.96,58.53,1.3808,1.1612,Slow,True,False,0.0,0.0
Snow Boots & Footwear,SNOW_BOOTS_AND_0066,Dustfall,Dustfall Xpedition,41,309.02,18470.71,12790.27,7319.43,1.4441,1.7474,Moderate,False,True,0.1181,0.4956
Snow Boots & Footwear,SNOW_BOOTS_AND_0067,Dustfall,Dustfall Enduro,1,460.38,1029.02,610.76,305.17,1.6848,2.0013,Moderate,False,False,0.0,0.0
Snow Boots & Footwear,SNOW_BOOTS_AND_0068,Ironpass,Ironpass X1,7,427.84,5112.81,3136.02,901.88,1.6304,3.4772,Fast,False,False,0.0,0.0
Snow Boots & Footwear,SNOW_BOOTS_AND_0069,Highmark,Highmark Apex,3,211.5,1317.12,775.64,236.45,1.6981,3.2804,Fast,False,False,0.0,0.0
Snow Boots & Footwear,SNOW_BOOTS_AND_0070,Shorebreak,Shorebreak Xpedition,3,244.58,1357.6,953.61,677.41,1.4236,1.4077,Slow,False,True,0.1701,0.4107
Snow Boots & Footwear,SNOW_BOOTS_AND_0071,Stonepath,Stonepath Foundation,87,78.69,9858.45,6860.18,2531.34,1.4371,2.7101,Moderate,False,False,0.0,0.0
Snow Boots & Footwear,SNOW_BOOTS_AND_0072,Highmark,Highmark Enduro,20,168.48,6620.46,3528.72,1467.03,1.8762,2.4053,Moderate,False,False,0.0,0.0
Snow Boots & Footwear,SNOW_BOOTS_AND_0073,Stonepath,Stonepath Pro,19,345.18,11953.87,6820.06,894.73,1.7528,7.6225,Fast,False,False,0.0,0.0
Snow Boots & Footwear,SNOW_BOOTS_AND_0074,Shorebreak,Shorebreak Elite,0,509.17,489.59,313.72,191.85,1.5606,1.6352,Moderate,True,True,0.1752,0.3615
Snow Boots & Footwear,SNOW_BOOTS_AND_0075,Highmark,Highmark Series II,0,499.06,536.56,351.58,361.0,1.5262,0.9739,Slow,True,False,0.0,0.0
Snow Boots & Footwear,SNOW_BOOTS_AND_0076,Dustfall,Dustfall Signature,4,506.97,3551.38,2420.9,874.96,1.467,2.7669,Moderate,False,False,0.0,0.0
Snow Boots & Footwear,SNOW_BOOTS_AND_0077,Stonepath,Stonepath LTD,0,600.69,240.78,135.58,56.59,1.7759,2.3958,Moderate,True,False,0.0,0.0
Snow Boots & Footwear,SNOW_BOOTS_AND_0078,Ironpass,Ironpass Apex,0,269.09,217.39,134.21,84.53,1.6198,1.5876,Moderate,True,False,0.0,0.0
Snow Boots & Footwear,SNOW_BOOTS_AND_0079,Shorebreak,Shorebreak X1,0,608.01,353.88,302.77,220.77,1.1688,1.3714,Slow,True,False,0.0,0.0
Snow Boots & Footwear,SNOW_BOOTS_AND_0080,Shorebreak,Shorebreak Origin,4,214.18,1685.04,955.29,597.5,1.7639,1.5988,Moderate,False,False,0.0,0.0
Snow Boots & Footwear,SNOW_BOOTS_AND_0081,Stonepath,Stonepath Enduro,4,313.06,2696.2,1500.62,2151.04,1.7967,0.6976,Slow,False,True,0.3143,0.5487
Snow Boots & Footwear,SNOW_BOOTS_AND_0082,Stonepath,Stonepath X1,103,46.22,7156.93,4765.2,2492.8,1.5019,1.9116,Moderate,False,True,0.1431,0.4616
Snow Boots & Footwear,SNOW_BOOTS_AND_0083,Stonepath,Stonepath Ascent,7,82.8,992.73,587.38,1081.66,1.6901,0.543,Slow,False,False,0.0,0.0
Snow Boots & Footwear,SNOW_BOOTS_AND_0084,Highmark,Highmark Traverse,4,397.63,2725.21,1964.51,1532.61,1.3872,1.2818,Slow,False,False,0.0,0.0
Snow Boots & Footwear,SNOW_BOOTS_AND_0085,Stonepath,Stonepath Pro,7,435.76,6046.39,3417.85,2706.37,1.7691,1.2629,Slow,False,True,0.2399,0.5071
Snow Boots & Footwear,SNOW_BOOTS_AND_0086,Dustfall,Dustfall Base,2,164.86,633.61,472.77,379.25,1.3402,1.2466,Slow,False,True,0.3481,0.4492
Snow Boots & Footwear,SNOW_BOOTS_AND_0087,Ironpass,Ironpass X1,3,102.09,541.08,350.05,298.41,1.5457,1.173,Slow,False,False,0.0,0.0
Snow Boots & Footwear,SNOW_BOOTS_AND_0088,Stonepath,Stonepath Signature,61,54.94,3463.07,3395.16,2063.45,1.02,1.6454,Moderate,False,True,0.1627,0.5361
Snow Boots & Footwear,SNOW_BOOTS_AND_0089,Dustfall,Dustfall Lite,0,521.62,575.73,380.67,130.58,1.5124,2.9151,Moderate,True,False,0.0,0.0
Snow Boots & Footwear,SNOW_BOOTS_AND_0090,Ironpass,Ironpass Venture,0,271.94,338.86,183.0,287.48,1.8517,0.6366,Slow,True,True,0.1864,0.4831
Snow Boots & Footwear,SNOW_BOOTS_AND_0091,Dustfall,Dustfall Lite,0,515.51,338.1,218.3,77.02,1.5488,2.8345,Moderate,True,False,0.0,0.0
Snow Boots & Footwear,SNOW_BOOTS_AND_0092,Shorebreak,Shorebreak Summit,0,496.01,527.37,342.38,258.5,1.5403,1.3245,Slow,True,True,0.2688,0.7766
Snow Boots & Footwear,SNOW_BOOTS_AND_0093,Shorebreak,Shorebreak Foundation,32,141.96,7259.79,4677.42,7915.7,1.5521,0.5909,Slow,False,True,0.2777,0.6275
Snow Boots & Footwear,SNOW_BOOTS_AND_0094,Shorebreak,Shorebreak Elite,8,99.62,1670.26,840.17,1225.64,1.988,0.6855,Slow,False,True,0.3043,0.4647
Snow Boots & Footwear,SNOW_BOOTS_AND_0095,Stonepath,Stonepath Foundation,0,349.26,223.67,156.83,221.1,1.4262,0.7093,Slow,True,False,0.0,0.0
Snow Boots & Footwear,SNOW_BOOTS_AND_0096,Ironpass,Ironpass Traverse,43,300.1,20613.44,13088.11,5720.91,1.575,2.2878,Moderate,False,False,0.0,0.0
Snow Boots & Footwear,SNOW_BOOTS_AND_0097,Stonepath,Stonepath Signature,8,176.61,2197.38,1440.37,716.51,1.5256,2.0102,Moderate,False,False,0.0,0.0
Snow Boots & Footwear,SNOW_BOOTS_AND_0098,Stonepath,Stonepath Trail,2,475.53,1746.86,1198.21,360.49,1.4579,3.3238,Fast,False,False,0.0,0.0
Snow Boots & Footwear,SNOW_BOOTS_AND_0099,Stonepath,Stonepath Base,15,83.38,2297.69,1305.88,512.27,1.7595,2.5492,Moderate,False,False,0.0,0.0
Snow Boots & Footwear,SNOW_BOOTS_AND_0100,Highmark,Highmark Team,2,523.2,1914.74,1218.62,706.43,1.5712,1.725,Moderate,False,False,0.0,0.0
Snow Boots & Footwear,SNOW_BOOTS_AND_0101,Highmark,Highmark Ascent,3,322.03,1871.95,1284.04,1903.18,1.4579,0.6747,Slow,False,True,0.1929,0.6521
Snow Boots & Footwear,SNOW_BOOTS_AND_0102,Ironpass,Ironpass Traverse,0,105.91,91.47,58.02,20.0,1.5764,2.9011,Moderate,True,False,0.0,0.0
Snow Boots & Footwear,SNOW_BOOTS_AND_0103,Shorebreak,Shorebreak MAX,61,180.74,16102.26,11064.37,3097.4,1.4553,3.5721,Fast,False,False,0.0,0.0
Snow Boots & Footwear,SNOW_BOOTS_AND_0104,Highmark,Highmark Team,0,610.93,609.27,404.06,386.96,1.5079,1.0442,Slow,True,False,0.0,0.0
Snow Boots & Footwear,SNOW_BOOTS_AND_0105,Ironpass,Ironpass Tour,14,298.39,7735.09,4344.83,1419.03,1.7803,3.0618,Fast,False,False,0.0,0.0
Snow Boots & Footwear,SNOW_BOOTS_AND_0106,Highmark,Highmark Sport,1,470.7,1106.6,691.8,313.84,1.5996,2.2043,Moderate,False,False,0.0,0.0
Snow Boots & Footwear,SNOW_BOOTS_AND_0107,Dustfall,Dustfall Traverse,0,426.91,15.87,9.81,26.8,1.6182,0.3659,Dead,True,True,0.2448,0.6424
Snow Boots & Footwear,SNOW_BOOTS_AND_0108,Stonepath,Stonepath Traverse,19,233.45,7192.16,4480.13,596.59,1.6053,7.5095,Fast,False,False,0.0,0.0
Snow Boots & Footwear,SNOW_BOOTS_AND_0109,Ironpass,Ironpass Sport,0,188.66,59.3,36.32,20.0,1.6326,1.8161,Moderate,True,False,0.0,0.0
Snow Boots & Footwear,SNOW_BOOTS_AND_0110,Highmark,Highmark Ascent,0,608.28,339.6,232.62,225.54,1.4599,1.0314,Slow,True,True,0.1725,0.5811
Snow Boots & Footwear,SNOW_BOOTS_AND_0111,Shorebreak,Shorebreak Carbon,8,364.16,4471.38,3142.4,1536.58,1.4229,2.0451,Moderate,False,False,0.0,0.0
Snow Boots & Footwear,SNOW_BOOTS_AND_0112,Shorebreak,Shorebreak Crest,5,321.31,3177.26,1740.09,868.4,1.8259,2.0038,Moderate,False,False,0.0,0.0
Snow Boots & Footwear,SNOW_BOOTS_AND_0113,Dustfall,Dustfall Origin,0,391.42,39.47,21.63,20.0,1.8247,1.0815,Slow,True,True,0.2929,0.5933
Snow Boots & Footwear,SNOW_BOOTS_AND_0114,Stonepath,Stonepath Origin,2,359.81,1700.69,1000.86,1016.52,1.6992,0.9846,Slow,False,False,0.0,0.0
Snow Boots & Footwear,SNOW_BOOTS_AND_0115,Ironpass,Ironpass Summit,0,355.49,391.68,242.6,162.07,1.6145,1.4969,Slow,True,True,0.1841,0.4343
Snow Boots & Footwear,SNOW_BOOTS_AND_0116,Ironpass,Ironpass Pro,0,392.66,45.75,30.44,25.79,1.503,1.1804,Slow,True,True,0.2742,0.3147
Snow Boots & Footwear,SNOW_BOOTS_AND_0117,Stonepath,Stonepath Base,11,87.02,1805.78,1041.56,1443.23,1.7337,0.7217,Slow,False,False,0.0,0.0
Snow Boots & Footwear,SNOW_BOOTS_AND_0118,Dustfall,Dustfall LTD,20,56.38,1716.1,1148.5,646.15,1.4942,1.7775,Moderate,False,False,0.0,0.0
Snow Boots & Footwear,SNOW_BOOTS_AND_0119,Stonepath,Stonepath Ascent,3,112.83,810.69,449.43,984.15,1.8038,0.4567,Dead,False,True,0.1877,0.5669
Snow Boots & Footwear,SNOW_BOOTS_AND_0120,Ironpass,Ironpass Foundation,5,52.56,453.25,291.78,360.36,1.5534,0.8097,Slow,False,True,0.325,0.5811
Snow Boots & Footwear,SNOW_BOOTS_AND_0121,Ironpass,Ironpass MAX,1,198.38,572.53,383.91,340.0,1.4913,1.1292,Slow,False,False,0.0,0.0
Snow Boots & Footwear,SNOW_BOOTS_AND_0122,Ironpass,Ironpass Traverse,1,411.5,817.34,482.48,133.25,1.694,3.6209,Fast,False,False,0.0,0.0
Snow Boots & Footwear,SNOW_BOOTS_AND_0123,Stonepath,Stonepath Pro,0,497.15,551.04,367.46,184.74,1.4996,1.9891,Moderate,True,False,0.0,0.0
Snow Boots & Footwear,SNOW_BOOTS_AND_0124,Stonepath,Stonepath Traverse,1,630.14,1483.11,1014.42,1400.41,1.462,0.7244,Slow,False,True,0.3786,0.864
Snow Boots & Footwear,SNOW_BOOTS_AND_0125,Dustfall,Dustfall Sport,0,247.27,357.74,234.09,286.06,1.5282,0.8183,Slow,True,True,0.4163,0.5508
Snow Boots & Footwear,SNOW_BOOTS_AND_0126,Ironpass,Ironpass Crest,22,177.45,4419.02,4049.92,3770.79,1.0911,1.074,Slow,False,True,0.2998,0.3366
Casual Footwear,CASUAL_FOOTWEA_0001,Iceform,Iceform Team,1,615.52,1469.48,813.57,193.67,1.8062,4.2007,Fast,False,False,0.0,0.0
Casual Footwear,CASUAL_FOOTWEA_0002,Iceform,Iceform Comp,0,356.9,559.16,319.71,62.34,1.749,5.1282,Fast,True,False,0.0,0.0
Casual Footwear,CASUAL_FOOTWEA_0003,Hardpack,Hardpack Apex,1,569.48,776.71,660.63,454.97,1.1757,1.452,Slow,False,False,0.0,0.0
Casual Footwear,CASUAL_FOOTWEA_0004,Hardpack,Hardpack Lite,1,512.54,1165.33,608.57,215.66,1.9149,2.8219,Moderate,False,False,0.0,0.0
Casual Footwear,CASUAL_FOOTWEA_0005,Mesaflow,Mesaflow Venture,108,151.56,33669.83,16393.96,4523.04,2.0538,3.6245,Fast,False,False,0.0,0.0
Casual Footwear,CASUAL_FOOTWEA_0006,Hardpack,Hardpack Team,1,141.7,365.48,226.1,73.36,1.6164,3.0822,Fast,False,False,0.0,0.0
Casual Footwear,CASUAL_FOOTWEA_0007,Iceform,Iceform Trail,7,214.07,3043.86,1680.82,143.05,1.8109,11.7501,Fast,False,False,0.0,0.0
Casual Footwear,CASUAL_FOOTWEA_0008,Mesaflow,Mesaflow Team,98,156.02,22438.05,15423.69,2424.86,1.4548,6.3607,Fast,False,False,0.0,0.0
Casual Footwear,CASUAL_FOOTWEA_0009,Iceform,Iceform Crest,2,288.14,1183.11,642.57,182.5,1.8412,3.5209,Fast,False,False,0.0,0.0
Casual Footwear,CASUAL_FOOTWEA_0010,Ridgecrest,Ridgecrest Trail,2,445.87,2200.65,1267.6,202.12,1.7361,6.2715,Fast,False,False,0.0,0.0
Casual Footwear,CASUAL_FOOTWEA_0011,Ridgecrest,Ridgecrest Tour,35,188.9,8530.75,6617.25,806.96,1.2892,8.2003,Fast,False,False,0.0,0.0
Casual Footwear,CASUAL_FOOTWEA_0012,Canyonset,Canyonset Base,3,589.78,3675.65,2226.26,533.94,1.651,4.1695,Fast,False,False,0.0,0.0
Casual Footwear,CASUAL_FOOTWEA_0013,Mesaflow,Mesaflow Base,0,158.86,62.24,31.13,21.94,1.9994,1.4188,Slow,True,False,0.0,0.0
Casual Footwear,CASUAL_FOOTWEA_0014,Ridgecrest,Ridgecrest Lite,1,348.82,1257.52,590.69,113.39,2.1289,5.2094,Fast,False,False,0.0,0.0
Casual Footwear,CASUAL_FOOTWEA_0015,Mesaflow,Mesaflow Trail,4,266.04,1767.19,1198.63,597.8,1.4743,2.005,Moderate,False,False,0.0,0.0
Casual Footwear,CASUAL_FOOTWEA_0016,Mesaflow,Mesaflow Venture,4,278.33,1912.56,1264.33,342.04,1.5127,3.6965,Fast,False,False,0.0,0.0
Casual Footwear,CASUAL_FOOTWEA_0017,Iceform,Iceform X1,15,189.91,5110.24,2950.77,2453.6,1.7318,1.2026,Slow,False,True,0.1527,0.5752
Casual Footwear,CASUAL_FOOTWEA_0018,Ridgecrest,Ridgecrest Summit,22,57.09,1658.09,1268.34,374.38,1.3073,3.3878,Fast,False,False,0.0,0.0
Casual Footwear,CASUAL_FOOTWEA_0019,Mesaflow,Mesaflow Enduro,1,564.78,1146.95,664.02,164.75,1.7273,4.0305,Fast,False,False,0.0,0.0
Casual Footwear,CASUAL_FOOTWEA_0020,Deepfreeze,Deepfreeze Traverse,2,407.16,1550.91,889.34,200.23,1.7439,4.4415,Fast,False,False,0.0,0.0
Casual Footwear,CASUAL_FOOTWEA_0021,Mesaflow,Mesaflow Comp,4,330.27,2764.66,1584.95,1363.58,1.7443,1.1623,Slow,False,False,0.0,0.0
Casual Footwear,CASUAL_FOOTWEA_0022,Canyonset,Canyonset Pro,235,32.47,11892.24,7646.96,1137.36,1.5552,6.7234,Fast,False,False,0.0,0.0
Casual Footwear,CASUAL_FOOTWEA_0023,Iceform,Iceform Series II,9,39.55,523.65,394.47,84.64,1.3275,4.6607,Fast,False,False,0.0,0.0
Casual Footwear,CASUAL_FOOTWEA_0024,Ridgecrest,Ridgecrest Enduro,0,426.46,683.98,374.41,214.17,1.8268,1.7482,Moderate,True,False,0.0,0.0
Casual Footwear,CASUAL_FOOTWEA_0025,Deepfreeze,Deepfreeze LTD,29,126.96,6319.44,3797.27,1226.37,1.6642,3.0964,Fast,False,False,0.0,0.0
Casual Footwear,CASUAL_FOOTWEA_0026,Canyonset,Canyonset Enduro,2,527.89,2390.73,1219.59,515.19,1.9603,2.3672,Moderate,False,False,0.0,0.0
Casual Footwear,CASUAL_FOOTWEA_0027,Hardpack,Hardpack Base,28,469.78,17673.39,13436.29,3384.88,1.3153,3.9695,Fast,False,False,0.0,0.0
Casual Footwear,CASUAL_FOOTWEA_0028,Deepfreeze,Deepfreeze Crest,3,532.52,3042.63,1771.52,522.06,1.7175,3.3933,Fast,False,False,0.0,0.0
Casual Footwear,CASUAL_FOOTWEA_0029,Iceform,Iceform Team,3,267.66,1431.78,942.81,150.96,1.5186,6.2452,Fast,False,False,0.0,0.0
Casual Footwear,CASUAL_FOOTWEA_0030,Hardpack,Hardpack Base,35,405.06,22507.66,14201.28,5264.51,1.5849,2.6975,Moderate,False,False,0.0,0.0
Casual Footwear,CASUAL_FOOTWEA_0031,Deepfreeze,Deepfreeze LTD,46,209.91,15241.64,9749.99,2423.67,1.5632,4.0228,Fast,False,False,0.0,0.0
Casual Footwear,CASUAL_FOOTWEA_0032,Iceform,Iceform Xpedition,1,459.22,1148.34,566.4,99.17,2.0274,5.7115,Fast,False,False,0.0,0.0
Casual Footwear,CASUAL_FOOTWEA_0033,Mesaflow,Mesaflow Pro,10,369.87,8016.23,3844.66,2095.73,2.085,1.8345,Moderate,False,False,0.0,0.0
Casual Footwear,CASUAL_FOOTWEA_0034,Deepfreeze,Deepfreeze Comp,0,78.54,71.53,55.74,20.0,1.2833,2.7872,Moderate,True,False,0.0,0.0
Casual Footwear,CASUAL_FOOTWEA_0035,Hardpack,Hardpack Origin,60,143.57,14723.84,8653.97,1591.15,1.7014,5.4388,Fast,False,False,0.0,0.0
Casual Footwear,CASUAL_FOOTWEA_0036,Deepfreeze,Deepfreeze Base,29,593.35,31843.07,17740.35,3400.34,1.795,5.2172,Fast,False,False,0.0,0.0
Casual Footwear,CASUAL_FOOTWEA_0037,Hardpack,Hardpack Ascent,12,575.26,12395.41,6964.26,4704.45,1.7799,1.4804,Slow,False,False,0.0,0.0
Casual Footwear,CASUAL_FOOTWEA_0038,Canyonset,Canyonset Lite,122,44.54,9531.54,5474.94,1639.56,1.7409,3.3393,Fast,False,False,0.0,0.0
Casual Footwear,CASUAL_FOOTWEA_0039,Deepfreeze,Deepfreeze Lite,0,438.46,87.44,59.31,29.06,1.4743,2.0412,Moderate,True,False,0.0,0.0
Casual Footwear,CASUAL_FOOTWEA_0040,Iceform,Iceform Series II,12,465.65,7662.45,5927.42,2218.89,1.2927,2.6713,Moderate,False,False,0.0,0.0
Casual Footwear,CASUAL_FOOTWEA_0041,Mesaflow,Mesaflow Ridge,44,512.85,39347.69,22726.1,2323.72,1.7314,9.7801,Fast,False,False,0.0,0.0
Casual Footwear,CASUAL_FOOTWEA_0042,Ridgecrest,Ridgecrest LTD,14,563.79,12222.58,8025.67,717.26,1.5229,11.1893,Fast,False,False,0.0,0.0
Casual Footwear,CASUAL_FOOTWEA_0043,Iceform,Iceform Trail,0,150.45,77.77,43.44,20.0,1.7904,2.1718,Moderate,True,True,0.2418,0.5384
Casual Footwear,CASUAL_FOOTWEA_0044,Deepfreeze,Deepfreeze Summit,1,524.89,1421.96,821.51,353.71,1.7309,2.3225,Moderate,False,False,0.0,0.0
Casual Footwear,CASUAL_FOOTWEA_0045,Canyonset,Canyonset Origin,7,502.46,4934.92,3563.59,906.28,1.3848,3.9321,Fast,False,False,0.0,0.0
Casual Footwear,CASUAL_FOOTWEA_0046,Hardpack,Hardpack LTD,10,330.78,6949.37,3478.91,782.8,1.9976,4.4442,Fast,False,False,0.0,0.0
Casual Footwear,CASUAL_FOOTWEA_0047,Iceform,Iceform Foundation,0,104.17,112.13,63.58,33.68,1.7636,1.8878,Moderate,True,False,0.0,0.0
Casual Footwear,CASUAL_FOOTWEA_0048,Hardpack,Hardpack Venture,0,626.89,316.61,227.66,33.93,1.3907,6.7091,Fast,True,False,0.0,0.0
Casual Footwear,CASUAL_FOOTWEA_0049,Iceform,Iceform Ridge,0,417.18,197.72,120.59,20.0,1.6396,6.0297,Fast,True,False,0.0,0.0
Casual Footwear,CASUAL_FOOTWEA_0050,Deepfreeze,Deepfreeze Base,1,59.85,198.43,113.21,30.46,1.7527,3.7169,Fast,False,False,0.0,0.0
Casual Footwear,CASUAL_FOOTWEA_0051,Mesaflow,Mesaflow Traverse,19,552.58,20836.54,10581.95,1720.32,1.9691,6.1512,Fast,False,False,0.0,0.0
Casual Footwear,CASUAL_FOOTWEA_0052,Hardpack,Hardpack Tour,0,465.23,227.43,135.69,46.88,1.6761,2.8945,Moderate,True,False,0.0,0.0
Casual Footwear,CASUAL_FOOTWEA_0053,Iceform,Iceform Team,7,559.98,7988.66,4142.39,2664.36,1.9285,1.5547,Moderate,False,False,0.0,0.0
Casual Footwear,CASUAL_FOOTWEA_0054,Deepfreeze,Deepfreeze Sport,12,240.09,5051.0,3108.24,737.35,1.625,4.2154,Fast,False,False,0.0,0.0
Casual Footwear,CASUAL_FOOTWEA_0055,Hardpack,Hardpack Carbon,22,323.88,9673.4,7292.36,1886.42,1.3265,3.8657,Fast,False,False,0.0,0.0
Casual Footwear,CASUAL_FOOTWEA_0056,Mesaflow,Mesaflow LTD,4,538.2,3614.93,2481.42,597.55,1.4568,4.1527,Fast,False,False,0.0,0.0
Casual Footwear,CASUAL_FOOTWEA_0057,Hardpack,Hardpack Sport,5,308.6,3157.32,1561.84,679.4,2.0215,2.2989,Moderate,False,False,0.0,0.0
Casual Footwear,CASUAL_FOOTWEA_0058,Hardpack,Hardpack Lite,0,74.29,37.55,21.97,20.0,1.7091,1.0986,Slow,True,False,0.0,0.0
Casual Footwear,CASUAL_FOOTWEA_0059,Hardpack,Hardpack X1,0,309.14,212.37,139.01,29.43,1.5277,4.7233,Fast,True,False,0.0,0.0
Casual Footwear,CASUAL_FOOTWEA_0060,Iceform,Iceform Origin,2,630.82,3027.43,1793.32,540.65,1.6882,3.317,Fast,False,False,0.0,0.0
Casual Footwear,CASUAL_FOOTWEA_0061,Ridgecrest,Ridgecrest Pro,1,70.77,188.47,89.82,44.27,2.0983,2.0287,Moderate,False,False,0.0,0.0
Casual Footwear,CASUAL_FOOTWEA_0062,Iceform,Iceform Lite,62,152.08,16754.73,9546.16,2396.04,1.7551,3.9841,Fast,False,False,0.0,0.0
Casual Footwear,CASUAL_FOOTWEA_0063,Canyonset,Canyonset Team,8,444.78,7776.55,3809.71,1715.5,2.0412,2.2208,Moderate,False,False,0.0,0.0
Casual Footwear,CASUAL_FOOTWEA_0064,Canyonset,Canyonset Ridge,1,562.65,2027.15,1110.71,914.68,1.8251,1.2143,Slow,False,False,0.0,0.0
Casual Footwear,CASUAL_FOOTWEA_0065,Mesaflow,Mesaflow Summit,3,291.71,2108.08,1041.26,330.21,2.0246,3.1534,Fast,False,False,0.0,0.0
Casual Footwear,CASUAL_FOOTWEA_0066,Iceform,Iceform Series II,0,370.41,447.05,258.36,20.0,1.7304,12.918,Fast,True,False,0.0,0.0
Casual Footwear,CASUAL_FOOTWEA_0067,Deepfreeze,Deepfreeze Traverse,4,405.88,2866.48,1967.92,385.37,1.4566,5.1066,Fast,False,False,0.0,0.0
Casual Footwear,CASUAL_FOOTWEA_0068,Canyonset,Canyonset Venture,2,617.51,2389.24,1373.79,633.94,1.7392,2.1671,Moderate,False,False,0.0,0.0
Casual Footwear,CASUAL_FOOTWEA_0069,Iceform,Iceform Traverse,8,545.85,7875.85,4538.26,1496.13,1.7354,3.0333,Fast,False,False,0.0,0.0
Casual Footwear,CASUAL_FOOTWEA_0070,Ridgecrest,Ridgecrest Team,33,437.83,26434.07,14536.04,3633.98,1.8185,4.0,Fast,False,False,0.0,0.0
Casual Footwear,CASUAL_FOOTWEA_0071,Ridgecrest,Ridgecrest Trail,5,111.05,1075.0,609.05,213.35,1.765,2.8547,Moderate,False,False,0.0,0.0
Casual Footwear,CASUAL_FOOTWEA_0072,Hardpack,Hardpack Ridge,9,226.39,3892.57,2057.16,264.18,1.8922,7.7869,Fast,False,False,0.0,0.0
Casual Footwear,CASUAL_FOOTWEA_0073,Canyonset,Canyonset Comp,2,489.64,2775.45,1415.19,379.28,1.9612,3.7313,Fast,False,False,0.0,0.0
Casual Footwear,CASUAL_FOOTWEA_0074,Canyonset,Canyonset Base,36,405.61,27984.89,14799.97,3905.95,1.8909,3.7891,Fast,False,True,0.1694,0.1825
Casual Footwear,CASUAL_FOOTWEA_0075,Canyonset,Canyonset MAX,0,548.21,422.9,250.3,69.14,1.6895,3.6201,Fast,True,False,0.0,0.0
Casual Footwear,CASUAL_FOOTWEA_0076,Canyonset,Canyonset Tour,200,44.49,17127.33,8934.26,2014.92,1.917,4.434,Fast,False,False,0.0,0.0
Casual Footwear,CASUAL_FOOTWEA_0077,Iceform,Iceform Carbon,3,533.81,3782.14,2054.55,678.54,1.8409,3.0279,Fast,False,False,0.0,0.0
Casual Footwear,CASUAL_FOOTWEA_0078,Ridgecrest,Ridgecrest Foundation,1,479.87,1111.64,669.45,635.99,1.6605,1.0526,Slow,False,True,0.2773,0.5265
Casual Footwear,CASUAL_FOOTWEA_0079,Canyonset,Canyonset Tour,22,151.89,6431.08,3450.44,2006.88,1.8638,1.7193,Moderate,False,False,0.0,0.0
Casual Footwear,CASUAL_FOOTWEA_0080,Canyonset,Canyonset Traverse,0,181.43,39.87,22.94,20.0,1.7378,1.1472,Slow,True,False,0.0,0.0
Casual Footwear,CASUAL_FOOTWEA_0081,Mesaflow,Mesaflow LTD,88,84.74,12082.71,7468.36,1530.52,1.6179,4.8796,Fast,False,False,0.0,0.0
Casual Footwear,CASUAL_FOOTWEA_0082,Deepfreeze,Deepfreeze Series II,1,41.8,113.27,65.29,20.0,1.7348,3.2644,Fast,False,False,0.0,0.0
Casual Footwear,CASUAL_FOOTWEA_0083,Canyonset,Canyonset LTD,0,210.43,32.91,19.61,20.0,1.6776,0.9807,Slow,True,True,0.1372,0.5647
Casual Footwear,CASUAL_FOOTWEA_0084,Deepfreeze,Deepfreeze Ascent,48,42.15,3479.63,2047.53,756.1,1.6994,2.708,Moderate,False,False,0.0,0.0
Casual Footwear,CASUAL_FOOTWEA_0085,Canyonset,Canyonset Ascent,2,640.57,3298.1,1795.3,1052.54,1.8371,1.7057,Moderate,False,False,0.0,0.0
Casual Footwear,CASUAL_FOOTWEA_0086,Canyonset,Canyonset Series II,366,90.03,52463.47,33003.73,10982.25,1.5896,3.0052,Fast,False,False,0.0,0.0
Casual Footwear,CASUAL_FOOTWEA_0087,Deepfreeze,Deepfreeze Traverse,2,558.28,2010.39,1204.63,488.46,1.6689,2.4662,Moderate,False,False,0.0,0.0
Casual Footwear,CASUAL_FOOTWEA_0088,Hardpack,Hardpack Summit,11,216.11,5160.81,2550.61,618.53,2.0234,4.1237,Fast,False,False,0.0,0.0
Casual Footwear,CASUAL_FOOTWEA_0089,Canyonset,Canyonset Ascent,147,62.92,17277.59,9296.32,2724.64,1.8585,3.4119,Fast,False,False,0.0,0.0
Casual Footwear,CASUAL_FOOTWEA_0090,Iceform,Iceform Team,31,69.23,3921.69,2185.25,1044.62,1.7946,2.0919,Moderate,False,False,0.0,0.0
Casual Footwear,CASUAL_FOOTWEA_0091,Hardpack,Hardpack Foundation,1,170.25,506.67,328.57,82.39,1.542,3.988,Fast,False,False,0.0,0.0
Casual Footwear,CASUAL_FOOTWEA_0092,Canyonset,Canyonset Elite,0,260.98,430.96,245.87,107.25,1.7528,2.2925,Moderate,True,False,0.0,0.0
Casual Footwear,CASUAL_FOOTWEA_0093,Canyonset,Canyonset Lite,26,172.27,5873.73,4520.49,995.34,1.2994,4.5417,Fast,False,False,0.0,0.0
Casual Footwear,CASUAL_FOOTWEA_0094,Ridgecrest,Ridgecrest Comp,0,450.42,389.27,282.95,54.57,1.3758,5.1846,Fast,True,False,0.0,0.0
Casual Footwear,CASUAL_FOOTWEA_0095,Canyonset,Canyonset Venture,229,26.21,10803.56,6006.96,1962.49,1.7985,3.0609,Fast,False,False,0.0,0.0
Casual Footwear,CASUAL_FOOTWEA_0096,Ridgecrest,Ridgecrest Apex,1,372.97,769.07,449.89,280.45,1.7095,1.6041,Moderate,False,False,0.0,0.0
Casual Footwear,CASUAL_FOOTWEA_0097,Canyonset,Canyonset Crest,10,255.86,3610.67,2640.39,763.07,1.3675,3.4602,Fast,False,False,0.0,0.0
Casual Footwear,CASUAL_FOOTWEA_0098,Iceform,Iceform Tour,8,345.76,5154.39,2972.14,1850.78,1.7342,1.6059,Moderate,False,True,0.1843,0.4416
Casual Footwear,CASUAL_FOOTWEA_0099,Iceform,Iceform Comp,1,113.41,318.86,187.07,79.1,1.7045,2.3651,Moderate,False,False,0.0,0.0
Casual Footwear,CASUAL_FOOTWEA_0100,Iceform,Iceform MAX,0,433.33,66.55,39.12,20.0,1.7015,1.9558,Moderate,True,False,0.0,0.0
Casual Footwear,CASUAL_FOOTWEA_0101,Hardpack,Hardpack Xpedition,5,323.37,3189.52,1767.33,1277.87,1.8047,1.383,Slow,False,True,0.1724,0.4618
Casual Footwear,CASUAL_FOOTWEA_0102,Mesaflow,Mesaflow Pro,73,113.59,14861.29,8349.03,2812.07,1.78,2.969,Moderate,False,False,0.0,0.0
Casual Footwear,CASUAL_FOOTWEA_0103,Iceform,Iceform Team,0,89.25,48.98,31.98,20.0,1.5316,1.5991,Moderate,True,False,0.0,0.0
Casual Footwear,CASUAL_FOOTWEA_0104,Mesaflow,Mesaflow Xpedition,1,551.9,1597.08,1040.37,211.44,1.5351,4.9203,Fast,False,False,0.0,0.0
Casual Footwear,CASUAL_FOOTWEA_0105,Ridgecrest,Ridgecrest Venture,4,277.02,1519.98,1128.67,334.65,1.3467,3.3727,Fast,False,False,0.0,0.0
Casual Footwear,CASUAL_FOOTWEA_0106,Hardpack,Hardpack Ascent,12,517.0,7954.53,6407.05,1106.84,1.2415,5.7886,Fast,False,False,0.0,0.0
Casual Footwear,CASUAL_FOOTWEA_0107,Deepfreeze,Deepfreeze Xpedition,0,648.26,91.39,46.71,20.0,1.9564,2.3356,Moderate,True,False,0.0,0.0
Casual Footwear,CASUAL_FOOTWEA_0108,Iceform,Iceform Ascent,506,19.97,13842.61,10117.52,4966.93,1.3682,2.037,Moderate,False,False,0.0,0.0
Casual Footwear,CASUAL_FOOTWEA_0109,Canyonset,Canyonset Carbon,104,37.55,5981.25,3912.46,2191.03,1.5288,1.7857,Moderate,False,False,0.0,0.0
Casual Footwear,CASUAL_FOOTWEA_0110,Canyonset,Canyonset Venture,2,118.1,372.25,255.04,76.87,1.4596,3.3178,Fast,False,False,0.0,0.0
Casual Footwear,CASUAL_FOOTWEA_0111,Mesaflow,Mesaflow Series II,0,572.79,338.59,183.52,95.77,1.845,1.9162,Moderate,True,False,0.0,0.0
Helmets & Protection,HELMETS_AND_PR_0001,Mesaflow,Mesaflow Ridge,1,587.14,1173.43,973.5,974.91,1.2054,0.9986,Slow,False,False,0.0,0.0
Helmets & Protection,HELMETS_AND_PR_0002,Shorebreak,Shorebreak Pro,13,179.53,2988.49,2346.47,529.48,1.2736,4.4316,Fast,False,False,0.0,0.0
Helmets & Protection,HELMETS_AND_PR_0003,Tidefall,Tidefall Crest,11,281.32,4249.91,3371.59,1507.98,1.2605,2.2358,Moderate,False,False,0.0,0.0
Helmets & Protection,HELMETS_AND_PR_0004,Opentrail,Opentrail Crest,3,212.55,1138.05,776.24,207.25,1.4661,3.7455,Fast,False,False,0.0,0.0
Helmets & Protection,HELMETS_AND_PR_0005,Opentrail,Opentrail LTD,1,630.65,1605.05,1094.56,1046.61,1.4664,1.0458,Slow,False,False,0.0,0.0
Helmets & Protection,HELMETS_AND_PR_0006,Gravelpath,Gravelpath Sport,0,527.55,37.69,28.13,20.0,1.3399,1.4065,Slow,True,False,0.0,0.0
Helmets & Protection,HELMETS_AND_PR_0007,Shorebreak,Shorebreak Elite,2,195.84,588.89,456.9,224.98,1.2889,2.0309,Moderate,False,False,0.0,0.0
Helmets & Protection,HELMETS_AND_PR_0008,Shorebreak,Shorebreak Signature,0,289.57,68.96,64.13,63.12,1.0754,1.016,Slow,True,True,0.2154,0.4891
Helmets & Protection,HELMETS_AND_PR_0009,Shorebreak,Shorebreak Origin,2,621.31,2233.28,1322.5,978.23,1.6887,1.3519,Slow,False,True,0.2311,0.4265
Helmets & Protection,HELMETS_AND_PR_0010,Tidefall,Tidefall Carbon,172,82.6,17664.93,14257.92,9304.12,1.239,1.5324,Moderate,False,False,0.0,0.0
Helmets & Protection,HELMETS_AND_PR_0011,Mesaflow,Mesaflow MAX,55,45.78,4005.56,2549.36,1139.89,1.5712,2.2365,Moderate,False,False,0.0,0.0
Helmets & Protection,HELMETS_AND_PR_0012,Opentrail,Opentrail Carbon,3,341.96,1251.95,1096.33,2205.14,1.1419,0.4972,Dead,False,True,0.3364,0.5466
Helmets & Protection,HELMETS_AND_PR_0013,Tidefall,Tidefall Base,0,477.99,65.93,44.32,39.07,1.4878,1.1342,Slow,True,False,0.0,0.0
Helmets & Protection,HELMETS_AND_PR_0014,Gravelpath,Gravelpath Elite,0,320.1,37.83,32.92,20.0,1.1493,1.6459,Moderate,True,False,0.0,0.0
Helmets & Protection,HELMETS_AND_PR_0015,Gravelpath,Gravelpath Traverse,3,305.9,1243.45,1013.13,164.86,1.2273,6.1455,Fast,False,False,0.0,0.0
Helmets & Protection,HELMETS_AND_PR_0016,Shorebreak,Shorebreak Venture,36,619.62,29163.62,22383.25,4670.6,1.3029,4.7924,Fast,False,False,0.0,0.0
Helmets & Protection,HELMETS_AND_PR_0017,Shorebreak,Shorebreak LTD,9,183.8,2331.62,1664.5,726.96,1.4008,2.2897,Moderate,False,False,0.0,0.0
Helmets & Protection,HELMETS_AND_PR_0018,Mesaflow,Mesaflow Tour,3,380.05,1747.37,1180.14,729.14,1.4807,1.6185,Moderate,False,False,0.0,0.0
Helmets & Protection,HELMETS_AND_PR_0019,Mesaflow,Mesaflow Traverse,3,46.03,219.11,174.7,132.81,1.2542,1.3154,Slow,False,False,0.0,0.0
Helmets & Protection,HELMETS_AND_PR_0020,Opentrail,Opentrail Traverse,165,82.98,19164.23,13709.35,4236.76,1.3979,3.2358,Fast,False,False,0.0,0.0
Helmets & Protection,HELMETS_AND_PR_0021,Shorebreak,Shorebreak Pro,2,192.52,816.62,570.78,394.76,1.4307,1.4459,Slow,False,False,0.0,0.0
Helmets & Protection,HELMETS_AND_PR_0022,Mesaflow,Mesaflow X1,4,416.84,2841.88,1721.78,448.58,1.6505,3.8383,Fast,False,False,0.0,0.0
Helmets & Protection,HELMETS_AND_PR_0023,Opentrail,Opentrail Signature,13,187.42,3491.19,2439.86,330.95,1.4309,7.3723,Fast,False,False,0.0,0.0
Helmets & Protection,HELMETS_AND_PR_0024,Gravelpath,Gravelpath Traverse,1,299.92,707.01,453.33,178.41,1.5596,2.5409,Moderate,False,False,0.0,0.0
Helmets & Protection,HELMETS_AND_PR_0025,Mesaflow,Mesaflow Foundation,25,642.0,24000.66,16341.8,5233.42,1.4687,3.1226,Fast,False,False,0.0,0.0
Helmets & Protection,HELMETS_AND_PR_0026,Opentrail,Opentrail Apex,9,204.09,2893.16,2024.36,1496.63,1.4292,1.3526,Slow,False,False,0.0,0.0
Helmets & Protection,HELMETS_AND_PR_0027,Opentrail,Opentrail Carbon,3,570.45,2309.51,1950.84,1066.09,1.1839,1.8299,Moderate,False,False,0.0,0.0
Helmets & Protection,HELMETS_AND_PR_0028,Tidefall,Tidefall Carbon,15,192.8,4999.28,3036.83,1431.87,1.6462,2.1209,Moderate,False,False,0.0,0.0
Helmets & Protection,HELMETS_AND_PR_0029,Mesaflow,Mesaflow Foundation,0,378.67,106.29,89.96,55.17,1.1815,1.6306,Moderate,True,False,0.0,0.0
Helmets & Protection,HELMETS_AND_PR_0030,Gravelpath,Gravelpath Xpedition,0,518.73,33.33,25.94,20.0,1.285,1.2969,Slow,True,False,0.0,0.0
Helmets & Protection,HELMETS_AND_PR_0031,Mesaflow,Mesaflow Summit,12,602.71,10872.33,7247.33,2200.79,1.5002,3.2931,Fast,False,False,0.0,0.0
Helmets & Protection,HELMETS_AND_PR_0032,Tidefall,Tidefall Apex,0,502.11,140.55,87.41,45.87,1.608,1.9055,Moderate,True,False,0.0,0.0
Helmets & Protection,HELMETS_AND_PR_0033,Tidefall,Tidefall Ascent,104,26.08,3782.37,2713.58,1317.69,1.3939,2.0593,Moderate,False,False,0.0,0.0
Helmets & Protection,HELMETS_AND_PR_0034,Mesaflow,Mesaflow LTD,0,170.93,129.07,90.14,141.89,1.4318,0.6353,Slow,True,False,0.0,0.0
Helmets & Protection,HELMETS_AND_PR_0035,Shorebreak,Shorebreak Traverse,20,141.27,3932.94,2859.86,1460.56,1.3752,1.9581,Moderate,False,False,0.0,0.0
Helmets & Protection,HELMETS_AND_PR_0036,Shorebreak,Shorebreak Apex,10,500.58,7437.65,5062.1,2027.21,1.4693,2.4971,Moderate,False,False,0.0,0.0
Helmets & Protection,HELMETS_AND_PR_0037,Gravelpath,Gravelpath Base,2,430.26,1605.51,1025.95,918.25,1.5649,1.1173,Slow,False,True,0.1814,0.676
Helmets & Protection,HELMETS_AND_PR_0038,Tidefall,Tidefall X1,3,21.27,93.76,71.26,21.46,1.3157,3.321,Fast,False,False,0.0,0.0
Helmets & Protection,HELMETS_AND_PR_0039,Shorebreak,Shorebreak Ascent,17,104.75,2399.38,1817.54,567.39,1.3201,3.2034,Fast,False,False,0.0,0.0
Helmets & Protection,HELMETS_AND_PR_0040,Shorebreak,Shorebreak MAX,20,468.61,13904.49,9496.29,2258.71,1.4642,4.2043,Fast,False,False,0.0,0.0
Helmets & Protection,HELMETS_AND_PR_0041,Shorebreak,Shorebreak Trail,18,223.31,5119.86,4060.2,1713.41,1.261,2.3697,Moderate,False,False,0.0,0.0
Helmets & Protection,HELMETS_AND_PR_0042,Gravelpath,Gravelpath Apex,0,544.08,55.42,39.52,25.04,1.4022,1.5781,Moderate,True,False,0.0,0.0
Helmets & Protection,HELMETS_AND_PR_0043,Tidefall,Tidefall Enduro,8,528.68,5448.6,4328.72,3132.52,1.2587,1.3819,Slow,False,False,0.0,0.0
Helmets & Protection,HELMETS_AND_PR_0044,Mesaflow,Mesaflow X1,1,482.72,716.96,578.47,484.2,1.2394,1.1947,Slow,False,True,0.2469,0.4755
Helmets & Protection,HELMETS_AND_PR_0045,Mesaflow,Mesaflow Signature,0,318.89,72.79,56.52,20.0,1.288,2.8258,Moderate,True,False,0.0,0.0
Helmets & Protection,HELMETS_AND_PR_0046,Opentrail,Opentrail Enduro,0,245.47,121.04,80.72,34.33,1.4995,2.3515,Moderate,True,False,0.0,0.0
Helmets & Protection,HELMETS_AND_PR_0047,Gravelpath,Gravelpath Enduro,1,537.04,1085.54,603.58,433.28,1.7985,1.393,Slow,False,False,0.0,0.0
Helmets & Protection,HELMETS_AND_PR_0048,Gravelpath,Gravelpath Ridge,7,544.55,5374.35,4135.34,1651.81,1.2996,2.5035,Moderate,False,False,0.0,0.0
Helmets & Protection,HELMETS_AND_PR_0049,Opentrail,Opentrail Ridge,295,62.35,24100.65,18447.03,3684.88,1.3065,5.0061,Fast,False,False,0.0,0.0
Helmets & Protection,HELMETS_AND_PR_0050,Gravelpath,Gravelpath Elite,1,606.32,950.03,612.17,148.57,1.5519,4.1204,Fast,False,False,0.0,0.0
Helmets & Protection,HELMETS_AND_PR_0051,Opentrail,Opentrail Crest,4,348.26,1938.24,1624.01,382.05,1.1935,4.2508,Fast,False,False,0.0,0.0
Helmets & Protection,HELMETS_AND_PR_0052,Shorebreak,Shorebreak Comp,8,508.0,6112.28,4201.75,2143.88,1.4547,1.9599,Moderate,False,False,0.0,0.0
Helmets & Protection,HELMETS_AND_PR_0053,Tidefall,Tidefall Origin,304,63.94,30577.16,19494.41,7351.75,1.5685,2.6517,Moderate,False,True,0.2899,0.5349
Helmets & Protection,HELMETS_AND_PR_0054,Tidefall,Tidefall Ridge,0,131.2,54.8,39.7,20.0,1.3804,1.985,Moderate,True,False,0.0,0.0
Helmets & Protection,HELMETS_AND_PR_0055,Gravelpath,Gravelpath Elite,0,624.23,524.73,343.34,167.93,1.5283,2.0445,Moderate,True,False,0.0,0.0
Helmets & Protection,HELMETS_AND_PR_0056,Gravelpath,Gravelpath Crest,2,191.89,707.41,487.61,133.95,1.4508,3.6401,Fast,False,False,0.0,0.0
Helmets & Protection,HELMETS_AND_PR_0057,Shorebreak,Shorebreak LTD,0,608.65,599.76,504.51,230.62,1.1888,2.1876,Moderate,True,False,0.0,0.0
Helmets & Protection,HELMETS_AND_PR_0058,Mesaflow,Mesaflow Traverse,1,214.01,394.91,276.28,181.37,1.4294,1.5233,Moderate,False,True,0.1862,0.5684
Helmets & Protection,HELMETS_AND_PR_0059,Opentrail,Opentrail X1,16,304.51,6093.06,4933.89,1766.83,1.2349,2.7925,Moderate,False,False,0.0,0.0
Helmets & Protection,HELMETS_AND_PR_0060,Tidefall,Tidefall Elite,0,530.73,116.12,80.21,21.75,1.4477,3.6873,Fast,True,False,0.0,0.0
Helmets & Protection,HELMETS_AND_PR_0061,Gravelpath,Gravelpath Pro,69,29.75,3164.76,2073.77,1041.39,1.5261,1.9913,Moderate,False,False,0.0,0.0
Helmets & Protection,HELMETS_AND_PR_0062,Shorebreak,Shorebreak Carbon,1,649.68,1124.72,916.2,184.01,1.2276,4.9792,Fast,False,False,0.0,0.0
Helmets & Protection,HELMETS_AND_PR_0063,Shorebreak,Shorebreak Summit,15,337.72,6973.92,5315.64,3430.59,1.312,1.5495,Moderate,False,False,0.0,0.0
Helmets & Protection,HELMETS_AND_PR_0064,Gravelpath,Gravelpath Elite,0,117.8,74.63,57.42,20.0,1.2997,2.8708,Moderate,True,False,0.0,0.0
Helmets & Protection,HELMETS_AND_PR_0065,Mesaflow,Mesaflow Tour,5,446.41,3116.72,2267.68,853.51,1.3744,2.6569,Moderate,False,False,0.0,0.0
Helmets & Protection,HELMETS_AND_PR_0066,Mesaflow,Mesaflow Ridge,0,483.63,56.24,34.64,20.0,1.6238,1.7318,Moderate,True,False,0.0,0.0
Helmets & Protection,HELMETS_AND_PR_0067,Tidefall,Tidefall Venture,7,466.35,4434.1,3339.96,952.47,1.3276,3.5066,Fast,False,False,0.0,0.0
Helmets & Protection,HELMETS_AND_PR_0068,Opentrail,Opentrail Carbon,7,446.32,5702.9,3448.96,1594.04,1.6535,2.1637,Moderate,False,False,0.0,0.0
Helmets & Protection,HELMETS_AND_PR_0069,Tidefall,Tidefall Sport,0,185.71,114.24,74.25,20.0,1.5387,3.7123,Fast,True,False,0.0,0.0
Helmets & Protection,HELMETS_AND_PR_0070,Shorebreak,Shorebreak Elite,11,580.18,9021.52,6902.33,1494.79,1.307,4.6176,Fast,False,False,0.0,0.0
Helmets & Protection,HELMETS_AND_PR_0071,Opentrail,Opentrail Summit,2,497.63,1605.16,1106.62,306.63,1.4505,3.6089,Fast,False,False,0.0,0.0
Helmets & Protection,HELMETS_AND_PR_0072,Tidefall,Tidefall Origin,5,330.12,2802.89,1840.85,1004.69,1.5226,1.8323,Moderate,False,False,0.0,0.0
Helmets & Protection,HELMETS_AND_PR_0073,Tidefall,Tidefall Series II,11,527.09,9725.26,6192.94,2829.43,1.5704,2.1888,Moderate,False,False,0.0,0.0
Helmets & Protection,HELMETS_AND_PR_0074,Shorebreak,Shorebreak Carbon,0,510.26,393.28,273.79,177.54,1.4364,1.5422,Moderate,True,False,0.0,0.0
Helmets & Protection,HELMETS_AND_PR_0075,Mesaflow,Mesaflow Comp,2,395.78,1138.91,809.94,525.0,1.4062,1.5427,Moderate,False,True,0.2708,0.5809
Helmets & Protection,HELMETS_AND_PR_0076,Shorebreak,Shorebreak Signature,0,67.87,34.11,27.31,20.0,1.249,1.3657,Slow,True,False,0.0,0.0
Helmets & Protection,HELMETS_AND_PR_0077,Tidefall,Tidefall Lite,9,635.83,8419.1,5784.19,1719.73,1.4555,3.3634,Fast,False,False,0.0,0.0
Helmets & Protection,HELMETS_AND_PR_0078,Shorebreak,Shorebreak X1,2,33.18,123.73,85.24,101.08,1.4515,0.8433,Slow,False,True,0.3599,0.5365
Helmets & Protection,HELMETS_AND_PR_0079,Shorebreak,Shorebreak Trail,26,222.0,7684.49,5914.62,1527.05,1.2992,3.8732,Fast,False,False,0.0,0.0
Helmets & Protection,HELMETS_AND_PR_0080,Mesaflow,Mesaflow X1,1,449.4,1243.39,855.65,658.87,1.4532,1.2987,Slow,False,False,0.0,0.0
Helmets & Protection,HELMETS_AND_PR_0081,Mesaflow,Mesaflow Comp,3,139.29,695.54,512.35,371.9,1.3576,1.3777,Slow,False,True,0.3295,0.4825
Helmets & Protection,HELMETS_AND_PR_0082,Gravelpath,Gravelpath Comp,24,160.06,5494.84,3992.9,2754.56,1.3762,1.4496,Slow,False,False,0.0,0.0
Goggles & Eyewear,GOGGLES_AND_EY_0001,Opentrail,Opentrail Origin,16,523.67,13500.14,8782.31,1629.9,1.5372,5.3882,Fast,False,False,0.0,0.0
Goggles & Eyewear,GOGGLES_AND_EY_0002,Opentrail,Opentrail Ridge,14,511.14,10335.04,7592.99,1423.74,1.3611,5.3331,Fast,False,False,0.0,0.0
Goggles & Eyewear,GOGGLES_AND_EY_0003,Opentrail,Opentrail X1,2,115.19,532.89,307.78,393.94,1.7314,0.7813,Slow,False,False,0.0,0.0
Goggles & Eyewear,GOGGLES_AND_EY_0004,Northeave,Northeave Summit,2,216.7,627.46,458.46,165.92,1.3686,2.7631,Moderate,False,False,0.0,0.0
Goggles & Eyewear,GOGGLES_AND_EY_0005,Frostline,Frostline LTD,8,574.49,7117.64,4957.16,1395.0,1.4358,3.5535,Fast,False,False,0.0,0.0
Goggles & Eyewear,GOGGLES_AND_EY_0006,Opentrail,Opentrail Origin,12,189.44,3891.82,2459.62,594.36,1.5823,4.1383,Fast,False,False,0.0,0.0
Goggles & Eyewear,GOGGLES_AND_EY_0007,Summitform,Summitform Ridge,17,68.39,1651.98,1187.8,977.99,1.3908,1.2145,Slow,False,False,0.0,0.0
Goggles & Eyewear,GOGGLES_AND_EY_0008,Northeave,Northeave Sport,14,353.7,6525.45,5253.42,1555.45,1.2421,3.3774,Fast,False,False,0.0,0.0
Goggles & Eyewear,GOGGLES_AND_EY_0009,Opentrail,Opentrail Summit,20,101.59,2714.79,2125.47,1298.46,1.2773,1.6369,Moderate,False,False,0.0,0.0
Goggles & Eyewear,GOGGLES_AND_EY_0010,Opentrail,Opentrail Base,0,196.81,51.81,28.53,20.0,1.8158,1.4266,Slow,True,False,0.0,0.0
Goggles & Eyewear,GOGGLES_AND_EY_0011,Frostline,Frostline X1,3,426.76,2143.47,1337.22,290.69,1.6029,4.6002,Fast,False,False,0.0,0.0
Goggles & Eyewear,GOGGLES_AND_EY_0012,Summitform,Summitform Tour,35,176.88,10617.64,6309.93,1684.72,1.6827,3.7454,Fast,False,False,0.0,0.0
Goggles & Eyewear,GOGGLES_AND_EY_0013,Northeave,Northeave Trail,3,85.86,446.8,318.61,34.76,1.4024,9.1662,Fast,False,False,0.0,0.0
Goggles & Eyewear,GOGGLES_AND_EY_0014,Mesaflow,Mesaflow Tour,63,129.11,10218.04,8135.9,1616.12,1.2559,5.0342,Fast,False,False,0.0,0.0
Goggles & Eyewear,GOGGLES_AND_EY_0015,Rockline,Rockline MAX,27,308.62,14942.75,8341.27,2285.14,1.7914,3.6502,Fast,False,False,0.0,0.0
Goggles & Eyewear,GOGGLES_AND_EY_0016,Frostline,Frostline Ascent,0,526.32,25.61,21.48,20.0,1.1922,1.0742,Slow,True,True,0.3191,0.4394
Goggles & Eyewear,GOGGLES_AND_EY_0017,Frostline,Frostline Carbon,0,579.24,284.84,190.6,53.55,1.4944,3.5596,Fast,True,False,0.0,0.0
Goggles & Eyewear,GOGGLES_AND_EY_0018,Rockline,Rockline Ascent,7,124.89,1395.23,894.6,467.45,1.5596,1.9138,Moderate,False,False,0.0,0.0
Goggles & Eyewear,GOGGLES_AND_EY_0019,Summitform,Summitform MAX,0,628.24,263.61,159.72,218.41,1.6505,0.7313,Slow,True,True,0.3355,0.6634
Goggles & Eyewear,GOGGLES_AND_EY_0020,Northeave,Northeave Tour,0,468.13,238.72,139.7,202.35,1.7088,0.6904,Slow,True,True,0.2232,0.8179
Goggles & Eyewear,GOGGLES_AND_EY_0021,Summitform,Summitform Elite,21,18.03,542.11,393.69,302.65,1.377,1.3008,Slow,False,False,0.0,0.0
Goggles & Eyewear,GOGGLES_AND_EY_0022,Opentrail,Opentrail Summit,2,516.93,2398.34,1540.27,1107.95,1.5571,1.3902,Slow,False,True,0.2414,0.4119
Goggles & Eyewear,GOGGLES_AND_EY_0023,Opentrail,Opentrail Enduro,0,84.77,108.51,76.71,25.51,1.4145,3.0066,Fast,True,False,0.0,0.0
Goggles & Eyewear,GOGGLES_AND_EY_0024,Northeave,Northeave Comp,59,69.15,6025.88,4123.11,1131.54,1.4615,3.6438,Fast,False,False,0.0,0.0
Goggles & Eyewear,GOGGLES_AND_EY_0025,Opentrail,Opentrail Traverse,0,126.68,50.46,49.47,20.0,1.02,2.4733,Moderate,True,False,0.0,0.0
Goggles & Eyewear,GOGGLES_AND_EY_0026,Frostline,Frostline Summit,9,586.99,7714.86,5304.15,813.03,1.4545,6.5239,Fast,False,False,0.0,0.0
Goggles & Eyewear,GOGGLES_AND_EY_0027,Opentrail,Opentrail Tour,3,309.41,1335.17,948.99,372.08,1.4069,2.5505,Moderate,False,False,0.0,0.0
Goggles & Eyewear,GOGGLES_AND_EY_0028,Mesaflow,Mesaflow Team,52,93.63,7720.57,4911.83,1255.88,1.5718,3.9111,Fast,False,False,0.0,0.0
Goggles & Eyewear,GOGGLES_AND_EY_0029,Mesaflow,Mesaflow Series II,10,323.48,5839.06,3369.96,1043.11,1.7327,3.2307,Fast,False,False,0.0,0.0
Goggles & Eyewear,GOGGLES_AND_EY_0030,Mesaflow,Mesaflow Pro,1,310.05,649.86,486.01,409.03,1.3371,1.1882,Slow,False,False,0.0,0.0
Goggles & Eyewear,GOGGLES_AND_EY_0031,Northeave,Northeave Venture,23,185.14,6700.65,4427.05,1210.24,1.5136,3.658,Fast,False,False,0.0,0.0
Goggles & Eyewear,GOGGLES_AND_EY_0032,Summitform,Summitform Carbon,0,648.42,783.75,523.31,161.38,1.4977,3.2427,Fast,True,False,0.0,0.0
Goggles & Eyewear,GOGGLES_AND_EY_0033,Summitform,Summitform Lite,6,207.94,2095.84,1365.77,578.71,1.5345,2.36,Moderate,False,True,0.2059,0.2903
Goggles & Eyewear,GOGGLES_AND_EY_0034,Mesaflow,Mesaflow MAX,2,371.4,1468.14,904.68,284.7,1.6228,3.1777,Fast,False,True,0.1006,0.3211
Goggles & Eyewear,GOGGLES_AND_EY_0035,Rockline,Rockline LTD,1,162.92,464.01,235.62,75.83,1.9693,3.1074,Fast,False,False,0.0,0.0
Goggles & Eyewear,GOGGLES_AND_EY_0036,Opentrail,Opentrail Comp,0,516.31,91.17,70.95,23.57,1.2849,3.0109,Fast,True,False,0.0,0.0
Goggles & Eyewear,GOGGLES_AND_EY_0037,Opentrail,Opentrail Comp,1,93.87,147.05,103.29,24.29,1.4237,4.2531,Fast,False,False,0.0,0.0
Goggles & Eyewear,GOGGLES_AND_EY_0038,Summitform,Summitform Ridge,10,35.78,513.01,359.73,198.72,1.4261,1.8102,Moderate,False,False,0.0,0.0
Goggles & Eyewear,GOGGLES_AND_EY_0039,Mesaflow,Mesaflow Sport,19,242.0,8859.91,4735.86,980.96,1.8708,4.8278,Fast,False,False,0.0,0.0
Goggles & Eyewear,GOGGLES_AND_EY_0040,Opentrail,Opentrail Comp,2,543.12,2201.21,1554.32,819.48,1.4162,1.8967,Moderate,False,False,0.0,0.0
Goggles & Eyewear,GOGGLES_AND_EY_0041,Mesaflow,Mesaflow Series II,1,214.55,469.01,268.52,197.04,1.7467,1.3628,Slow,False,True,0.1978,0.4153
Goggles & Eyewear,GOGGLES_AND_EY_0042,Mesaflow,Mesaflow Lite,1,169.99,331.04,271.84,163.67,1.2178,1.6609,Moderate,False,True,0.2638,0.38
Goggles & Eyewear,GOGGLES_AND_EY_0043,Summitform,Summitform Crest,4,412.84,2976.78,1713.88,480.73,1.7369,3.5651,Fast,False,False,0.0,0.0
Goggles & Eyewear,GOGGLES_AND_EY_0044,Northeave,Northeave Team,2,396.86,1678.64,1012.93,304.67,1.6572,3.3246,Fast,False,False,0.0,0.0
Goggles & Eyewear,GOGGLES_AND_EY_0045,Rockline,Rockline Summit,0,346.2,58.76,35.64,20.0,1.649,1.7819,Moderate,True,False,0.0,0.0
Goggles & Eyewear,GOGGLES_AND_EY_0046,Summitform,Summitform Team,8,226.3,2858.73,1881.57,783.19,1.5193,2.4025,Moderate,False,False,0.0,0.0
Goggles & Eyewear,GOGGLES_AND_EY_0047,Frostline,Frostline Pro,2,501.93,1752.67,1137.52,968.48,1.5408,1.1746,Slow,False,False,0.0,0.0
Goggles & Eyewear,GOGGLES_AND_EY_0048,Mesaflow,Mesaflow Comp,0,522.37,768.04,512.32,287.72,1.4991,1.7806,Moderate,True,False,0.0,0.0
Goggles & Eyewear,GOGGLES_AND_EY_0049,Rockline,Rockline Crest,3,178.56,940.45,678.02,711.18,1.387,0.9534,Slow,False,False,0.0,0.0
Goggles & Eyewear,GOGGLES_AND_EY_0050,Mesaflow,Mesaflow Traverse,17,26.93,713.85,461.72,198.88,1.5461,2.3216,Moderate,False,False,0.0,0.0
Goggles & Eyewear,GOGGLES_AND_EY_0051,Rockline,Rockline Enduro,30,51.1,1852.63,1566.59,588.54,1.1826,2.6618,Moderate,False,False,0.0,0.0
Goggles & Eyewear,GOGGLES_AND_EY_0052,Northeave,Northeave Elite,93,86.68,11560.89,8124.79,850.44,1.4229,9.5537,Fast,False,False,0.0,0.0
Goggles & Eyewear,GOGGLES_AND_EY_0053,Mesaflow,Mesaflow Enduro,3,575.72,2739.41,2085.28,352.81,1.3137,5.9105,Fast,False,False,0.0,0.0
Goggles & Eyewear,GOGGLES_AND_EY_0054,Summitform,Summitform Origin,44,144.46,9088.66,6403.96,1884.07,1.4192,3.399,Fast,False,False,0.0,0.0
Goggles & Eyewear,GOGGLES_AND_EY_0055,Frostline,Frostline Ascent,70,207.75,24709.62,14720.79,2805.59,1.6786,5.247,Fast,False,False,0.0,0.0
Goggles & Eyewear,GOGGLES_AND_EY_0056,Frostline,Frostline Sport,194,18.72,6500.8,3644.61,920.63,1.7837,3.9588,Fast,False,False,0.0,0.0
Goggles & Eyewear,GOGGLES_AND_EY_0057,Rockline,Rockline Ascent,8,554.39,8301.5,4931.02,1066.06,1.6835,4.6254,Fast,False,False,0.0,0.0
Goggles & Eyewear,GOGGLES_AND_EY_0058,Frostline,Frostline Sport,9,447.38,5949.65,4302.5,984.82,1.3828,4.3688,Fast,False,False,0.0,0.0
Goggles & Eyewear,GOGGLES_AND_EY_0059,Mesaflow,Mesaflow Crest,12,167.8,2750.63,2019.69,596.79,1.3619,3.3843,Fast,False,False,0.0,0.0
Goggles & Eyewear,GOGGLES_AND_EY_0060,Summitform,Summitform Trail,21,398.5,13074.15,8530.09,1556.89,1.5327,5.4789,Fast,False,False,0.0,0.0
Goggles & Eyewear,GOGGLES_AND_EY_0061,Northeave,Northeave Signature,0,515.98,681.49,443.76,311.38,1.5357,1.4251,Slow,True,True,0.2508,0.4223
Goggles & Eyewear,GOGGLES_AND_EY_0062,Mesaflow,Mesaflow Venture,8,536.74,5494.96,4598.23,726.79,1.195,6.3268,Fast,False,False,0.0,0.0
Goggles & Eyewear,GOGGLES_AND_EY_0063,Summitform,Summitform MAX,33,432.94,24269.43,14541.88,1901.44,1.6689,7.6478,Fast,False,False,0.0,0.0
Goggles & Eyewear,GOGGLES_AND_EY_0064,Rockline,Rockline Series II,2,309.66,1272.79,848.17,236.7,1.5006,3.5833,Fast,False,False,0.0,0.0
Goggles & Eyewear,GOGGLES_AND_EY_0065,Summitform,Summitform Trail,1,165.83,444.8,314.32,312.74,1.4151,1.0051,Slow,False,False,0.0,0.0
Goggles & Eyewear,GOGGLES_AND_EY_0066,Summitform,Summitform Enduro,5,408.9,4059.28,2218.59,882.48,1.8297,2.514,Moderate,False,True,0.1488,0.3218
Goggles & Eyewear,GOGGLES_AND_EY_0067,Opentrail,Opentrail Series II,1,62.86,102.15,63.9,28.93,1.5987,2.2088,Moderate,False,False,0.0,0.0
Goggles & Eyewear,GOGGLES_AND_EY_0068,Frostline,Frostline Xpedition,2,290.1,1025.57,681.97,325.02,1.5038,2.0982,Moderate,False,False,0.0,0.0
Goggles & Eyewear,GOGGLES_AND_EY_0069,Rockline,Rockline Enduro,1,433.47,1345.75,852.39,603.05,1.5788,1.4135,Slow,False,False,0.0,0.0
Goggles & Eyewear,GOGGLES_AND_EY_0070,Opentrail,Opentrail Sport,1,246.85,599.66,385.03,222.48,1.5574,1.7306,Moderate,False,False,0.0,0.0
Goggles & Eyewear,GOGGLES_AND_EY_0071,Northeave,Northeave Tour,4,185.11,1347.46,828.07,574.77,1.6272,1.4407,Slow,False,False,0.0,0.0
Goggles & Eyewear,GOGGLES_AND_EY_0072,Mesaflow,Mesaflow Summit,11,91.35,1875.08,1061.41,227.17,1.7666,4.6724,Fast,False,False,0.0,0.0
Goggles & Eyewear,GOGGLES_AND_EY_0073,Summitform,Summitform Summit,0,604.77,122.24,91.2,20.0,1.3403,4.5599,Fast,True,False,0.0,0.0
Goggles & Eyewear,GOGGLES_AND_EY_0074,Opentrail,Opentrail Xpedition,0,608.39,185.97,117.42,72.17,1.5838,1.627,Moderate,True,False,0.0,0.0
Goggles & Eyewear,GOGGLES_AND_EY_0075,Frostline,Frostline Enduro,7,489.7,5206.88,3656.21,1245.39,1.4241,2.9358,Moderate,False,False,0.0,0.0
Goggles & Eyewear,GOGGLES_AND_EY_0076,Rockline,Rockline Foundation,4,330.93,2120.49,1357.66,200.3,1.5619,6.7783,Fast,False,False,0.0,0.0
Goggles & Eyewear,GOGGLES_AND_EY_0077,Summitform,Summitform Ascent,11,466.52,8223.84,5527.82,3729.93,1.4877,1.482,Slow,False,False,0.0,0.0
Goggles & Eyewear,GOGGLES_AND_EY_0078,Opentrail,Opentrail Comp,3,215.7,987.81,731.8,318.94,1.3498,2.2945,Moderate,False,False,0.0,0.0
Goggles & Eyewear,GOGGLES_AND_EY_0079,Opentrail,Opentrail Signature,5,460.97,4051.61,2712.82,406.74,1.4935,6.6697,Fast,False,False,0.0,0.0
Goggles & Eyewear,GOGGLES_AND_EY_0080,Mesaflow,Mesaflow Lite,0,152.06,239.47,146.21,99.34,1.6378,1.4719,Slow,True,False,0.0,0.0
Goggles & Eyewear,GOGGLES_AND_EY_0081,Opentrail,Opentrail MAX,6,38.91,386.83,269.42,264.17,1.4358,1.0199,Slow,False,False,0.0,0.0
Goggles & Eyewear,GOGGLES_AND_EY_0082,Frostline,Frostline Summit,9,258.78,3816.34,2548.89,1418.44,1.4973,1.797,Moderate,False,False,0.0,0.0
Goggles & Eyewear,GOGGLES_AND_EY_0083,Mesaflow,Mesaflow Xpedition,1,536.02,879.43,631.1,136.25,1.3935,4.6318,Fast,False,False,0.0,0.0
Goggles & Eyewear,GOGGLES_AND_EY_0084,Frostline,Frostline Base,2,470.47,2033.21,1228.61,390.03,1.6549,3.15,Fast,False,False,0.0,0.0
Goggles & Eyewear,GOGGLES_AND_EY_0085,Summitform,Summitform Traverse,0,345.47,455.88,335.27,62.47,1.3597,5.3672,Fast,True,False,0.0,0.0
Goggles & Eyewear,GOGGLES_AND_EY_0086,Opentrail,Opentrail Lite,13,237.97,5331.43,3210.04,990.57,1.6609,3.2406,Fast,False,False,0.0,0.0
Goggles & Eyewear,GOGGLES_AND_EY_0087,Frostline,Frostline Lite,1,44.33,88.02,61.4,20.0,1.4336,3.0698,Fast,False,True,0.05,0.3885
Goggles & Eyewear,GOGGLES_AND_EY_0088,Mesaflow,Mesaflow Apex,0,322.15,46.59,36.88,23.57,1.2632,1.5646,Moderate,True,False,0.0,0.0
Goggles & Eyewear,GOGGLES_AND_EY_0089,Mesaflow,Mesaflow Ridge,0,232.19,143.14,102.26,106.69,1.3997,0.9585,Slow,True,True,0.274,0.6149
Goggles & Eyewear,GOGGLES_AND_EY_0090,Frostline,Frostline Xpedition,3,387.63,1886.89,1424.15,429.29,1.3249,3.3174,Fast,False,False,0.0,0.0
Goggles & Eyewear,GOGGLES_AND_EY_0091,Summitform,Summitform Xpedition,2,498.37,1895.59,1454.53,642.93,1.3032,2.2623,Moderate,False,False,0.0,0.0
Goggles & Eyewear,GOGGLES_AND_EY_0092,Rockline,Rockline Crest,24,178.36,7457.19,4433.36,981.55,1.6821,4.5167,Fast,False,False,0.0,0.0
Goggles & Eyewear,GOGGLES_AND_EY_0093,Mesaflow,Mesaflow Summit,4,474.43,2807.55,2134.67,311.77,1.3152,6.8469,Fast,False,False,0.0,0.0
Goggles & Eyewear,GOGGLES_AND_EY_0094,Frostline,Frostline Lite,9,485.11,5923.08,4506.11,1752.99,1.3145,2.5705,Moderate,False,False,0.0,0.0
Goggles & Eyewear,GOGGLES_AND_EY_0095,Northeave,Northeave Xpedition,19,116.47,3830.08,2284.54,903.7,1.6765,2.528,Moderate,False,False,0.0,0.0
Goggles & Eyewear,GOGGLES_AND_EY_0096,Frostline,Frostline Foundation,4,51.22,427.38,239.4,126.99,1.7852,1.8852,Moderate,False,True,0.1738,0.4493
Goggles & Eyewear,GOGGLES_AND_EY_0097,Opentrail,Opentrail Venture,0,291.69,90.35,63.92,20.0,1.4134,3.1962,Fast,True,False,0.0,0.0
Goggles & Eyewear,GOGGLES_AND_EY_0098,Rockline,Rockline MAX,0,643.68,1053.56,618.67,69.95,1.703,8.8449,Fast,True,False,0.0,0.0
Goggles & Eyewear,GOGGLES_AND_EY_0099,Northeave,Northeave MAX,23,213.17,6890.87,4952.99,3125.93,1.3913,1.5845,Moderate,False,False,0.0,0.0
Goggles & Eyewear,GOGGLES_AND_EY_0100,Mesaflow,Mesaflow Xpedition,2,547.99,2068.02,1240.41,1542.91,1.6672,0.8039,Slow,False,True,0.3043,0.5163
Goggles & Eyewear,GOGGLES_AND_EY_0101,Summitform,Summitform Elite,18,78.89,2189.9,1483.39,1247.54,1.4763,1.1891,Slow,False,True,0.1658,0.5064
Goggles & Eyewear,GOGGLES_AND_EY_0102,Rockline,Rockline Signature,5,575.91,3866.06,3052.02,612.77,1.2667,4.9807,Fast,False,False,0.0,0.0
Goggles & Eyewear,GOGGLES_AND_EY_0103,Frostline,Frostline Pro,64,123.59,13038.34,7988.75,748.68,1.6321,10.6705,Fast,False,False,0.0,0.0
Goggles & Eyewear,GOGGLES_AND_EY_0104,Northeave,Northeave Series II,2,464.89,2104.19,1362.92,553.26,1.5439,2.4634,Moderate,False,False,0.0,0.0
Goggles & Eyewear,GOGGLES_AND_EY_0105,Northeave,Northeave LTD,2,374.21,1356.04,795.22,1010.41,1.7052,0.787,Slow,False,True,0.2367,0.4852
Goggles & Eyewear,GOGGLES_AND_EY_0106,Opentrail,Opentrail Crest,4,177.65,1425.55,831.64,198.41,1.7141,4.1915,Fast,False,False,0.0,0.0
Goggles & Eyewear,GOGGLES_AND_EY_0107,Mesaflow,Mesaflow Signature,56,148.84,11522.76,8360.61,2182.23,1.3782,3.8312,Fast,False,False,0.0,0.0
Goggles & Eyewear,GOGGLES_AND_EY_0108,Summitform,Summitform Venture,2,584.79,2021.99,1615.69,1643.64,1.2515,0.983,Slow,False,True,0.2985,0.55
Goggles & Eyewear,GOGGLES_AND_EY_0109,Opentrail,Opentrail Venture,4,283.63,2006.69,1301.45,884.54,1.5419,1.4713,Slow,False,False,0.0,0.0
Goggles & Eyewear,GOGGLES_AND_EY_0110,Opentrail,Opentrail Crest,2,465.8,1275.16,944.52,1048.35,1.3501,0.901,Slow,False,False,0.0,0.0
Goggles & Eyewear,GOGGLES_AND_EY_0111,Frostline,Frostline Trail,0,432.51,115.21,78.27,20.0,1.472,3.9133,Fast,True,False,0.0,0.0
Goggles & Eyewear,GOGGLES_AND_EY_0112,Rockline,Rockline Apex,2,137.67,682.68,411.59,142.9,1.6587,2.8802,Moderate,False,False,0.0,0.0
Goggles & Eyewear,GOGGLES_AND_EY_0113,Frostline,Frostline LTD,0,648.66,426.63,295.27,154.79,1.4449,1.9076,Moderate,True,False,0.0,0.0
Goggles & Eyewear,GOGGLES_AND_EY_0114,Mesaflow,Mesaflow Lite,26,36.64,1797.2,980.86,233.55,1.8323,4.1998,Fast,False,False,0.0,0.0
Goggles & Eyewear,GOGGLES_AND_EY_0115,Summitform,Summitform Tour,0,322.97,251.8,152.35,20.0,1.6528,7.6176,Fast,True,False,0.0,0.0
Goggles & Eyewear,GOGGLES_AND_EY_0116,Summitform,Summitform Tour,3,281.63,1767.41,1020.45,745.35,1.732,1.3691,Slow,False,True,0.1759,0.5302
Goggles & Eyewear,GOGGLES_AND_EY_0117,Summitform,Summitform Enduro,1,170.4,481.99,272.95,98.31,1.7659,2.7762,Moderate,False,False,0.0,0.0
Goggles & Eyewear,GOGGLES_AND_EY_0118,Summitform,Summitform X1,6,621.91,7083.93,4140.64,1739.66,1.7108,2.3802,Moderate,False,False,0.0,0.0
Goggles & Eyewear,GOGGLES_AND_EY_0119,Mesaflow,Mesaflow Lite,0,409.99,445.5,378.18,139.25,1.178,2.7157,Moderate,True,False,0.0,0.0
Goggles & Eyewear,GOGGLES_AND_EY_0120,Rockline,Rockline Carbon,10,67.81,1142.93,724.64,251.0,1.5772,2.887,Moderate,False,False,0.0,0.0
Goggles & Eyewear,GOGGLES_AND_EY_0121,Summitform,Summitform LTD,1,483.29,1117.13,705.68,809.39,1.583,0.8719,Slow,False,True,0.2321,0.6118
Goggles & Eyewear,GOGGLES_AND_EY_0122,Opentrail,Opentrail Tour,5,458.41,3211.06,2368.34,1317.9,1.3558,1.7971,Moderate,False,False,0.0,0.0
Goggles & Eyewear,GOGGLES_AND_EY_0123,Opentrail,Opentrail Carbon,3,257.29,1430.47,980.89,579.96,1.4583,1.6913,Moderate,False,False,0.0,0.0
Goggles & Eyewear,GOGGLES_AND_EY_0124,Mesaflow,Mesaflow Enduro,3,280.56,1492.83,1028.71,283.37,1.4512,3.6303,Fast,False,False,0.0,0.0
Goggles & Eyewear,GOGGLES_AND_EY_0125,Rockline,Rockline X1,1,441.33,1091.49,803.82,426.57,1.3579,1.8844,Moderate,False,True,0.2893,0.4369
Goggles & Eyewear,GOGGLES_AND_EY_0126,Rockline,Rockline X1,5,311.7,2463.46,1866.08,1097.05,1.3201,1.701,Moderate,False,True,0.2116,0.4806
Goggles & Eyewear,GOGGLES_AND_EY_0127,Opentrail,Opentrail Pro,8,378.39,5143.18,3227.46,810.83,1.5936,3.9804,Fast,False,True,0.0821,0.3665
Goggles & Eyewear,GOGGLES_AND_EY_0128,Mesaflow,Mesaflow Ascent,0,581.22,817.51,458.07,99.6,1.7847,4.5988,Fast,True,False,0.0,0.0
Goggles & Eyewear,GOGGLES_AND_EY_0129,Summitform,Summitform Tour,7,479.35,4306.86,3697.35,684.52,1.1649,5.4014,Fast,False,False,0.0,0.0
Goggles & Eyewear,GOGGLES_AND_EY_0130,Summitform,Summitform Ascent,0,409.56,75.06,46.05,20.0,1.6301,2.3024,Moderate,True,False,0.0,0.0
Goggles & Eyewear,GOGGLES_AND_EY_0131,Opentrail,Opentrail Foundation,0,355.51,185.7,140.71,88.22,1.3197,1.595,Moderate,True,False,0.0,0.0
Goggles & Eyewear,GOGGLES_AND_EY_0132,Summitform,Summitform Enduro,0,375.75,168.05,106.3,50.13,1.581,2.1206,Moderate,True,False,0.0,0.0
Goggles & Eyewear,GOGGLES_AND_EY_0133,Mesaflow,Mesaflow Elite,0,324.0,288.04,155.89,149.66,1.8477,1.0416,Slow,True,False,0.0,0.0
Goggles & Eyewear,GOGGLES_AND_EY_0134,Mesaflow,Mesaflow Ascent,23,326.1,12102.46,7637.7,1253.62,1.5846,6.0925,Fast,False,False,0.0,0.0
Goggles & Eyewear,GOGGLES_AND_EY_0135,Opentrail,Opentrail Origin,57,114.26,9357.14,6538.73,897.08,1.431,7.2889,Fast,False,False,0.0,0.0
Goggles & Eyewear,GOGGLES_AND_EY_0136,Mesaflow,Mesaflow Trail,5,504.51,3969.82,2753.86,1129.77,1.4415,2.4375,Moderate,False,False,0.0,0.0
Goggles & Eyewear,GOGGLES_AND_EY_0137,Rockline,Rockline Base,0,606.64,160.72,119.36,20.0,1.3465,5.9682,Fast,True,False,0.0,0.0
Goggles & Eyewear,GOGGLES_AND_EY_0138,Northeave,Northeave X1,3,568.71,2374.84,2054.13,1371.85,1.1561,1.4973,Slow,False,False,0.0,0.0
Goggles & Eyewear,GOGGLES_AND_EY_0139,Mesaflow,Mesaflow Ascent,0,373.62,199.46,116.22,40.85,1.7163,2.845,Moderate,True,False,0.0,0.0
Goggles & Eyewear,GOGGLES_AND_EY_0140,Mesaflow,Mesaflow Ascent,7,388.76,4525.49,2762.97,1952.64,1.6379,1.415,Slow,False,False,0.0,0.0
Goggles & Eyewear,GOGGLES_AND_EY_0141,Northeave,Northeave Crest,1,437.8,888.8,565.02,57.43,1.573,9.8384,Fast,False,False,0.0,0.0
Goggles & Eyewear,GOGGLES_AND_EY_0142,Summitform,Summitform Enduro,6,305.12,3172.66,1931.03,838.59,1.643,2.3027,Moderate,False,False,0.0,0.0
Goggles & Eyewear,GOGGLES_AND_EY_0143,Frostline,Frostline LTD,13,46.32,969.96,621.72,305.81,1.5601,2.0331,Moderate,False,False,0.0,0.0
Goggles & Eyewear,GOGGLES_AND_EY_0144,Frostline,Frostline Tour,1,291.04,485.99,354.2,177.51,1.3721,1.9954,Moderate,False,False,0.0,0.0
Goggles & Eyewear,GOGGLES_AND_EY_0145,Mesaflow,Mesaflow Ascent,13,454.83,8118.5,5915.55,731.58,1.3724,8.0859,Fast,False,False,0.0,0.0
Goggles & Eyewear,GOGGLES_AND_EY_0146,Frostline,Frostline Carbon,1,49.55,68.76,67.41,20.0,1.02,3.3707,Fast,False,False,0.0,0.0
Goggles & Eyewear,GOGGLES_AND_EY_0147,Rockline,Rockline Traverse,0,612.66,507.96,298.52,79.79,1.7016,3.7412,Fast,True,False,0.0,0.0
Goggles & Eyewear,GOGGLES_AND_EY_0148,Mesaflow,Mesaflow Origin,3,261.3,1061.71,817.25,355.75,1.2991,2.2973,Moderate,False,False,0.0,0.0
Goggles & Eyewear,GOGGLES_AND_EY_0149,Opentrail,Opentrail LTD,0,253.18,103.17,81.22,94.21,1.2702,0.8621,Slow,True,False,0.0,0.0
Goggles & Eyewear,GOGGLES_AND_EY_0150,Rockline,Rockline Tour,0,189.41,172.24,168.87,56.92,1.02,2.9667,Moderate,True,False,0.0,0.0
Goggles & Eyewear,GOGGLES_AND_EY_0151,Frostline,Frostline Crest,1,307.67,876.79,519.07,278.7,1.6891,1.8625,Moderate,False,False,0.0,0.0
Goggles & Eyewear,GOGGLES_AND_EY_0152,Frostline,Frostline Series II,3,292.35,1516.12,901.65,609.24,1.6815,1.48,Slow,False,False,0.0,0.0
Goggles & Eyewear,GOGGLES_AND_EY_0153,Opentrail,Opentrail Sport,19,118.33,2732.23,2283.54,524.59,1.1965,4.353,Fast,False,False,0.0,0.0
Goggles & Eyewear,GOGGLES_AND_EY_0154,Frostline,Frostline Sport,91,158.75,25010.44,14527.62,5821.62,1.7216,2.4955,Moderate,False,False,0.0,0.0
Goggles & Eyewear,GOGGLES_AND_EY_0155,Summitform,Summitform Crest,11,283.36,4344.41,3200.58,1313.81,1.3574,2.4361,Moderate,False,False,0.0,0.0
Goggles & Eyewear,GOGGLES_AND_EY_0156,Northeave,Northeave Venture,0,549.65,272.16,190.13,33.13,1.4314,5.7383,Fast,True,False,0.0,0.0
Goggles & Eyewear,GOGGLES_AND_EY_0157,Northeave,Northeave Team,0,97.25,176.03,93.55,113.5,1.8816,0.8243,Slow,True,False,0.0,0.0
Goggles & Eyewear,GOGGLES_AND_EY_0158,Rockline,Rockline Ascent,73,61.02,5943.75,4461.07,1914.45,1.3324,2.3302,Moderate,False,False,0.0,0.0
Goggles & Eyewear,GOGGLES_AND_EY_0159,Opentrail,Opentrail Summit,0,479.02,302.89,183.19,91.02,1.6534,2.0126,Moderate,True,False,0.0,0.0
Gloves & Handwear,GLOVES_AND_HAN_0001,Clearwater,Clearwater Ridge,1,368.9,1070.98,617.74,75.85,1.7337,8.1439,Fast,False,False,0.0,0.0
Gloves & Handwear,GLOVES_AND_HAN_0002,Shorebreak,Shorebreak X1,3,389.85,2244.34,1329.91,506.8,1.6876,2.6242,Moderate,False,False,0.0,0.0
Gloves & Handwear,GLOVES_AND_HAN_0003,Shorebreak,Shorebreak Elite,0,322.67,138.73,102.58,25.45,1.3524,4.0302,Fast,True,False,0.0,0.0
Gloves & Handwear,GLOVES_AND_HAN_0004,Terracross,Terracross Tour,11,474.71,9687.52,5226.5,668.23,1.8535,7.8214,Fast,False,False,0.0,0.0
Gloves & Handwear,GLOVES_AND_HAN_0005,Trailhead,Trailhead Summit,1,313.77,857.62,472.66,129.15,1.8145,3.6598,Fast,False,False,0.0,0.0
Gloves & Handwear,GLOVES_AND_HAN_0006,Trailhead,Trailhead Origin,3,264.37,1687.33,1014.21,266.75,1.6637,3.8021,Fast,False,False,0.0,0.0
Gloves & Handwear,GLOVES_AND_HAN_0007,Clearwater,Clearwater Ridge,0,634.25,307.57,245.92,43.35,1.2507,5.6734,Fast,True,False,0.0,0.0
Gloves & Handwear,GLOVES_AND_HAN_0008,Trailhead,Trailhead Elite,28,62.88,2784.26,1811.79,379.98,1.5367,4.7681,Fast,False,False,0.0,0.0
Gloves & Handwear,GLOVES_AND_HAN_0009,Clearwater,Clearwater Pro,0,469.48,487.02,295.88,159.48,1.646,1.8554,Moderate,True,False,0.0,0.0
Gloves & Handwear,GLOVES_AND_HAN_0010,Shorebreak,Shorebreak X1,3,241.84,1478.95,774.74,270.9,1.909,2.8599,Moderate,False,False,0.0,0.0
Gloves & Handwear,GLOVES_AND_HAN_0011,Clearwater,Clearwater Traverse,4,649.97,5003.68,2756.66,445.4,1.8151,6.1892,Fast,False,False,0.0,0.0
Gloves & Handwear,GLOVES_AND_HAN_0012,Duskridge,Duskridge Signature,8,597.59,5408.37,5109.54,1216.55,1.0585,4.2,Fast,False,False,0.0,0.0
Gloves & Handwear,GLOVES_AND_HAN_0013,Shorebreak,Shorebreak Enduro,33,46.33,2741.63,1545.14,1192.83,1.7744,1.2954,Slow,False,False,0.0,0.0
Gloves & Handwear,GLOVES_AND_HAN_0014,Terracross,Terracross Foundation,14,58.5,1356.49,833.13,125.63,1.6282,6.6314,Fast,False,False,0.0,0.0
Gloves & Handwear,GLOVES_AND_HAN_0015,Alpenglow,Alpenglow Series II,7,360.46,4763.01,2838.51,1408.41,1.678,2.0154,Moderate,False,False,0.0,0.0
Gloves & Handwear,GLOVES_AND_HAN_0016,Duskridge,Duskridge X1,1,612.91,1262.23,743.79,199.81,1.697,3.7225,Fast,False,False,0.0,0.0
Gloves & Handwear,GLOVES_AND_HAN_0017,Terracross,Terracross LTD,0,329.14,300.73,190.71,20.0,1.5769,9.5353,Fast,True,False,0.0,0.0
Gloves & Handwear,GLOVES_AND_HAN_0018,Clearwater,Clearwater Carbon,28,284.23,14159.08,8186.41,2657.01,1.7296,3.0811,Fast,False,False,0.0,0.0
Gloves & Handwear,GLOVES_AND_HAN_0019,Trailhead,Trailhead X1,3,116.17,737.07,458.12,209.07,1.6089,2.1912,Moderate,False,False,0.0,0.0
Gloves & Handwear,GLOVES_AND_HAN_0020,Shorebreak,Shorebreak Ridge,0,121.7,136.59,69.95,20.0,1.9528,3.4974,Fast,True,False,0.0,0.0
Gloves & Handwear,GLOVES_AND_HAN_0021,Trailhead,Trailhead MAX,3,481.6,2873.34,1700.82,415.56,1.6894,4.0929,Fast,False,False,0.0,0.0
Gloves & Handwear,GLOVES_AND_HAN_0022,Alpenglow,Alpenglow Origin,5,400.13,3279.11,2226.5,425.66,1.4728,5.2307,Fast,False,False,0.0,0.0
Gloves & Handwear,GLOVES_AND_HAN_0023,Trailhead,Trailhead Venture,3,563.29,3464.89,1854.78,326.84,1.8681,5.675,Fast,False,False,0.0,0.0
Gloves & Handwear,GLOVES_AND_HAN_0024,Duskridge,Duskridge Series II,0,274.92,330.73,213.05,44.06,1.5523,4.8355,Fast,True,False,0.0,0.0
Gloves & Handwear,GLOVES_AND_HAN_0025,Clearwater,Clearwater Elite,7,473.14,6787.61,3421.9,716.35,1.9836,4.7769,Fast,False,False,0.0,0.0
Gloves & Handwear,GLOVES_AND_HAN_0026,Alpenglow,Alpenglow Apex,2,392.29,1378.24,876.23,300.58,1.5729,2.9151,Moderate,False,False,0.0,0.0
Gloves & Handwear,GLOVES_AND_HAN_0027,Duskridge,Duskridge Comp,0,576.58,114.78,76.74,20.0,1.4958,3.8368,Fast,True,False,0.0,0.0
Gloves & Handwear,GLOVES_AND_HAN_0028,Terracross,Terracross Comp,2,253.22,1223.59,579.91,147.51,2.11,3.9313,Fast,False,False,0.0,0.0
Gloves & Handwear,GLOVES_AND_HAN_0029,Clearwater,Clearwater Origin,0,127.33,178.99,120.27,20.0,1.4883,6.0133,Fast,True,False,0.0,0.0
Gloves & Handwear,GLOVES_AND_HAN_0030,Trailhead,Trailhead Enduro,3,174.43,944.67,623.72,218.71,1.5146,2.8518,Moderate,False,False,0.0,0.0
Gloves & Handwear,GLOVES_AND_HAN_0031,Terracross,Terracross Trail,3,164.91,879.59,501.72,84.42,1.7531,5.9431,Fast,False,False,0.0,0.0
Gloves & Handwear,GLOVES_AND_HAN_0032,Duskridge,Duskridge Comp,0,372.47,132.59,100.11,47.27,1.3244,2.118,Moderate,True,False,0.0,0.0
Gloves & Handwear,GLOVES_AND_HAN_0033,Shorebreak,Shorebreak Trail,2,487.84,2162.2,1155.9,395.28,1.8706,2.9242,Moderate,False,False,0.0,0.0
Gloves & Handwear,GLOVES_AND_HAN_0034,Alpenglow,Alpenglow Lite,9,85.23,1085.27,805.22,69.84,1.3478,11.5292,Fast,False,False,0.0,0.0
Gloves & Handwear,GLOVES_AND_HAN_0035,Duskridge,Duskridge Team,5,242.5,1874.65,1299.09,294.13,1.4431,4.4168,Fast,False,False,0.0,0.0
Gloves & Handwear,GLOVES_AND_HAN_0036,Terracross,Terracross Traverse,5,235.79,2144.47,1299.78,130.53,1.6499,9.9574,Fast,False,False,0.0,0.0
Gloves & Handwear,GLOVES_AND_HAN_0037,Clearwater,Clearwater Base,17,25.89,820.91,440.23,96.3,1.8647,4.5714,Fast,False,False,0.0,0.0
Gloves & Handwear,GLOVES_AND_HAN_0038,Terracross,Terracross Crest,4,339.5,2862.04,1560.65,741.17,1.8339,2.1057,Moderate,False,False,0.0,0.0
Gloves & Handwear,GLOVES_AND_HAN_0039,Trailhead,Trailhead Ascent,1,592.3,935.91,592.93,86.22,1.5785,6.8769,Fast,False,False,0.0,0.0
Gloves & Handwear,GLOVES_AND_HAN_0040,Clearwater,Clearwater Apex,1,535.11,1462.32,792.01,228.32,1.8463,3.4688,Fast,False,False,0.0,0.0
Gloves & Handwear,GLOVES_AND_HAN_0041,Shorebreak,Shorebreak Base,0,607.51,693.65,428.37,120.53,1.6193,3.5541,Fast,True,False,0.0,0.0
Gloves & Handwear,GLOVES_AND_HAN_0042,Trailhead,Trailhead Carbon,4,178.29,1309.4,838.25,289.13,1.5621,2.8992,Moderate,False,False,0.0,0.0
Gloves & Handwear,GLOVES_AND_HAN_0043,Trailhead,Trailhead Elite,0,263.7,207.08,115.26,29.0,1.7966,3.9747,Fast,True,False,0.0,0.0
Gloves & Handwear,GLOVES_AND_HAN_0044,Duskridge,Duskridge Signature,3,450.18,2343.31,1449.09,476.19,1.6171,3.0431,Fast,False,False,0.0,0.0
Gloves & Handwear,GLOVES_AND_HAN_0045,Shorebreak,Shorebreak Venture,3,238.76,1208.14,819.4,51.81,1.4744,15.8155,Fast,False,False,0.0,0.0
Gloves & Handwear,GLOVES_AND_HAN_0046,Clearwater,Clearwater Lite,31,28.88,1628.24,901.54,150.57,1.8061,5.9876,Fast,False,False,0.0,0.0
Gloves & Handwear,GLOVES_AND_HAN_0047,Shorebreak,Shorebreak X1,4,109.53,858.03,522.75,130.21,1.6414,4.0148,Fast,False,False,0.0,0.0
Gloves & Handwear,GLOVES_AND_HAN_0048,Duskridge,Duskridge Carbon,1,335.06,632.82,336.92,40.09,1.8783,8.4042,Fast,False,False,0.0,0.0
Gloves & Handwear,GLOVES_AND_HAN_0049,Trailhead,Trailhead Lite,1,605.37,1461.13,1062.34,279.47,1.3754,3.8013,Fast,False,False,0.0,0.0
Gloves & Handwear,GLOVES_AND_HAN_0050,Alpenglow,Alpenglow Series II,1,583.99,1358.94,729.39,447.77,1.8631,1.6289,Moderate,False,False,0.0,0.0
Gloves & Handwear,GLOVES_AND_HAN_0051,Clearwater,Clearwater LTD,0,329.98,184.31,112.29,50.75,1.6414,2.2125,Moderate,True,False,0.0,0.0
Gloves & Handwear,GLOVES_AND_HAN_0052,Clearwater,Clearwater Xpedition,0,255.09,103.23,58.35,20.0,1.7693,2.9173,Moderate,True,False,0.0,0.0
Gloves & Handwear,GLOVES_AND_HAN_0053,Trailhead,Trailhead Carbon,0,454.56,593.72,328.09,102.96,1.8096,3.1865,Fast,True,False,0.0,0.0
Gloves & Handwear,GLOVES_AND_HAN_0054,Alpenglow,Alpenglow Lite,0,451.89,70.88,45.84,20.21,1.5463,2.2683,Moderate,True,False,0.0,0.0
Gloves & Handwear,GLOVES_AND_HAN_0055,Clearwater,Clearwater Summit,27,159.41,7011.23,4406.83,730.56,1.591,6.0321,Fast,False,False,0.0,0.0
Gloves & Handwear,GLOVES_AND_HAN_0056,Alpenglow,Alpenglow Venture,8,417.77,5584.28,3623.5,461.16,1.5411,7.8574,Fast,False,False,0.0,0.0
Gloves & Handwear,GLOVES_AND_HAN_0057,Shorebreak,Shorebreak Ridge,0,107.92,52.94,35.94,20.0,1.473,1.7971,Moderate,True,False,0.0,0.0
Gloves & Handwear,GLOVES_AND_HAN_0058,Shorebreak,Shorebreak LTD,0,545.67,808.28,393.85,117.4,2.0523,3.3548,Fast,True,False,0.0,0.0
Gloves & Handwear,GLOVES_AND_HAN_0059,Alpenglow,Alpenglow LTD,4,368.39,2884.09,1612.93,420.65,1.7881,3.8344,Fast,False,False,0.0,0.0
Gloves & Handwear,GLOVES_AND_HAN_0060,Terracross,Terracross Signature,0,326.33,244.27,120.75,38.11,2.023,3.1685,Fast,True,False,0.0,0.0
Gloves & Handwear,GLOVES_AND_HAN_0061,Trailhead,Trailhead Pro,1,284.49,466.08,350.1,29.08,1.3313,12.0374,Fast,False,False,0.0,0.0
Gloves & Handwear,GLOVES_AND_HAN_0062,Duskridge,Duskridge Tour,1,535.08,1752.5,944.77,266.38,1.8549,3.5468,Fast,False,False,0.0,0.0
Gloves & Handwear,GLOVES_AND_HAN_0063,Alpenglow,Alpenglow Team,2,139.31,542.92,302.15,84.85,1.7969,3.561,Fast,False,False,0.0,0.0
Gloves & Handwear,GLOVES_AND_HAN_0064,Trailhead,Trailhead Origin,1,372.26,963.78,530.17,270.47,1.8179,1.9602,Moderate,False,False,0.0,0.0
Gloves & Handwear,GLOVES_AND_HAN_0065,Clearwater,Clearwater Origin,0,357.63,535.49,307.14,86.66,1.7435,3.5441,Fast,True,False,0.0,0.0
Gloves & Handwear,GLOVES_AND_HAN_0066,Terracross,Terracross Sport,0,174.32,126.83,77.83,41.68,1.6295,1.8672,Moderate,True,False,0.0,0.0
Gloves & Handwear,GLOVES_AND_HAN_0067,Clearwater,Clearwater Pro,10,534.43,10195.82,5378.86,215.15,1.8955,25.0,Fast,False,False,0.0,0.0
Gloves & Handwear,GLOVES_AND_HAN_0068,Duskridge,Duskridge Enduro,1,376.48,1278.27,735.48,170.29,1.738,4.319,Fast,False,False,0.0,0.0
Gloves & Handwear,GLOVES_AND_HAN_0069,Alpenglow,Alpenglow Team,14,542.22,12667.32,7666.25,683.3,1.6523,11.2195,Fast,False,False,0.0,0.0
Gloves & Handwear,GLOVES_AND_HAN_0070,Duskridge,Duskridge Ridge,10,100.57,1554.47,1101.36,297.32,1.4114,3.7043,Fast,False,False,0.0,0.0
Gloves & Handwear,GLOVES_AND_HAN_0071,Terracross,Terracross Summit,22,499.69,17231.6,11201.34,1820.72,1.5384,6.1521,Fast,False,False,0.0,0.0
Gloves & Handwear,GLOVES_AND_HAN_0072,Trailhead,Trailhead Base,4,362.44,3065.38,1769.58,95.39,1.7323,18.5505,Fast,False,False,0.0,0.0
Gloves & Handwear,GLOVES_AND_HAN_0073,Trailhead,Trailhead Base,1,559.93,1564.19,872.5,354.31,1.7928,2.4625,Moderate,False,False,0.0,0.0
Gloves & Handwear,GLOVES_AND_HAN_0074,Shorebreak,Shorebreak Lite,14,76.84,2077.11,1140.64,387.1,1.821,2.9466,Moderate,False,False,0.0,0.0
Gloves & Handwear,GLOVES_AND_HAN_0075,Shorebreak,Shorebreak Origin,7,92.7,964.84,659.63,138.26,1.4627,4.771,Fast,False,False,0.0,0.0
Gloves & Handwear,GLOVES_AND_HAN_0076,Shorebreak,Shorebreak Trail,21,259.15,9941.43,5696.86,849.76,1.7451,6.7041,Fast,False,False,0.0,0.0
Gloves & Handwear,GLOVES_AND_HAN_0077,Alpenglow,Alpenglow Traverse,83,30.65,4387.39,2561.04,723.24,1.7131,3.541,Fast,False,False,0.0,0.0
Gloves & Handwear,GLOVES_AND_HAN_0078,Duskridge,Duskridge Signature,1,436.78,642.34,478.7,103.34,1.3419,4.6324,Fast,False,False,0.0,0.0
Gloves & Handwear,GLOVES_AND_HAN_0079,Trailhead,Trailhead Ascent,4,167.64,1465.22,828.28,306.43,1.769,2.703,Moderate,False,False,0.0,0.0
Gloves & Handwear,GLOVES_AND_HAN_0080,Terracross,Terracross Comp,0,524.13,476.51,299.13,121.99,1.593,2.4521,Moderate,True,False,0.0,0.0
Gloves & Handwear,GLOVES_AND_HAN_0081,Terracross,Terracross MAX,6,109.11,1132.73,677.51,126.72,1.6719,5.3464,Fast,False,False,0.0,0.0
Gloves & Handwear,GLOVES_AND_HAN_0082,Duskridge,Duskridge Signature,9,333.44,5131.2,3089.16,1543.93,1.661,2.0008,Moderate,False,True,0.1726,0.38
Gloves & Handwear,GLOVES_AND_HAN_0083,Shorebreak,Shorebreak Elite,0,630.06,107.52,61.78,20.0,1.7404,3.0889,Fast,True,False,0.0,0.0
Gloves & Handwear,GLOVES_AND_HAN_0084,Terracross,Terracross Origin,3,286.99,1675.4,933.95,159.21,1.7939,5.8661,Fast,False,False,0.0,0.0
Gloves & Handwear,GLOVES_AND_HAN_0085,Duskridge,Duskridge Series II,31,254.39,13883.42,7995.06,574.67,1.7365,13.9124,Fast,False,False,0.0,0.0
Gloves & Handwear,GLOVES_AND_HAN_0086,Trailhead,Trailhead Tour,0,445.67,370.3,219.91,107.48,1.6839,2.046,Moderate,True,False,0.0,0.0
Gloves & Handwear,GLOVES_AND_HAN_0087,Duskridge,Duskridge Xpedition,5,151.85,1215.71,772.04,164.01,1.5747,4.7072,Fast,False,False,0.0,0.0
Gloves & Handwear,GLOVES_AND_HAN_0088,Clearwater,Clearwater Xpedition,16,213.83,6578.39,3507.74,1114.63,1.8754,3.147,Fast,False,False,0.0,0.0
Gloves & Handwear,GLOVES_AND_HAN_0089,Terracross,Terracross Xpedition,8,642.49,8857.91,5370.16,1245.42,1.6495,4.3119,Fast,False,False,0.0,0.0
Gloves & Handwear,GLOVES_AND_HAN_0090,Shorebreak,Shorebreak Comp,1,186.63,471.38,368.97,121.14,1.2776,3.0458,Fast,False,False,0.0,0.0
Gloves & Handwear,GLOVES_AND_HAN_0091,Trailhead,Trailhead Signature,6,132.03,1367.95,865.34,772.15,1.5808,1.1207,Slow,False,False,0.0,0.0
Gloves & Handwear,GLOVES_AND_HAN_0092,Alpenglow,Alpenglow Enduro,2,134.12,578.89,289.53,70.19,1.9994,4.1248,Fast,False,False,0.0,0.0
Gloves & Handwear,GLOVES_AND_HAN_0093,Clearwater,Clearwater Summit,10,127.84,1816.93,1311.16,442.71,1.3857,2.9617,Moderate,False,False,0.0,0.0
Gloves & Handwear,GLOVES_AND_HAN_0094,Shorebreak,Shorebreak Sport,3,122.93,718.19,479.32,50.62,1.4983,9.47,Fast,False,False,0.0,0.0
Gloves & Handwear,GLOVES_AND_HAN_0095,Terracross,Terracross Ridge,78,57.03,8490.26,4475.8,823.45,1.8969,5.4354,Fast,False,False,0.0,0.0
Gloves & Handwear,GLOVES_AND_HAN_0096,Clearwater,Clearwater X1,1,206.12,426.74,238.53,62.07,1.7891,3.8426,Fast,False,False,0.0,0.0
Gloves & Handwear,GLOVES_AND_HAN_0097,Shorebreak,Shorebreak Origin,3,566.03,4073.09,2241.0,1507.04,1.8175,1.487,Slow,False,False,0.0,0.0
Gloves & Handwear,GLOVES_AND_HAN_0098,Duskridge,Duskridge Base,0,162.84,227.07,141.2,20.0,1.6081,7.0602,Fast,True,False,0.0,0.0
Gloves & Handwear,GLOVES_AND_HAN_0099,Shorebreak,Shorebreak Venture,9,350.24,5611.39,3154.45,581.95,1.7789,5.4205,Fast,False,False,0.0,0.0
Gloves & Handwear,GLOVES_AND_HAN_0100,Terracross,Terracross Pro,0,438.6,92.77,53.09,20.0,1.7475,2.6544,Moderate,True,False,0.0,0.0
Gloves & Handwear,GLOVES_AND_HAN_0101,Shorebreak,Shorebreak Signature,2,380.53,1563.09,976.77,647.8,1.6003,1.5078,Moderate,False,False,0.0,0.0
Gloves & Handwear,GLOVES_AND_HAN_0102,Alpenglow,Alpenglow MAX,61,238.68,22292.5,14789.03,1847.1,1.5074,8.0066,Fast,False,False,0.0,0.0
Gloves & Handwear,GLOVES_AND_HAN_0103,Alpenglow,Alpenglow Origin,23,421.47,16991.15,9788.97,714.09,1.7357,13.7083,Fast,False,True,0.148,0.3525
Gloves & Handwear,GLOVES_AND_HAN_0104,Trailhead,Trailhead LTD,4,604.17,4738.64,2780.4,788.1,1.7043,3.528,Fast,False,False,0.0,0.0
Gloves & Handwear,GLOVES_AND_HAN_0105,Duskridge,Duskridge Trail,1,233.94,483.12,310.95,107.44,1.5537,2.8942,Moderate,False,False,0.0,0.0
Gloves & Handwear,GLOVES_AND_HAN_0106,Trailhead,Trailhead Elite,10,413.12,7397.05,4275.94,1196.57,1.7299,3.5735,Fast,False,False,0.0,0.0
Gloves & Handwear,GLOVES_AND_HAN_0107,Terracross,Terracross Base,3,341.73,2100.93,1301.44,277.78,1.6143,4.6851,Fast,False,False,0.0,0.0
Gloves & Handwear,GLOVES_AND_HAN_0108,Shorebreak,Shorebreak Lite,7,486.27,5731.42,3476.27,1215.67,1.6487,2.8595,Moderate,False,False,0.0,0.0
Gloves & Handwear,GLOVES_AND_HAN_0109,Terracross,Terracross Foundation,2,349.34,1386.84,803.88,136.0,1.7252,5.911,Fast,False,False,0.0,0.0
Gloves & Handwear,GLOVES_AND_HAN_0110,Alpenglow,Alpenglow Team,1,78.57,230.57,117.79,20.0,1.9574,5.8897,Fast,False,False,0.0,0.0
Gloves & Handwear,GLOVES_AND_HAN_0111,Duskridge,Duskridge Carbon,21,254.33,8311.59,5449.81,790.96,1.5251,6.8901,Fast,False,False,0.0,0.0
Gloves & Handwear,GLOVES_AND_HAN_0112,Clearwater,Clearwater Pro,4,107.75,760.08,450.67,82.79,1.6866,5.4437,Fast,False,False,0.0,0.0
Gloves & Handwear,GLOVES_AND_HAN_0113,Alpenglow,Alpenglow Carbon,0,571.63,346.72,148.59,31.51,2.3333,4.7153,Fast,True,False,0.0,0.0
Gloves & Handwear,GLOVES_AND_HAN_0114,Clearwater,Clearwater Ridge,5,576.75,5731.03,3287.64,533.78,1.7432,6.1591,Fast,False,False,0.0,0.0
Gloves & Handwear,GLOVES_AND_HAN_0115,Alpenglow,Alpenglow Ascent,0,131.94,115.37,74.68,20.0,1.5449,3.7338,Fast,True,False,0.0,0.0
Gloves & Handwear,GLOVES_AND_HAN_0116,Duskridge,Duskridge Trail,6,324.24,4981.96,2223.39,433.18,2.2407,5.1327,Fast,False,False,0.0,0.0
Gloves & Handwear,GLOVES_AND_HAN_0117,Duskridge,Duskridge Ridge,0,274.4,160.62,130.47,100.51,1.2311,1.2981,Slow,True,False,0.0,0.0
Gloves & Handwear,GLOVES_AND_HAN_0118,Duskridge,Duskridge Base,10,202.96,3338.41,2056.95,260.3,1.623,7.9023,Fast,False,False,0.0,0.0
Gloves & Handwear,GLOVES_AND_HAN_0119,Shorebreak,Shorebreak MAX,0,131.58,67.37,46.23,20.0,1.4572,2.3116,Moderate,True,False,0.0,0.0
Gloves & Handwear,GLOVES_AND_HAN_0120,Clearwater,Clearwater Apex,11,480.79,11821.57,5657.44,1084.13,2.0896,5.2184,Fast,False,False,0.0,0.0
Gloves & Handwear,GLOVES_AND_HAN_0121,Alpenglow,Alpenglow X1,3,316.35,1814.4,1121.3,458.46,1.6181,2.4458,Moderate,False,False,0.0,0.0
Gloves & Handwear,GLOVES_AND_HAN_0122,Clearwater,Clearwater Ascent,0,526.78,504.29,312.14,65.45,1.6156,4.7689,Fast,True,False,0.0,0.0
Gloves & Handwear,GLOVES_AND_HAN_0123,Terracross,Terracross Tour,0,508.88,130.61,102.35,20.0,1.2761,5.1175,Fast,True,False,0.0,0.0
Gloves & Handwear,GLOVES_AND_HAN_0124,Duskridge,Duskridge Series II,0,373.98,131.33,81.84,51.25,1.6047,1.597,Moderate,True,True,0.1517,0.5046
Gloves & Handwear,GLOVES_AND_HAN_0125,Trailhead,Trailhead Carbon,1,164.78,499.6,297.35,99.37,1.6802,2.9922,Moderate,False,False,0.0,0.0
Gloves & Handwear,GLOVES_AND_HAN_0126,Trailhead,Trailhead Tour,0,405.87,554.16,356.57,50.83,1.5542,7.0154,Fast,True,False,0.0,0.0
Gloves & Handwear,GLOVES_AND_HAN_0127,Trailhead,Trailhead Ascent,0,370.38,377.85,266.68,31.28,1.4169,8.5263,Fast,True,False,0.0,0.0
Gloves & Handwear,GLOVES_AND_HAN_0128,Duskridge,Duskridge Xpedition,0,642.02,228.96,140.86,20.0,1.6254,7.043,Fast,True,False,0.0,0.0
Gloves & Handwear,GLOVES_AND_HAN_0129,Shorebreak,Shorebreak Trail,0,286.77,442.58,193.52,64.14,2.287,3.017,Fast,True,False,0.0,0.0
Gloves & Handwear,GLOVES_AND_HAN_0130,Shorebreak,Shorebreak Lite,19,31.11,1387.49,615.79,204.73,2.2532,3.0078,Fast,False,False,0.0,0.0
Gloves & Handwear,GLOVES_AND_HAN_0131,Shorebreak,Shorebreak Summit,1,188.92,362.21,242.22,128.03,1.4953,1.892,Moderate,False,False,0.0,0.0
Hydration & Nutrition,HYDRATION_AND__0001,Deepfreeze,Deepfreeze Apex,2,475.47,1377.88,1030.01,413.38,1.3377,2.4917,Moderate,False,False,0.0,0.0
Hydration & Nutrition,HYDRATION_AND__0002,Mesaflow,Mesaflow Carbon,11,118.13,2020.06,1337.75,132.53,1.51,10.094,Fast,False,False,0.0,0.0
Hydration & Nutrition,HYDRATION_AND__0003,Tidefall,Tidefall Series II,28,586.91,24203.88,16766.11,775.33,1.4436,21.6246,Fast,False,False,0.0,0.0
Hydration & Nutrition,HYDRATION_AND__0004,Deepfreeze,Deepfreeze X1,0,277.7,191.29,131.04,20.0,1.4598,6.5518,Fast,True,True,0.1116,0.1844
Hydration & Nutrition,HYDRATION_AND__0005,Coldrun,Coldrun Carbon,12,216.28,3534.19,2795.94,341.11,1.264,8.1966,Fast,False,False,0.0,0.0
Hydration & Nutrition,HYDRATION_AND__0006,Mesaflow,Mesaflow Elite,16,43.49,1094.28,705.65,118.98,1.5507,5.9309,Fast,False,False,0.0,0.0
Hydration & Nutrition,HYDRATION_AND__0007,Tidefall,Tidefall Enduro,27,322.0,14949.53,8781.67,834.61,1.7024,10.5219,Fast,False,False,0.0,0.0
Hydration & Nutrition,HYDRATION_AND__0008,Mesaflow,Mesaflow Team,0,631.46,552.25,441.31,108.73,1.2514,4.0587,Fast,True,False,0.0,0.0
Hydration & Nutrition,HYDRATION_AND__0009,Mesaflow,Mesaflow Carbon,76,27.44,3179.02,2088.9,339.45,1.5219,6.1538,Fast,False,False,0.0,0.0
Hydration & Nutrition,HYDRATION_AND__0010,Coldrun,Coldrun Elite,3,175.94,850.54,591.73,96.77,1.4374,6.1148,Fast,False,False,0.0,0.0
Hydration & Nutrition,HYDRATION_AND__0011,Deepfreeze,Deepfreeze Base,0,389.92,590.48,361.0,118.72,1.6357,3.0408,Fast,True,False,0.0,0.0
Hydration & Nutrition,HYDRATION_AND__0012,Mesaflow,Mesaflow Tour,3,637.47,3404.8,2289.99,474.01,1.4868,4.8311,Fast,False,False,0.0,0.0
Hydration & Nutrition,HYDRATION_AND__0013,Deepfreeze,Deepfreeze MAX,4,603.83,4687.74,2858.88,264.6,1.6397,10.8046,Fast,False,False,0.0,0.0
Hydration & Nutrition,HYDRATION_AND__0014,Clearwater,Clearwater Ridge,0,152.92,118.85,85.27,20.0,1.3938,4.2637,Fast,True,False,0.0,0.0
Hydration & Nutrition,HYDRATION_AND__0015,Deepfreeze,Deepfreeze Enduro,0,575.5,316.88,155.31,20.0,2.0404,7.7654,Fast,True,False,0.0,0.0
Hydration & Nutrition,HYDRATION_AND__0016,Clearwater,Clearwater Crest,22,490.34,17775.36,11149.84,490.5,1.5942,22.7315,Fast,False,False,0.0,0.0
Hydration & Nutrition,HYDRATION_AND__0017,Tidefall,Tidefall Team,0,152.43,114.56,94.63,20.0,1.2106,4.7315,Fast,True,False,0.0,0.0
Hydration & Nutrition,HYDRATION_AND__0018,Mesaflow,Mesaflow Series II,0,302.91,179.64,98.15,28.47,1.8303,3.4474,Fast,True,False,0.0,0.0
Hydration & Nutrition,HYDRATION_AND__0019,Coldrun,Coldrun Ascent,14,279.16,6842.58,3997.45,629.39,1.7117,6.3513,Fast,False,False,0.0,0.0
Hydration & Nutrition,HYDRATION_AND__0020,Clearwater,Clearwater Series II,0,379.96,106.96,60.97,20.0,1.7542,3.0485,Fast,True,False,0.0,0.0
Hydration & Nutrition,HYDRATION_AND__0021,Deepfreeze,Deepfreeze Team,0,581.98,769.57,526.11,72.78,1.4628,7.2285,Fast,True,False,0.0,0.0
Hydration & Nutrition,HYDRATION_AND__0022,Clearwater,Clearwater Ascent,45,48.12,2956.85,2191.14,365.67,1.3495,5.9921,Fast,False,False,0.0,0.0
Hydration & Nutrition,HYDRATION_AND__0023,Mesaflow,Mesaflow MAX,31,25.06,1394.57,782.38,263.83,1.7825,2.9655,Moderate,False,False,0.0,0.0
Hydration & Nutrition,HYDRATION_AND__0024,Coldrun,Coldrun Apex,1,425.01,946.32,657.49,213.24,1.4393,3.0833,Fast,False,False,0.0,0.0
Hydration & Nutrition,HYDRATION_AND__0025,Deepfreeze,Deepfreeze Crest,0,195.03,104.24,77.52,20.0,1.3446,3.8762,Fast,True,False,0.0,0.0
Hydration & Nutrition,HYDRATION_AND__0026,Deepfreeze,Deepfreeze Series II,4,260.09,1833.68,1186.14,75.5,1.5459,15.7111,Fast,False,False,0.0,0.0
Hydration & Nutrition,HYDRATION_AND__0027,Coldrun,Coldrun Foundation,0,460.67,254.53,148.33,20.0,1.716,7.4164,Fast,True,False,0.0,0.0
Hydration & Nutrition,HYDRATION_AND__0028,Deepfreeze,Deepfreeze Signature,1,441.1,866.2,601.56,98.84,1.4399,6.086,Fast,False,False,0.0,0.0
Hydration & Nutrition,HYDRATION_AND__0029,Clearwater,Clearwater Foundation,12,446.8,7442.0,5533.79,1278.16,1.3448,4.3295,Fast,False,False,0.0,0.0
Hydration & Nutrition,HYDRATION_AND__0030,Clearwater,Clearwater Carbon,13,38.09,956.68,509.27,120.2,1.8785,4.2367,Fast,False,False,0.0,0.0
Hydration & Nutrition,HYDRATION_AND__0031,Tidefall,Tidefall Elite,109,71.85,12162.14,7859.78,1124.31,1.5474,6.9908,Fast,False,False,0.0,0.0
Hydration & Nutrition,HYDRATION_AND__0032,Clearwater,Clearwater Pro,0,367.99,162.85,124.15,45.68,1.3118,2.7177,Moderate,True,False,0.0,0.0
Hydration & Nutrition,HYDRATION_AND__0033,Tidefall,Tidefall MAX,2,253.74,817.27,546.36,55.87,1.4958,9.7797,Fast,False,False,0.0,0.0
Hydration & Nutrition,HYDRATION_AND__0034,Coldrun,Coldrun Signature,3,64.74,436.59,248.98,24.02,1.7535,10.364,Fast,False,False,0.0,0.0
Hydration & Nutrition,HYDRATION_AND__0035,Coldrun,Coldrun Traverse,13,595.14,13466.31,8043.38,2180.64,1.6742,3.6885,Fast,False,False,0.0,0.0
Hydration & Nutrition,HYDRATION_AND__0036,Mesaflow,Mesaflow Elite,5,439.03,3209.28,2234.02,538.6,1.4366,4.1478,Fast,False,False,0.0,0.0
Hydration & Nutrition,HYDRATION_AND__0037,Clearwater,Clearwater Pro,4,393.75,2502.25,1582.24,317.28,1.5815,4.9868,Fast,False,False,0.0,0.0
Hydration & Nutrition,HYDRATION_AND__0038,Coldrun,Coldrun Sport,32,513.49,29241.12,16747.96,2773.78,1.746,6.038,Fast,False,False,0.0,0.0
Hydration & Nutrition,HYDRATION_AND__0039,Coldrun,Coldrun X1,1,104.67,222.85,116.68,29.04,1.9099,4.0177,Fast,False,True,0.05,0.1819
Hydration & Nutrition,HYDRATION_AND__0040,Tidefall,Tidefall Pro,9,288.09,4084.45,2595.03,563.75,1.574,4.6031,Fast,False,False,0.0,0.0
Hydration & Nutrition,HYDRATION_AND__0041,Deepfreeze,Deepfreeze Enduro,2,166.36,543.09,354.48,106.36,1.5321,3.3327,Fast,False,False,0.0,0.0
Hydration & Nutrition,HYDRATION_AND__0042,Mesaflow,Mesaflow Traverse,8,121.82,1586.92,1001.46,248.08,1.5846,4.0368,Fast,False,False,0.0,0.0
Hydration & Nutrition,HYDRATION_AND__0043,Clearwater,Clearwater Summit,8,224.24,2815.82,1949.32,1032.23,1.4445,1.8884,Moderate,False,False,0.0,0.0
Hydration & Nutrition,HYDRATION_AND__0044,Tidefall,Tidefall Series II,7,345.56,4222.57,2729.73,486.57,1.5469,5.6102,Fast,False,False,0.0,0.0
Hydration & Nutrition,HYDRATION_AND__0045,Deepfreeze,Deepfreeze Team,2,32.41,95.82,74.23,20.0,1.2909,3.7115,Fast,False,False,0.0,0.0
Hydration & Nutrition,HYDRATION_AND__0046,Clearwater,Clearwater Signature,3,428.86,2483.21,1504.25,199.66,1.6508,7.534,Fast,False,False,0.0,0.0
Hydration & Nutrition,HYDRATION_AND__0047,Mesaflow,Mesaflow Team,31,373.43,13125.95,11731.78,1076.66,1.1188,10.8964,Fast,False,False,0.0,0.0
Hydration & Nutrition,HYDRATION_AND__0048,Mesaflow,Mesaflow Crest,0,106.14,76.05,62.2,20.0,1.2226,3.1099,Fast,True,False,0.0,0.0
Hydration & Nutrition,HYDRATION_AND__0049,Clearwater,Clearwater Traverse,20,394.78,9759.75,8021.72,1380.04,1.2167,5.8127,Fast,False,False,0.0,0.0
Hydration & Nutrition,HYDRATION_AND__0050,Mesaflow,Mesaflow Venture,2,531.33,1809.18,1093.0,505.57,1.6553,2.1619,Moderate,False,False,0.0,0.0
Hydration & Nutrition,HYDRATION_AND__0051,Tidefall,Tidefall Series II,14,117.83,2423.27,1657.16,359.77,1.4623,4.6062,Fast,False,False,0.0,0.0
Hydration & Nutrition,HYDRATION_AND__0052,Clearwater,Clearwater Summit,6,391.41,3777.76,2486.88,236.59,1.5191,10.5113,Fast,False,False,0.0,0.0
Hydration & Nutrition,HYDRATION_AND__0053,Coldrun,Coldrun X1,4,258.8,1373.93,1152.09,179.51,1.1926,6.418,Fast,False,False,0.0,0.0
Hydration & Nutrition,HYDRATION_AND__0054,Clearwater,Clearwater MAX,3,305.6,1666.01,1034.61,183.93,1.6103,5.6251,Fast,False,False,0.0,0.0
Hydration & Nutrition,HYDRATION_AND__0055,Tidefall,Tidefall X1,18,95.67,2658.0,1780.4,72.25,1.4929,24.643,Fast,False,False,0.0,0.0
Hydration & Nutrition,HYDRATION_AND__0056,Deepfreeze,Deepfreeze Ascent,33,264.69,11238.69,8972.51,1196.45,1.2526,7.4993,Fast,False,False,0.0,0.0
Hydration & Nutrition,HYDRATION_AND__0057,Deepfreeze,Deepfreeze Origin,7,530.2,6723.93,3723.46,432.06,1.8058,8.6179,Fast,False,False,0.0,0.0
Hydration & Nutrition,HYDRATION_AND__0058,Deepfreeze,Deepfreeze Comp,5,630.65,6001.13,3705.28,656.15,1.6196,5.647,Fast,False,False,0.0,0.0
Hydration & Nutrition,HYDRATION_AND__0059,Deepfreeze,Deepfreeze Series II,48,44.57,3213.06,2181.65,415.5,1.4728,5.2507,Fast,False,False,0.0,0.0
Hydration & Nutrition,HYDRATION_AND__0060,Coldrun,Coldrun Xpedition,22,135.27,5336.94,3064.27,662.67,1.7417,4.6241,Fast,False,False,0.0,0.0
Hydration & Nutrition,HYDRATION_AND__0061,Deepfreeze,Deepfreeze Signature,0,624.62,197.76,114.23,28.62,1.7313,3.9908,Fast,True,False,0.0,0.0
Hydration & Nutrition,HYDRATION_AND__0062,Mesaflow,Mesaflow Origin,24,55.73,2088.6,1368.24,390.63,1.5265,3.5026,Fast,False,False,0.0,0.0
Hydration & Nutrition,HYDRATION_AND__0063,Mesaflow,Mesaflow Apex,25,170.76,6777.3,4394.03,612.63,1.5424,7.1724,Fast,False,False,0.0,0.0
Hydration & Nutrition,HYDRATION_AND__0064,Clearwater,Clearwater Ridge,19,580.27,18446.03,11588.77,1073.61,1.5917,10.7942,Fast,False,False,0.0,0.0
Hydration & Nutrition,HYDRATION_AND__0065,Tidefall,Tidefall Enduro,15,360.68,8026.51,5414.45,393.92,1.4824,13.745,Fast,False,False,0.0,0.0
Hydration & Nutrition,HYDRATION_AND__0066,Coldrun,Coldrun Traverse,5,115.1,936.6,576.55,108.97,1.6245,5.2908,Fast,False,False,0.0,0.0
Hydration & Nutrition,HYDRATION_AND__0067,Tidefall,Tidefall LTD,5,629.07,5815.0,3640.91,1192.93,1.5971,3.0521,Fast,False,False,0.0,0.0
Hydration & Nutrition,HYDRATION_AND__0068,Mesaflow,Mesaflow Crest,0,385.3,149.37,112.18,20.0,1.3315,5.6092,Fast,True,False,0.0,0.0
Hydration & Nutrition,HYDRATION_AND__0069,Tidefall,Tidefall Crest,6,18.35,205.79,127.01,40.45,1.6203,3.1402,Fast,False,False,0.0,0.0
Hydration & Nutrition,HYDRATION_AND__0070,Mesaflow,Mesaflow Ascent,30,33.0,1913.24,999.08,92.06,1.915,10.852,Fast,False,False,0.0,0.0
Hydration & Nutrition,HYDRATION_AND__0071,Tidefall,Tidefall Traverse,0,571.64,150.2,142.86,20.0,1.0514,7.1432,Fast,True,False,0.0,0.0
Hydration & Nutrition,HYDRATION_AND__0072,Clearwater,Clearwater Carbon,3,147.48,791.11,519.8,48.48,1.5219,10.7223,Fast,False,False,0.0,0.0
Hydration & Nutrition,HYDRATION_AND__0073,Coldrun,Coldrun Lite,46,570.59,39793.61,26464.2,1716.68,1.5037,15.4159,Fast,False,False,0.0,0.0
Hydration & Nutrition,HYDRATION_AND__0074,Mesaflow,Mesaflow Foundation,6,469.7,3915.13,2825.78,428.85,1.3855,6.5892,Fast,False,False,0.0,0.0
Hydration & Nutrition,HYDRATION_AND__0075,Coldrun,Coldrun Tour,5,223.89,1835.7,1193.69,388.83,1.5378,3.07,Fast,False,False,0.0,0.0
Hydration & Nutrition,HYDRATION_AND__0076,Coldrun,Coldrun Ascent,8,210.14,2580.34,1815.86,516.07,1.421,3.5186,Fast,False,False,0.0,0.0
Hydration & Nutrition,HYDRATION_AND__0077,Mesaflow,Mesaflow Ridge,40,249.65,16478.67,10114.89,1317.72,1.6291,7.676,Fast,False,False,0.0,0.0
Hydration & Nutrition,HYDRATION_AND__0078,Tidefall,Tidefall Origin,0,208.5,343.25,186.1,73.01,1.8444,2.5489,Moderate,True,False,0.0,0.0
Hydration & Nutrition,HYDRATION_AND__0079,Clearwater,Clearwater X1,0,589.35,212.74,130.68,20.0,1.628,6.534,Fast,True,False,0.0,0.0
Hydration & Nutrition,HYDRATION_AND__0080,Clearwater,Clearwater X1,0,341.42,220.44,176.97,47.69,1.2456,3.7107,Fast,True,False,0.0,0.0
Hydration & Nutrition,HYDRATION_AND__0081,Mesaflow,Mesaflow LTD,0,438.51,440.27,274.95,95.41,1.6013,2.8817,Moderate,True,False,0.0,0.0
Hydration & Nutrition,HYDRATION_AND__0082,Clearwater,Clearwater Foundation,29,88.65,4582.7,2628.56,192.24,1.7434,13.6732,Fast,False,False,0.0,0.0
Hydration & Nutrition,HYDRATION_AND__0083,Clearwater,Clearwater Tour,0,528.08,305.09,198.12,61.22,1.5399,3.2361,Fast,True,False,0.0,0.0
Hydration & Nutrition,HYDRATION_AND__0084,Deepfreeze,Deepfreeze Pro,2,399.97,1369.46,957.56,516.13,1.4302,1.8553,Moderate,False,False,0.0,0.0
Hydration & Nutrition,HYDRATION_AND__0085,Clearwater,Clearwater Carbon,0,197.29,139.42,87.97,20.0,1.5849,4.3985,Fast,True,False,0.0,0.0
Hydration & Nutrition,HYDRATION_AND__0086,Deepfreeze,Deepfreeze Tour,0,487.19,122.22,87.3,20.0,1.4001,4.365,Fast,True,False,0.0,0.0
Hydration & Nutrition,HYDRATION_AND__0087,Deepfreeze,Deepfreeze Xpedition,7,388.27,5111.11,3075.95,284.55,1.6616,10.8098,Fast,False,False,0.0,0.0
Hydration & Nutrition,HYDRATION_AND__0088,Deepfreeze,Deepfreeze Signature,31,212.72,10694.93,6797.18,755.03,1.5734,9.0026,Fast,False,False,0.0,0.0
Hydration & Nutrition,HYDRATION_AND__0089,Clearwater,Clearwater Base,12,450.95,7689.61,5629.42,667.87,1.366,8.429,Fast,False,False,0.0,0.0
Hydration & Nutrition,HYDRATION_AND__0090,Coldrun,Coldrun Sport,1,258.91,705.15,421.35,41.96,1.6735,10.0429,Fast,False,False,0.0,0.0
Hydration & Nutrition,HYDRATION_AND__0091,Clearwater,Clearwater Enduro,5,531.57,4774.32,3009.4,363.2,1.5865,8.2858,Fast,False,False,0.0,0.0
Hydration & Nutrition,HYDRATION_AND__0092,Deepfreeze,Deepfreeze Sport,1,550.4,1216.18,781.51,318.69,1.5562,2.4523,Moderate,False,False,0.0,0.0
Hydration & Nutrition,HYDRATION_AND__0093,Coldrun,Coldrun Origin,1,549.12,1102.92,569.29,172.67,1.9373,3.297,Fast,False,False,0.0,0.0
Hydration & Nutrition,HYDRATION_AND__0094,Tidefall,Tidefall Apex,24,48.24,2039.61,1177.19,176.54,1.7326,6.6683,Fast,False,False,0.0,0.0
Hydration & Nutrition,HYDRATION_AND__0095,Coldrun,Coldrun LTD,36,267.33,14687.75,9822.19,1153.09,1.4954,8.5182,Fast,False,False,0.0,0.0
Hydration & Nutrition,HYDRATION_AND__0096,Tidefall,Tidefall Sport,388,70.64,41855.26,27466.68,1587.24,1.5239,17.3047,Fast,False,False,0.0,0.0
Hydration & Nutrition,HYDRATION_AND__0097,Tidefall,Tidefall Base,0,508.49,98.05,82.99,20.0,1.1814,4.1497,Fast,True,False,0.0,0.0
Hydration & Nutrition,HYDRATION_AND__0098,Clearwater,Clearwater Lite,0,434.42,695.11,355.18,104.51,1.9571,3.3986,Fast,True,False,0.0,0.0
Hydration & Nutrition,HYDRATION_AND__0099,Clearwater,Clearwater Venture,2,68.47,200.31,137.14,60.24,1.4605,2.2767,Moderate,False,False,0.0,0.0
Hydration & Nutrition,HYDRATION_AND__0100,Deepfreeze,Deepfreeze Xpedition,0,504.05,169.8,93.63,20.0,1.8136,4.6813,Fast,True,False,0.0,0.0
Hydration & Nutrition,HYDRATION_AND__0101,Tidefall,Tidefall Ascent,6,558.29,5521.98,3603.31,1248.08,1.5325,2.8871,Moderate,False,False,0.0,0.0
Hydration & Nutrition,HYDRATION_AND__0102,Mesaflow,Mesaflow Elite,10,245.0,4257.52,2465.09,547.58,1.7271,4.5018,Fast,False,False,0.0,0.0
Hydration & Nutrition,HYDRATION_AND__0103,Deepfreeze,Deepfreeze Comp,8,111.96,1451.4,922.87,117.32,1.5727,7.8662,Fast,False,False,0.0,0.0
Hydration & Nutrition,HYDRATION_AND__0104,Tidefall,Tidefall MAX,0,470.58,250.14,176.69,20.0,1.4157,8.8346,Fast,True,False,0.0,0.0
Hydration & Nutrition,HYDRATION_AND__0105,Deepfreeze,Deepfreeze Summit,2,583.31,1660.61,1333.47,506.52,1.2453,2.6326,Moderate,False,False,0.0,0.0
Hydration & Nutrition,HYDRATION_AND__0106,Clearwater,Clearwater Ascent,40,199.75,13732.97,8055.31,1013.17,1.7048,7.9506,Fast,False,False,0.0,0.0
Hydration & Nutrition,HYDRATION_AND__0107,Tidefall,Tidefall Enduro,0,399.22,192.59,127.05,25.03,1.5158,5.0769,Fast,True,False,0.0,0.0
Hydration & Nutrition,HYDRATION_AND__0108,Mesaflow,Mesaflow Pro,120,24.85,4568.72,2996.49,727.72,1.5247,4.1176,Fast,False,False,0.0,0.0
Hydration & Nutrition,HYDRATION_AND__0109,Coldrun,Coldrun LTD,8,252.42,3233.54,2039.22,441.95,1.5857,4.6141,Fast,False,False,0.0,0.0
Hydration & Nutrition,HYDRATION_AND__0110,Clearwater,Clearwater Ascent,25,320.11,13979.8,8117.87,773.71,1.7221,10.4921,Fast,False,False,0.0,0.0
Hydration & Nutrition,HYDRATION_AND__0111,Deepfreeze,Deepfreeze Carbon,4,152.68,904.27,648.88,179.1,1.3936,3.6231,Fast,False,False,0.0,0.0
Hydration & Nutrition,HYDRATION_AND__0112,Mesaflow,Mesaflow Ascent,2,550.42,2478.66,1471.41,420.74,1.6845,3.4972,Fast,False,False,0.0,0.0
Hydration & Nutrition,HYDRATION_AND__0113,Clearwater,Clearwater LTD,1,332.16,500.23,358.51,32.43,1.3953,11.0537,Fast,False,False,0.0,0.0
Hydration & Nutrition,HYDRATION_AND__0114,Coldrun,Coldrun Foundation,8,295.51,4269.83,2405.89,266.79,1.7747,9.0178,Fast,False,True,0.2656,0.2698
Hydration & Nutrition,HYDRATION_AND__0115,Tidefall,Tidefall Traverse,5,441.94,4279.88,2601.13,438.39,1.6454,5.9333,Fast,False,False,0.0,0.0
Hydration & Nutrition,HYDRATION_AND__0116,Clearwater,Clearwater Signature,6,135.27,1302.52,918.19,179.17,1.4186,5.1246,Fast,False,False,0.0,0.0
Hydration & Nutrition,HYDRATION_AND__0117,Mesaflow,Mesaflow LTD,0,178.69,177.83,119.14,23.92,1.4926,4.98,Fast,True,False,0.0,0.0
Hydration & Nutrition,HYDRATION_AND__0118,Mesaflow,Mesaflow Traverse,2,579.93,2190.97,1321.77,120.16,1.6576,11.0,Fast,False,False,0.0,0.0
Hydration & Nutrition,HYDRATION_AND__0119,Coldrun,Coldrun Trail,3,462.86,2405.18,1813.45,329.45,1.3263,5.5044,Fast,False,False,0.0,0.0
Hydration & Nutrition,HYDRATION_AND__0120,Coldrun,Coldrun Apex,4,73.92,489.54,329.96,209.51,1.4836,1.5749,Moderate,False,False,0.0,0.0
Hydration & Nutrition,HYDRATION_AND__0121,Mesaflow,Mesaflow X1,3,176.22,905.63,561.6,151.24,1.6126,3.7133,Fast,False,False,0.0,0.0
Hydration & Nutrition,HYDRATION_AND__0122,Clearwater,Clearwater Signature,4,240.4,1662.02,981.96,81.76,1.6926,12.0107,Fast,False,False,0.0,0.0
Hydration & Nutrition,HYDRATION_AND__0123,Coldrun,Coldrun Traverse,2,280.09,891.06,674.29,253.97,1.3215,2.655,Moderate,False,False,0.0,0.0
Hydration & Nutrition,HYDRATION_AND__0124,Deepfreeze,Deepfreeze X1,1,135.55,208.14,136.73,23.27,1.5223,5.8763,Fast,False,False,0.0,0.0
Hydration & Nutrition,HYDRATION_AND__0125,Tidefall,Tidefall Ascent,0,578.13,248.8,217.44,20.0,1.1442,10.8718,Fast,True,False,0.0,0.0
Hydration & Nutrition,HYDRATION_AND__0126,Deepfreeze,Deepfreeze Origin,6,163.07,1471.35,989.12,62.93,1.4875,15.7173,Fast,False,False,0.0,0.0
Hydration & Nutrition,HYDRATION_AND__0127,Deepfreeze,Deepfreeze Elite,0,646.11,180.13,130.02,20.0,1.3854,6.5009,Fast,True,False,0.0,0.0
Hydration & Nutrition,HYDRATION_AND__0128,Coldrun,Coldrun Enduro,2,422.68,1375.46,1010.4,190.0,1.3613,5.3179,Fast,False,False,0.0,0.0
Hydration & Nutrition,HYDRATION_AND__0129,Coldrun,Coldrun Venture,0,396.86,452.77,294.76,63.48,1.536,4.6434,Fast,True,False,0.0,0.0
Hydration & Nutrition,HYDRATION_AND__0130,Clearwater,Clearwater Enduro,28,133.08,5088.73,3764.36,621.93,1.3518,6.0527,Fast,False,False,0.0,0.0
Hydration & Nutrition,HYDRATION_AND__0131,Mesaflow,Mesaflow Signature,81,28.88,3508.21,2341.33,261.19,1.4984,8.9639,Fast,False,False,0.0,0.0
Hydration & Nutrition,HYDRATION_AND__0132,Deepfreeze,Deepfreeze Xpedition,43,127.31,8411.23,5521.58,457.05,1.5233,12.0809,Fast,False,False,0.0,0.0
Hydration & Nutrition,HYDRATION_AND__0133,Tidefall,Tidefall Traverse,0,647.19,117.22,75.79,20.0,1.5466,3.7894,Fast,True,False,0.0,0.0
Camp Kitchen & Tools,CAMP_KITCHEN_A_0001,Highmark,Highmark Origin,2,552.8,1763.7,1367.53,632.43,1.2897,2.1623,Moderate,False,False,0.0,0.0
Camp Kitchen & Tools,CAMP_KITCHEN_A_0002,Coldrun,Coldrun Team,1,385.25,1143.48,707.49,468.09,1.6163,1.5114,Moderate,False,False,0.0,0.0
Camp Kitchen & Tools,CAMP_KITCHEN_A_0003,Gravelpath,Gravelpath Pro,4,342.64,2284.78,1672.58,388.0,1.366,4.3108,Fast,False,False,0.0,0.0
Camp Kitchen & Tools,CAMP_KITCHEN_A_0004,Highmark,Highmark Summit,1,89.85,165.38,141.19,20.0,1.1714,7.0595,Fast,False,False,0.0,0.0
Camp Kitchen & Tools,CAMP_KITCHEN_A_0005,Highmark,Highmark Xpedition,0,566.45,345.47,205.71,51.37,1.6794,4.0044,Fast,True,False,0.0,0.0
Camp Kitchen & Tools,CAMP_KITCHEN_A_0006,Deepfreeze,Deepfreeze Signature,0,67.19,61.22,38.68,21.92,1.5826,1.765,Moderate,True,False,0.0,0.0
Camp Kitchen & Tools,CAMP_KITCHEN_A_0007,Deepfreeze,Deepfreeze Ridge,0,508.52,266.62,237.65,20.0,1.1219,11.8827,Fast,True,False,0.0,0.0
Camp Kitchen & Tools,CAMP_KITCHEN_A_0008,Coldrun,Coldrun Xpedition,14,77.51,1500.2,1144.21,102.29,1.3111,11.1862,Fast,False,False,0.0,0.0
Camp Kitchen & Tools,CAMP_KITCHEN_A_0009,Deepfreeze,Deepfreeze Series II,0,562.93,599.83,478.06,289.33,1.2547,1.6523,Moderate,True,False,0.0,0.0
Camp Kitchen & Tools,CAMP_KITCHEN_A_0010,Coldrun,Coldrun Origin,0,479.87,237.72,169.83,42.75,1.3998,3.9724,Fast,True,False,0.0,0.0
Camp Kitchen & Tools,CAMP_KITCHEN_A_0011,Clearwater,Clearwater Signature,0,211.42,257.4,146.43,35.48,1.7578,4.1266,Fast,True,False,0.0,0.0
Camp Kitchen & Tools,CAMP_KITCHEN_A_0012,Clearwater,Clearwater Series II,6,453.12,3886.24,2877.59,584.18,1.3505,4.9258,Fast,False,True,0.2111,0.3791
Camp Kitchen & Tools,CAMP_KITCHEN_A_0013,Clearwater,Clearwater Base,3,32.62,175.74,123.64,20.0,1.4214,6.182,Fast,False,False,0.0,0.0
Camp Kitchen & Tools,CAMP_KITCHEN_A_0014,Coldrun,Coldrun LTD,4,71.49,428.26,293.86,426.09,1.4574,0.6897,Slow,False,False,0.0,0.0
Camp Kitchen & Tools,CAMP_KITCHEN_A_0015,Coldrun,Coldrun LTD,29,140.72,6108.09,4129.76,647.54,1.479,6.3777,Fast,False,False,0.0,0.0
Camp Kitchen & Tools,CAMP_KITCHEN_A_0016,Deepfreeze,Deepfreeze Team,16,124.64,3160.61,2083.95,355.01,1.5166,5.8701,Fast,False,False,0.0,0.0
Camp Kitchen & Tools,CAMP_KITCHEN_A_0017,Deepfreeze,Deepfreeze Ascent,5,452.66,3976.03,2485.8,995.29,1.5995,2.4975,Moderate,False,False,0.0,0.0
Camp Kitchen & Tools,CAMP_KITCHEN_A_0018,Coldrun,Coldrun Elite,0,314.23,49.48,36.82,20.0,1.3441,1.8408,Moderate,True,False,0.0,0.0
Camp Kitchen & Tools,CAMP_KITCHEN_A_0019,Gravelpath,Gravelpath Pro,0,471.11,86.14,43.83,20.0,1.9654,2.1913,Moderate,True,False,0.0,0.0
Camp Kitchen & Tools,CAMP_KITCHEN_A_0020,Coldrun,Coldrun Trail,119,133.28,20465.51,15873.94,4070.76,1.2893,3.8995,Fast,False,False,0.0,0.0
Camp Kitchen & Tools,CAMP_KITCHEN_A_0021,Clearwater,Clearwater Carbon,0,626.14,115.5,69.64,34.35,1.6585,2.0273,Moderate,True,False,0.0,0.0
Camp Kitchen & Tools,CAMP_KITCHEN_A_0022,Deepfreeze,Deepfreeze Foundation,0,139.91,146.41,103.43,82.58,1.4155,1.2525,Slow,True,True,0.2814,0.6018
Camp Kitchen & Tools,CAMP_KITCHEN_A_0023,Gravelpath,Gravelpath Carbon,1,542.98,786.49,670.71,196.46,1.1726,3.4139,Fast,False,False,0.0,0.0
Camp Kitchen & Tools,CAMP_KITCHEN_A_0024,Clearwater,Clearwater Pro,3,321.02,1820.45,1118.04,277.52,1.6282,4.0286,Fast,False,False,0.0,0.0
Camp Kitchen & Tools,CAMP_KITCHEN_A_0025,Coldrun,Coldrun Lite,4,490.85,3361.62,2226.48,256.1,1.5098,8.6938,Fast,False,False,0.0,0.0
Camp Kitchen & Tools,CAMP_KITCHEN_A_0026,Gravelpath,Gravelpath Origin,2,318.25,1108.16,743.22,63.87,1.491,11.637,Fast,False,False,0.0,0.0
Camp Kitchen & Tools,CAMP_KITCHEN_A_0027,Highmark,Highmark LTD,1,625.87,1056.3,832.84,140.36,1.2683,5.9337,Fast,False,False,0.0,0.0
Camp Kitchen & Tools,CAMP_KITCHEN_A_0028,Gravelpath,Gravelpath Base,4,354.65,2510.43,1585.63,377.41,1.5832,4.2014,Fast,False,False,0.0,0.0
Camp Kitchen & Tools,CAMP_KITCHEN_A_0029,Clearwater,Clearwater Series II,8,489.19,6377.9,4308.04,662.65,1.4805,6.5012,Fast,False,False,0.0,0.0
Camp Kitchen & Tools,CAMP_KITCHEN_A_0030,Highmark,Highmark X1,0,355.23,105.87,72.03,20.0,1.4698,3.6013,Fast,True,False,0.0,0.0
Camp Kitchen & Tools,CAMP_KITCHEN_A_0031,Gravelpath,Gravelpath Summit,9,312.35,3958.19,2812.69,1272.0,1.4073,2.2112,Moderate,False,False,0.0,0.0
Camp Kitchen & Tools,CAMP_KITCHEN_A_0032,Highmark,Highmark Foundation,3,468.5,2619.32,1762.3,439.31,1.4863,4.0115,Fast,False,False,0.0,0.0
Camp Kitchen & Tools,CAMP_KITCHEN_A_0033,Highmark,Highmark Ascent,0,230.46,290.48,226.27,69.12,1.2838,3.2735,Fast,True,False,0.0,0.0
Camp Kitchen & Tools,CAMP_KITCHEN_A_0034,Highmark,Highmark Elite,17,103.51,2231.11,1810.95,269.07,1.232,6.7304,Fast,False,False,0.0,0.0
Camp Kitchen & Tools,CAMP_KITCHEN_A_0035,Highmark,Highmark Xpedition,0,627.35,939.62,558.09,108.77,1.6836,5.1309,Fast,True,False,0.0,0.0
Camp Kitchen & Tools,CAMP_KITCHEN_A_0036,Highmark,Highmark Apex,1,444.65,1169.59,709.35,227.18,1.6488,3.1224,Fast,False,False,0.0,0.0
Camp Kitchen & Tools,CAMP_KITCHEN_A_0037,Highmark,Highmark Comp,0,548.05,315.16,214.47,20.0,1.4695,10.7233,Fast,True,False,0.0,0.0
Camp Kitchen & Tools,CAMP_KITCHEN_A_0038,Deepfreeze,Deepfreeze Trail,0,308.18,238.85,174.5,26.25,1.3688,6.6477,Fast,True,False,0.0,0.0
Camp Kitchen & Tools,CAMP_KITCHEN_A_0039,Clearwater,Clearwater Team,1,114.91,239.98,199.91,41.25,1.2005,4.8462,Fast,False,False,0.0,0.0
Camp Kitchen & Tools,CAMP_KITCHEN_A_0040,Deepfreeze,Deepfreeze Tour,0,461.42,132.62,107.86,20.0,1.2295,5.3929,Fast,True,False,0.0,0.0
Camp Kitchen & Tools,CAMP_KITCHEN_A_0041,Deepfreeze,Deepfreeze Team,0,362.59,262.07,160.86,68.96,1.6291,2.3327,Moderate,True,False,0.0,0.0
Camp Kitchen & Tools,CAMP_KITCHEN_A_0042,Gravelpath,Gravelpath Xpedition,0,123.51,102.95,70.82,46.09,1.4536,1.5366,Moderate,True,False,0.0,0.0
Camp Kitchen & Tools,CAMP_KITCHEN_A_0043,Deepfreeze,Deepfreeze Signature,2,397.08,1768.7,1156.9,481.08,1.5288,2.4048,Moderate,False,False,0.0,0.0
Camp Kitchen & Tools,CAMP_KITCHEN_A_0044,Deepfreeze,Deepfreeze Crest,4,271.23,1386.71,1140.21,222.3,1.2162,5.1291,Fast,False,False,0.0,0.0
Camp Kitchen & Tools,CAMP_KITCHEN_A_0045,Deepfreeze,Deepfreeze Apex,0,349.02,517.49,327.41,157.74,1.5805,2.0757,Moderate,True,False,0.0,0.0
Camp Kitchen & Tools,CAMP_KITCHEN_A_0046,Clearwater,Clearwater MAX,0,372.37,46.38,28.39,20.0,1.6333,1.4197,Slow,True,True,0.2237,0.5086
Camp Kitchen & Tools,CAMP_KITCHEN_A_0047,Coldrun,Coldrun Pro,9,115.82,1613.0,1093.66,221.45,1.4749,4.9386,Fast,False,False,0.0,0.0
Camp Kitchen & Tools,CAMP_KITCHEN_A_0048,Highmark,Highmark Team,0,602.61,371.45,239.27,64.52,1.5525,3.7084,Fast,True,False,0.0,0.0
Camp Kitchen & Tools,CAMP_KITCHEN_A_0049,Gravelpath,Gravelpath Carbon,0,612.15,484.74,366.35,75.43,1.3232,4.8569,Fast,True,False,0.0,0.0
Camp Kitchen & Tools,CAMP_KITCHEN_A_0050,Coldrun,Coldrun Origin,2,311.61,979.36,679.64,220.53,1.441,3.0818,Fast,False,False,0.0,0.0
Camp Kitchen & Tools,CAMP_KITCHEN_A_0051,Coldrun,Coldrun Ridge,3,90.66,473.55,318.02,50.2,1.4891,6.3345,Fast,False,False,0.0,0.0
Camp Kitchen & Tools,CAMP_KITCHEN_A_0052,Clearwater,Clearwater Sport,122,89.98,18797.6,11056.76,1612.19,1.7001,6.8582,Fast,False,False,0.0,0.0
Camp Kitchen & Tools,CAMP_KITCHEN_A_0053,Clearwater,Clearwater LTD,2,347.11,744.85,729.97,216.41,1.0204,3.373,Fast,False,False,0.0,0.0
Camp Kitchen & Tools,CAMP_KITCHEN_A_0054,Highmark,Highmark Summit,1,458.82,677.39,501.04,138.56,1.352,3.6161,Fast,False,False,0.0,0.0
Camp Kitchen & Tools,CAMP_KITCHEN_A_0055,Highmark,Highmark Carbon,2,137.16,445.18,304.17,124.58,1.4636,2.4415,Moderate,False,False,0.0,0.0
Camp Kitchen & Tools,CAMP_KITCHEN_A_0056,Clearwater,Clearwater Comp,4,196.62,1212.55,834.54,159.32,1.453,5.2382,Fast,False,False,0.0,0.0
Camp Kitchen & Tools,CAMP_KITCHEN_A_0057,Gravelpath,Gravelpath Traverse,4,144.05,977.12,625.62,234.52,1.5618,2.6676,Moderate,False,False,0.0,0.0
Camp Kitchen & Tools,CAMP_KITCHEN_A_0058,Deepfreeze,Deepfreeze Pro,8,625.73,6417.1,5059.3,759.36,1.2684,6.6626,Fast,False,False,0.0,0.0
Camp Kitchen & Tools,CAMP_KITCHEN_A_0059,Highmark,Highmark Venture,12,31.29,424.63,378.0,86.22,1.1234,4.3843,Fast,False,False,0.0,0.0
Camp Kitchen & Tools,CAMP_KITCHEN_A_0060,Gravelpath,Gravelpath Comp,1,212.72,259.48,221.49,55.88,1.1715,3.9635,Fast,False,False,0.0,0.0
Camp Kitchen & Tools,CAMP_KITCHEN_A_0061,Deepfreeze,Deepfreeze Base,0,601.78,316.4,218.93,63.15,1.4452,3.4671,Fast,True,False,0.0,0.0
Camp Kitchen & Tools,CAMP_KITCHEN_A_0062,Gravelpath,Gravelpath LTD,2,340.99,1038.97,853.29,130.11,1.2176,6.5581,Fast,False,False,0.0,0.0
Camp Kitchen & Tools,CAMP_KITCHEN_A_0063,Highmark,Highmark Enduro,17,185.21,4711.65,3224.49,637.97,1.4612,5.0543,Fast,False,False,0.0,0.0
Camp Kitchen & Tools,CAMP_KITCHEN_A_0064,Coldrun,Coldrun Xpedition,0,218.45,174.61,117.64,22.44,1.4843,5.2432,Fast,True,False,0.0,0.0
Camp Kitchen & Tools,CAMP_KITCHEN_A_0065,Gravelpath,Gravelpath Signature,0,635.56,541.71,489.51,115.7,1.1067,4.231,Fast,True,False,0.0,0.0
Camp Kitchen & Tools,CAMP_KITCHEN_A_0066,Highmark,Highmark Summit,0,587.53,86.19,63.95,21.23,1.3478,3.0128,Fast,True,False,0.0,0.0
Camp Kitchen & Tools,CAMP_KITCHEN_A_0067,Deepfreeze,Deepfreeze Carbon,2,252.56,814.58,539.44,74.15,1.51,7.2749,Fast,False,False,0.0,0.0
Camp Kitchen & Tools,CAMP_KITCHEN_A_0068,Highmark,Highmark Summit,8,125.5,1675.18,1125.82,436.75,1.488,2.5777,Moderate,False,False,0.0,0.0
Camp Kitchen & Tools,CAMP_KITCHEN_A_0069,Clearwater,Clearwater Venture,1,357.43,622.43,359.73,77.19,1.7303,4.6602,Fast,False,False,0.0,0.0
Camp Kitchen & Tools,CAMP_KITCHEN_A_0070,Deepfreeze,Deepfreeze Ridge,32,193.74,8650.97,6354.24,538.49,1.3614,11.8,Fast,False,True,0.1849,0.4131
Camp Kitchen & Tools,CAMP_KITCHEN_A_0071,Coldrun,Coldrun X1,0,489.16,81.64,60.52,20.0,1.3489,3.0259,Fast,True,False,0.0,0.0
Camp Kitchen & Tools,CAMP_KITCHEN_A_0072,Deepfreeze,Deepfreeze Traverse,5,283.72,1726.43,1545.24,642.24,1.1173,2.406,Moderate,False,False,0.0,0.0
Camp Kitchen & Tools,CAMP_KITCHEN_A_0073,Deepfreeze,Deepfreeze Sport,1,588.11,1460.14,982.95,450.3,1.4855,2.1829,Moderate,False,True,0.1214,0.5104
Camp Kitchen & Tools,CAMP_KITCHEN_A_0074,Coldrun,Coldrun Series II,3,601.85,2860.01,1923.85,474.41,1.4866,4.0552,Fast,False,False,0.0,0.0
Camp Kitchen & Tools,CAMP_KITCHEN_A_0075,Clearwater,Clearwater Pro,6,84.49,946.66,539.58,128.08,1.7544,4.213,Fast,False,False,0.0,0.0
Camp Kitchen & Tools,CAMP_KITCHEN_A_0076,Clearwater,Clearwater Pro,1,161.49,265.88,164.03,44.01,1.621,3.7274,Fast,False,False,0.0,0.0
Camp Kitchen & Tools,CAMP_KITCHEN_A_0077,Deepfreeze,Deepfreeze Ridge,1,389.42,848.51,636.72,280.53,1.3326,2.2697,Moderate,False,False,0.0,0.0
Camp Kitchen & Tools,CAMP_KITCHEN_A_0078,Highmark,Highmark Lite,1,465.64,942.86,553.01,129.23,1.705,4.2794,Fast,False,False,0.0,0.0
Camp Kitchen & Tools,CAMP_KITCHEN_A_0079,Clearwater,Clearwater Comp,6,128.59,1285.88,789.57,108.51,1.6286,7.2763,Fast,False,False,0.0,0.0
Camp Kitchen & Tools,CAMP_KITCHEN_A_0080,Coldrun,Coldrun Venture,0,495.67,179.99,147.66,67.6,1.2189,2.1843,Moderate,True,False,0.0,0.0
Camp Kitchen & Tools,CAMP_KITCHEN_A_0081,Highmark,Highmark Trail,1,169.21,373.05,327.54,92.77,1.139,3.5308,Fast,False,False,0.0,0.0
Camp Kitchen & Tools,CAMP_KITCHEN_A_0082,Gravelpath,Gravelpath X1,13,63.17,1105.62,832.58,249.52,1.3279,3.3368,Fast,False,False,0.0,0.0
Camp Kitchen & Tools,CAMP_KITCHEN_A_0083,Clearwater,Clearwater Comp,0,251.58,101.36,66.47,20.0,1.5247,3.3237,Fast,True,False,0.0,0.0
Camp Kitchen & Tools,CAMP_KITCHEN_A_0084,Clearwater,Clearwater LTD,3,169.2,977.31,594.1,155.09,1.645,3.8306,Fast,False,False,0.0,0.0
Camp Kitchen & Tools,CAMP_KITCHEN_A_0085,Gravelpath,Gravelpath Origin,7,615.07,5372.79,4809.06,1092.08,1.1172,4.4036,Fast,False,False,0.0,0.0
Camp Kitchen & Tools,CAMP_KITCHEN_A_0086,Clearwater,Clearwater LTD,1,594.06,965.77,683.0,386.53,1.414,1.767,Moderate,False,False,0.0,0.0
Camp Kitchen & Tools,CAMP_KITCHEN_A_0087,Gravelpath,Gravelpath LTD,0,409.3,267.36,233.49,81.97,1.1451,2.8485,Moderate,True,False,0.0,0.0
Camp Kitchen & Tools,CAMP_KITCHEN_A_0088,Highmark,Highmark Carbon,0,627.5,51.27,42.72,20.0,1.2003,2.1358,Moderate,True,False,0.0,0.0
Camp Kitchen & Tools,CAMP_KITCHEN_A_0089,Highmark,Highmark Base,0,169.13,64.55,44.67,20.0,1.4451,2.2336,Moderate,True,False,0.0,0.0
Camp Kitchen & Tools,CAMP_KITCHEN_A_0090,Clearwater,Clearwater Crest,3,330.32,1911.73,1280.29,413.43,1.4932,3.0968,Fast,False,False,0.0,0.0
Camp Kitchen & Tools,CAMP_KITCHEN_A_0091,Clearwater,Clearwater Origin,26,88.74,3299.96,2390.08,349.94,1.3807,6.83,Fast,False,False,0.0,0.0
Camp Kitchen & Tools,CAMP_KITCHEN_A_0092,Deepfreeze,Deepfreeze Comp,10,514.67,7799.35,5211.3,1267.92,1.4966,4.1101,Fast,False,False,0.0,0.0
Camp Kitchen & Tools,CAMP_KITCHEN_A_0093,Clearwater,Clearwater Foundation,2,471.42,1523.02,1117.29,272.88,1.3631,4.0944,Fast,False,False,0.0,0.0
Camp Kitchen & Tools,CAMP_KITCHEN_A_0094,Highmark,Highmark Origin,7,203.92,1901.19,1480.07,429.98,1.2845,3.4422,Fast,False,False,0.0,0.0
Camp Kitchen & Tools,CAMP_KITCHEN_A_0095,Highmark,Highmark Enduro,0,256.5,363.06,230.38,172.89,1.5759,1.3325,Slow,True,False,0.0,0.0
Camp Kitchen & Tools,CAMP_KITCHEN_A_0096,Highmark,Highmark Signature,3,325.19,1247.71,1040.02,267.36,1.1997,3.89,Fast,False,False,0.0,0.0
Camp Kitchen & Tools,CAMP_KITCHEN_A_0097,Deepfreeze,Deepfreeze Pro,0,247.65,192.94,143.51,45.25,1.3445,3.1713,Fast,True,False,0.0,0.0
Camp Kitchen & Tools,CAMP_KITCHEN_A_0098,Highmark,Highmark Sport,0,238.91,255.14,178.99,32.61,1.4254,5.4896,Fast,True,False,0.0,0.0
Camp Kitchen & Tools,CAMP_KITCHEN_A_0099,Highmark,Highmark MAX,0,456.9,64.66,49.32,20.0,1.3109,2.4661,Moderate,True,False,0.0,0.0
Camp Kitchen & Tools,CAMP_KITCHEN_A_0100,Highmark,Highmark Signature,5,398.99,3027.46,2100.37,629.22,1.4414,3.3381,Fast,False,False,0.0,0.0
Camp Kitchen & Tools,CAMP_KITCHEN_A_0101,Highmark,Highmark Enduro,7,336.12,4083.98,2653.98,463.42,1.5388,5.727,Fast,False,False,0.0,0.0
Camp Kitchen & Tools,CAMP_KITCHEN_A_0102,Deepfreeze,Deepfreeze Trail,0,104.27,115.21,90.47,20.0,1.2735,4.5233,Fast,True,False,0.0,0.0
Camp Kitchen & Tools,CAMP_KITCHEN_A_0103,Clearwater,Clearwater Venture,2,145.66,317.67,311.44,162.93,1.02,1.9114,Moderate,False,False,0.0,0.0
Camp Kitchen & Tools,CAMP_KITCHEN_A_0104,Deepfreeze,Deepfreeze Sport,1,543.78,1175.51,925.04,503.46,1.2708,1.8374,Moderate,False,True,0.2023,0.5432
Camp Kitchen & Tools,CAMP_KITCHEN_A_0105,Clearwater,Clearwater Enduro,0,309.51,388.2,283.33,44.33,1.3701,6.3918,Fast,True,False,0.0,0.0
Camp Kitchen & Tools,CAMP_KITCHEN_A_0106,Gravelpath,Gravelpath Ascent,2,341.46,1190.86,836.0,155.54,1.4245,5.3748,Fast,False,False,0.0,0.0
Camp Kitchen & Tools,CAMP_KITCHEN_A_0107,Gravelpath,Gravelpath Crest,0,371.08,308.57,226.54,195.14,1.3621,1.1609,Slow,True,False,0.0,0.0
Camp Kitchen & Tools,CAMP_KITCHEN_A_0108,Clearwater,Clearwater Team,7,25.83,323.22,190.05,188.34,1.7007,1.0091,Slow,False,True,0.3137,0.4529
Camp Kitchen & Tools,CAMP_KITCHEN_A_0109,Gravelpath,Gravelpath Crest,0,357.29,338.66,239.53,81.65,1.4139,2.9335,Moderate,True,False,0.0,0.0
Camp Kitchen & Tools,CAMP_KITCHEN_A_0110,Highmark,Highmark MAX,5,501.12,4550.83,2875.39,685.03,1.5827,4.1975,Fast,False,False,0.0,0.0
Camp Kitchen & Tools,CAMP_KITCHEN_A_0111,Highmark,Highmark Pro,20,479.39,12927.73,10062.73,1621.75,1.2847,6.2048,Fast,False,False,0.0,0.0
Camp Kitchen & Tools,CAMP_KITCHEN_A_0112,Clearwater,Clearwater Apex,0,438.88,366.71,313.12,157.56,1.1712,1.9873,Moderate,True,False,0.0,0.0
Camp Kitchen & Tools,CAMP_KITCHEN_A_0113,Highmark,Highmark Summit,0,129.65,123.2,108.96,103.1,1.1307,1.0568,Slow,True,True,0.2624,0.3934
Camp Kitchen & Tools,CAMP_KITCHEN_A_0114,Highmark,Highmark Elite,3,237.49,1219.46,925.28,300.51,1.3179,3.0791,Fast,False,False,0.0,0.0
Camp Kitchen & Tools,CAMP_KITCHEN_A_0115,Clearwater,Clearwater Origin,3,114.58,638.22,411.68,131.76,1.5503,3.1246,Fast,False,False,0.0,0.0
Camp Kitchen & Tools,CAMP_KITCHEN_A_0116,Deepfreeze,Deepfreeze Carbon,2,542.92,1732.06,1169.08,144.81,1.4816,8.0732,Fast,False,False,0.0,0.0
Camp Kitchen & Tools,CAMP_KITCHEN_A_0117,Clearwater,Clearwater Series II,0,442.33,76.18,51.78,66.79,1.4712,0.7752,Slow,True,True,0.2924,0.6098
Camp Kitchen & Tools,CAMP_KITCHEN_A_0118,Clearwater,Clearwater Team,1,184.63,452.74,308.18,50.61,1.4691,6.089,Fast,False,False,0.0,0.0
Camp Kitchen & Tools,CAMP_KITCHEN_A_0119,Deepfreeze,Deepfreeze X1,5,134.13,1118.37,735.46,52.9,1.5206,13.9019,Fast,False,True,0.2341,0.1534
Camp Kitchen & Tools,CAMP_KITCHEN_A_0120,Clearwater,Clearwater Trail,0,92.43,126.6,82.8,20.0,1.5289,4.14,Fast,True,False,0.0,0.0
Camp Kitchen & Tools,CAMP_KITCHEN_A_0121,Highmark,Highmark Comp,1,640.87,1072.89,719.71,124.85,1.4907,5.7646,Fast,False,False,0.0,0.0
Camp Kitchen & Tools,CAMP_KITCHEN_A_0122,Highmark,Highmark Pro,4,302.74,1970.31,1329.66,231.34,1.4818,5.7478,Fast,False,False,0.0,0.0
Camp Kitchen & Tools,CAMP_KITCHEN_A_0123,Highmark,Highmark Summit,35,48.52,2610.04,1723.06,143.89,1.5148,11.9747,Fast,False,False,0.0,0.0
Camp Kitchen & Tools,CAMP_KITCHEN_A_0124,Highmark,Highmark X1,0,624.95,107.48,77.35,20.0,1.3895,3.8677,Fast,True,False,0.0,0.0
Camp Kitchen & Tools,CAMP_KITCHEN_A_0125,Deepfreeze,Deepfreeze Base,31,480.34,18939.62,14965.27,1309.2,1.2656,11.4308,Fast,False,False,0.0,0.0
Camp Kitchen & Tools,CAMP_KITCHEN_A_0126,Deepfreeze,Deepfreeze Series II,0,546.36,166.77,96.97,20.0,1.7198,4.8484,Fast,True,False,0.0,0.0
Camp Kitchen & Tools,CAMP_KITCHEN_A_0127,Highmark,Highmark Foundation,19,171.05,4742.87,3411.33,612.78,1.3903,5.567,Fast,False,False,0.0,0.0
Camp Kitchen & Tools,CAMP_KITCHEN_A_0128,Gravelpath,Gravelpath Ridge,6,149.07,1710.69,1010.96,213.02,1.6921,4.7458,Fast,False,False,0.0,0.0
Camp Kitchen & Tools,CAMP_KITCHEN_A_0129,Deepfreeze,Deepfreeze Origin,0,158.78,218.91,151.19,20.0,1.448,7.5593,Fast,True,False,0.0,0.0
Camp Kitchen & Tools,CAMP_KITCHEN_A_0130,Coldrun,Coldrun MAX,0,540.19,320.82,216.34,20.0,1.4829,10.8171,Fast,True,False,0.0,0.0
Camp Kitchen & Tools,CAMP_KITCHEN_A_0131,Coldrun,Coldrun Traverse,0,192.21,46.56,35.76,20.0,1.302,1.7879,Moderate,True,False,0.0,0.0
Camp Kitchen & Tools,CAMP_KITCHEN_A_0132,Deepfreeze,Deepfreeze Signature,9,89.83,912.5,894.61,355.87,1.02,2.5139,Moderate,False,False,0.0,0.0
Camp Kitchen & Tools,CAMP_KITCHEN_A_0133,Gravelpath,Gravelpath Sport,1,535.21,1379.11,791.16,416.15,1.7431,1.9012,Moderate,False,True,0.2146,0.4017
Camp Kitchen & Tools,CAMP_KITCHEN_A_0134,Gravelpath,Gravelpath Base,1,238.2,659.04,422.33,62.4,1.5605,6.768,Fast,False,False,0.0,0.0
Camp Kitchen & Tools,CAMP_KITCHEN_A_0135,Coldrun,Coldrun LTD,0,238.56,112.09,63.47,20.0,1.766,3.1735,Fast,True,False,0.0,0.0
Camp Kitchen & Tools,CAMP_KITCHEN_A_0136,Gravelpath,Gravelpath Sport,1,599.96,994.18,753.66,239.96,1.3191,3.1407,Fast,False,False,0.0,0.0
Camp Kitchen & Tools,CAMP_KITCHEN_A_0137,Clearwater,Clearwater Comp,3,333.87,1949.26,1257.42,138.9,1.5502,9.0526,Fast,False,False,0.0,0.0
Camp Kitchen & Tools,CAMP_KITCHEN_A_0138,Coldrun,Coldrun LTD,4,87.21,603.7,357.81,51.89,1.6872,6.8959,Fast,False,False,0.0,0.0
Camp Kitchen & Tools,CAMP_KITCHEN_A_0139,Coldrun,Coldrun Lite,0,479.66,186.33,115.9,20.0,1.6077,5.7951,Fast,True,False,0.0,0.0
Camp Kitchen & Tools,CAMP_KITCHEN_A_0140,Highmark,Highmark Series II,1,259.18,660.59,419.03,82.07,1.5765,5.1058,Fast,False,False,0.0,0.0
Camp Kitchen & Tools,CAMP_KITCHEN_A_0141,Gravelpath,Gravelpath Sport,0,201.39,67.55,52.23,20.0,1.2933,2.6115,Moderate,True,False,0.0,0.0
Camp Kitchen & Tools,CAMP_KITCHEN_A_0142,Gravelpath,Gravelpath Crest,42,73.37,4320.34,3101.69,542.02,1.3929,5.7224,Fast,False,False,0.0,0.0
Camp Kitchen & Tools,CAMP_KITCHEN_A_0143,Deepfreeze,Deepfreeze Carbon,30,100.75,4542.01,3043.51,378.84,1.4924,8.0338,Fast,False,False,0.0,0.0
Camp Kitchen & Tools,CAMP_KITCHEN_A_0144,Coldrun,Coldrun Xpedition,0,642.82,829.72,546.37,107.28,1.5186,5.0929,Fast,True,False,0.0,0.0
Camp Kitchen & Tools,CAMP_KITCHEN_A_0145,Highmark,Highmark X1,3,99.13,465.22,332.4,43.04,1.3996,7.7239,Fast,False,False,0.0,0.0
Camp Kitchen & Tools,CAMP_KITCHEN_A_0146,Highmark,Highmark Comp,20,159.16,4684.47,3289.59,325.11,1.424,10.1184,Fast,False,False,0.0,0.0
Camp Kitchen & Tools,CAMP_KITCHEN_A_0147,Highmark,Highmark Elite,50,153.65,10458.05,7811.8,1839.53,1.3388,4.2466,Fast,False,False,0.0,0.0
Camp Kitchen & Tools,CAMP_KITCHEN_A_0148,Highmark,Highmark Crest,1,150.98,365.36,224.27,119.25,1.6291,1.8807,Moderate,False,False,0.0,0.0
Camp Kitchen & Tools,CAMP_KITCHEN_A_0149,Clearwater,Clearwater Elite,2,386.1,1075.44,784.96,207.35,1.3701,3.7856,Fast,False,False,0.0,0.0
Camp Kitchen & Tools,CAMP_KITCHEN_A_0150,Coldrun,Coldrun Traverse,0,167.87,149.09,101.55,37.5,1.4681,2.7077,Moderate,True,False,0.0,0.0
Camp Kitchen & Tools,CAMP_KITCHEN_A_0151,Clearwater,Clearwater Crest,3,603.77,2640.31,1819.48,294.11,1.4511,6.1863,Fast,False,False,0.0,0.0
Camp Kitchen & Tools,CAMP_KITCHEN_A_0152,Gravelpath,Gravelpath X1,0,629.48,201.71,141.63,56.34,1.4242,2.5138,Moderate,True,False,0.0,0.0
Camp Kitchen & Tools,CAMP_KITCHEN_A_0153,Clearwater,Clearwater Apex,4,375.95,2407.27,1711.3,428.85,1.4067,3.9905,Fast,False,False,0.0,0.0
Camp Kitchen & Tools,CAMP_KITCHEN_A_0154,Deepfreeze,Deepfreeze Sport,0,523.11,199.14,146.11,57.54,1.3629,2.5392,Moderate,True,False,0.0,0.0
Camp Kitchen & Tools,CAMP_KITCHEN_A_0155,Clearwater,Clearwater Xpedition,0,515.67,203.04,169.83,20.0,1.1955,8.4916,Fast,True,False,0.0,0.0
Camp Kitchen & Tools,CAMP_KITCHEN_A_0156,Coldrun,Coldrun Traverse,1,518.36,1377.62,1005.29,411.57,1.3704,2.4426,Moderate,False,False,0.0,0.0
Camp Kitchen & Tools,CAMP_KITCHEN_A_0157,Clearwater,Clearwater Venture,1,534.71,692.88,610.29,40.81,1.1353,14.9562,Fast,False,False,0.0,0.0
Camp Kitchen & Tools,CAMP_KITCHEN_A_0158,Deepfreeze,Deepfreeze LTD,0,609.79,37.94,24.55,20.0,1.5459,1.2273,Slow,True,False,0.0,0.0
Camp Kitchen & Tools,CAMP_KITCHEN_A_0159,Highmark,Highmark Xpedition,2,492.97,1647.75,1021.68,551.46,1.6128,1.8527,Moderate,False,False,0.0,0.0
Camp Kitchen & Tools,CAMP_KITCHEN_A_0160,Deepfreeze,Deepfreeze Apex,0,323.81,460.5,309.85,73.79,1.4862,4.1988,Fast,True,False,0.0,0.0
Camp Kitchen & Tools,CAMP_KITCHEN_A_0161,Clearwater,Clearwater Ridge,5,461.57,3223.13,2384.18,358.67,1.3519,6.6473,Fast,False,False,0.0,0.0
Camp Kitchen & Tools,CAMP_KITCHEN_A_0162,Deepfreeze,Deepfreeze Ridge,0,495.6,180.13,125.2,20.0,1.4387,6.2602,Fast,True,False,0.0,0.0
Camp Kitchen & Tools,CAMP_KITCHEN_A_0163,Coldrun,Coldrun Tour,2,132.63,326.89,280.0,39.53,1.1675,7.0835,Fast,False,False,0.0,0.0
Camp Kitchen & Tools,CAMP_KITCHEN_A_0164,Clearwater,Clearwater Base,5,573.89,5676.33,3407.81,620.55,1.6657,5.4916,Fast,False,False,0.0,0.0
Camp Kitchen & Tools,CAMP_KITCHEN_A_0165,Deepfreeze,Deepfreeze Team,2,393.04,1251.19,830.92,261.49,1.5058,3.1776,Fast,False,False,0.0,0.0
Camp Kitchen & Tools,CAMP_KITCHEN_A_0166,Coldrun,Coldrun X1,10,287.96,3737.75,2999.16,713.63,1.2463,4.2027,Fast,False,False,0.0,0.0
Camp Kitchen & Tools,CAMP_KITCHEN_A_0167,Deepfreeze,Deepfreeze Trail,0,321.7,234.1,191.22,20.0,1.2242,9.5611,Fast,True,False,0.0,0.0
Camp Kitchen & Tools,CAMP_KITCHEN_A_0168,Highmark,Highmark Origin,16,370.4,9349.43,6258.17,634.0,1.494,9.871,Fast,False,False,0.0,0.0
Camp Kitchen & Tools,CAMP_KITCHEN_A_0169,Deepfreeze,Deepfreeze Enduro,0,348.54,461.11,319.51,100.07,1.4432,3.1928,Fast,True,False,0.0,0.0
Camp Kitchen & Tools,CAMP_KITCHEN_A_0170,Deepfreeze,Deepfreeze Tour,6,94.49,643.96,590.21,96.29,1.0911,6.1295,Fast,False,False,0.0,0.0
Camp Kitchen & Tools,CAMP_KITCHEN_A_0171,Highmark,Highmark Ascent,1,36.35,74.17,49.9,20.0,1.4862,2.4952,Moderate,False,False,0.0,0.0
Camp Kitchen & Tools,CAMP_KITCHEN_A_0172,Deepfreeze,Deepfreeze Summit,0,212.23,151.07,106.62,24.09,1.4169,4.4261,Fast,True,True,0.1074,0.2569
Camp Kitchen & Tools,CAMP_KITCHEN_A_0173,Deepfreeze,Deepfreeze Pro,0,199.95,283.74,172.43,58.14,1.6456,2.9656,Moderate,True,False,0.0,0.0
Camp Kitchen & Tools,CAMP_KITCHEN_A_0174,Highmark,Highmark Carbon,0,356.38,133.59,101.99,32.42,1.3099,3.1456,Fast,True,True,0.1393,0.296
Camp Kitchen & Tools,CAMP_KITCHEN_A_0175,Deepfreeze,Deepfreeze Ridge,28,278.4,10816.49,7798.88,686.9,1.3869,11.3537,Fast,False,False,0.0,0.0
Camp Kitchen & Tools,CAMP_KITCHEN_A_0176,Gravelpath,Gravelpath Lite,13,229.7,5294.15,3045.95,363.42,1.7381,8.3812,Fast,False,False,0.0,0.0
Camp Kitchen & Tools,CAMP_KITCHEN_A_0177,Coldrun,Coldrun Apex,0,55.68,65.37,44.95,20.0,1.4544,2.2475,Moderate,True,False,0.0,0.0
Camp Kitchen & Tools,CAMP_KITCHEN_A_0178,Clearwater,Clearwater Pro,2,535.42,1834.6,1330.07,226.56,1.3793,5.8708,Fast,False,False,0.0,0.0
Camp Kitchen & Tools,CAMP_KITCHEN_A_0179,Deepfreeze,Deepfreeze Origin,38,289.38,20751.19,11208.9,873.35,1.8513,12.8344,Fast,False,False,0.0,0.0
Camp Kitchen & Tools,CAMP_KITCHEN_A_0180,Gravelpath,Gravelpath Series II,4,220.86,1298.31,1020.19,111.24,1.2726,9.1708,Fast,False,False,0.0,0.0
Camp Kitchen & Tools,CAMP_KITCHEN_A_0181,Deepfreeze,Deepfreeze Origin,6,264.64,2198.26,1829.47,756.79,1.2016,2.4174,Moderate,False,False,0.0,0.0
Camp Kitchen & Tools,CAMP_KITCHEN_A_0182,Gravelpath,Gravelpath Crest,5,401.74,3141.82,2370.34,252.84,1.3255,9.3747,Fast,False,False,0.0,0.0
Camp Kitchen & Tools,CAMP_KITCHEN_A_0183,Coldrun,Coldrun Origin,7,555.95,5852.0,4050.09,959.26,1.4449,4.2221,Fast,False,False,0.0,0.0
Camp Kitchen & Tools,CAMP_KITCHEN_A_0184,Clearwater,Clearwater Summit,0,465.42,356.11,288.8,181.01,1.2331,1.5955,Moderate,True,False,0.0,0.0
Camp Kitchen & Tools,CAMP_KITCHEN_A_0185,Clearwater,Clearwater Apex,8,124.37,1890.07,1074.56,156.9,1.7589,6.8487,Fast,False,False,0.0,0.0
Camp Kitchen & Tools,CAMP_KITCHEN_A_0186,Deepfreeze,Deepfreeze Summit,0,149.25,148.53,109.11,37.06,1.3613,2.9444,Moderate,True,False,0.0,0.0
Camp Kitchen & Tools,CAMP_KITCHEN_A_0187,Deepfreeze,Deepfreeze LTD,1,442.38,870.62,621.51,76.4,1.4008,8.1353,Fast,False,False,0.0,0.0
Camp Kitchen & Tools,CAMP_KITCHEN_A_0188,Highmark,Highmark Comp,0,154.2,100.94,70.81,20.0,1.4255,3.5403,Fast,True,False,0.0,0.0
Camp Kitchen & Tools,CAMP_KITCHEN_A_0189,Gravelpath,Gravelpath MAX,2,473.85,1725.3,1249.05,422.23,1.3813,2.9582,Moderate,False,False,0.0,0.0
Camp Kitchen & Tools,CAMP_KITCHEN_A_0190,Gravelpath,Gravelpath Origin,7,345.16,3151.48,2492.01,381.66,1.2646,6.5295,Fast,False,False,0.0,0.0
Camp Kitchen & Tools,CAMP_KITCHEN_A_0191,Coldrun,Coldrun Signature,19,152.59,4364.28,3036.49,396.05,1.4373,7.667,Fast,False,False,0.0,0.0
Camp Kitchen & Tools,CAMP_KITCHEN_A_0192,Gravelpath,Gravelpath Lite,1,145.3,329.77,203.9,62.68,1.6173,3.2529,Fast,False,False,0.0,0.0
Camp Kitchen & Tools,CAMP_KITCHEN_A_0193,Highmark,Highmark Series II,5,440.28,2969.16,2513.8,438.09,1.1811,5.7381,Fast,False,False,0.0,0.0
Camp Kitchen & Tools,CAMP_KITCHEN_A_0194,Gravelpath,Gravelpath Enduro,1,539.3,1408.43,968.63,445.93,1.454,2.1721,Moderate,False,False,0.0,0.0
Camp Kitchen & Tools,CAMP_KITCHEN_A_0195,Gravelpath,Gravelpath Lite,7,270.98,3176.42,2017.85,376.79,1.5742,5.3553,Fast,False,False,0.0,0.0
Camp Kitchen & Tools,CAMP_KITCHEN_A_0196,Clearwater,Clearwater Enduro,3,117.47,536.49,385.96,70.33,1.39,5.4875,Fast,False,False,0.0,0.0
Camp Kitchen & Tools,CAMP_KITCHEN_A_0197,Coldrun,Coldrun Signature,0,437.11,159.58,100.2,20.0,1.5926,5.0101,Fast,True,False,0.0,0.0
Camp Kitchen & Tools,CAMP_KITCHEN_A_0198,Deepfreeze,Deepfreeze Series II,0,579.37,253.78,161.81,42.58,1.5684,3.8005,Fast,True,False,0.0,0.0
Camp Kitchen & Tools,CAMP_KITCHEN_A_0199,Deepfreeze,Deepfreeze Tour,1,537.47,1381.31,838.54,284.35,1.6473,2.949,Moderate,False,False,0.0,0.0
Camp Kitchen & Tools,CAMP_KITCHEN_A_0200,Coldrun,Coldrun Pro,7,41.01,440.64,295.7,190.64,1.4902,1.5511,Moderate,False,True,0.1973,0.3727
Camp Kitchen & Tools,CAMP_KITCHEN_A_0201,Clearwater,Clearwater Summit,0,525.89,153.78,109.13,23.1,1.4091,4.7243,Fast,True,False,0.0,0.0
Camp Kitchen & Tools,CAMP_KITCHEN_A_0202,Gravelpath,Gravelpath Enduro,0,566.91,599.87,311.88,95.3,1.9234,3.2726,Fast,True,False,0.0,0.0
Camp Kitchen & Tools,CAMP_KITCHEN_A_0203,Coldrun,Coldrun Xpedition,0,189.3,190.63,156.81,35.88,1.2157,4.3703,Fast,True,False,0.0,0.0
Camp Kitchen & Tools,CAMP_KITCHEN_A_0204,Coldrun,Coldrun Comp,5,158.94,1306.35,945.68,366.75,1.3814,2.5785,Moderate,False,False,0.0,0.0
Camp Kitchen & Tools,CAMP_KITCHEN_A_0205,Gravelpath,Gravelpath Tour,199,34.44,7722.18,6864.61,1080.03,1.1249,6.3559,Fast,False,False,0.0,0.0
Camp Kitchen & Tools,CAMP_KITCHEN_A_0206,Deepfreeze,Deepfreeze Ridge,6,189.27,1745.69,1321.33,408.39,1.3212,3.2354,Fast,False,False,0.0,0.0
Camp Kitchen & Tools,CAMP_KITCHEN_A_0207,Highmark,Highmark Signature,10,265.39,3540.77,2770.36,602.88,1.2781,4.5952,Fast,False,False,0.0,0.0
Camp Kitchen & Tools,CAMP_KITCHEN_A_0208,Clearwater,Clearwater Comp,0,455.03,103.55,89.29,20.0,1.1597,4.4647,Fast,True,False,0.0,0.0
Camp Kitchen & Tools,CAMP_KITCHEN_A_0209,Highmark,Highmark Enduro,15,89.98,2114.48,1438.75,505.6,1.4697,2.8457,Moderate,False,False,0.0,0.0
Camp Kitchen & Tools,CAMP_KITCHEN_A_0210,Deepfreeze,Deepfreeze Foundation,3,370.11,1919.4,1459.57,307.53,1.3151,4.7461,Fast,False,False,0.0,0.0
Camp Kitchen & Tools,CAMP_KITCHEN_A_0211,Highmark,Highmark Ascent,3,498.75,2439.45,1766.03,212.49,1.3813,8.311,Fast,False,False,0.0,0.0
Camp Kitchen & Tools,CAMP_KITCHEN_A_0212,Gravelpath,Gravelpath Team,0,227.84,155.23,98.37,33.81,1.5779,2.9094,Moderate,True,False,0.0,0.0
Camp Kitchen & Tools,CAMP_KITCHEN_A_0213,Deepfreeze,Deepfreeze Foundation,1,133.13,258.15,185.57,34.59,1.3912,5.365,Fast,False,False,0.0,0.0
Camp Kitchen & Tools,CAMP_KITCHEN_A_0214,Clearwater,Clearwater Ridge,10,132.03,2091.0,1440.4,483.47,1.4517,2.9793,Moderate,False,False,0.0,0.0
Camp Kitchen & Tools,CAMP_KITCHEN_A_0215,Gravelpath,Gravelpath Carbon,0,437.49,313.7,212.69,20.0,1.4749,10.6345,Fast,True,False,0.0,0.0
Camp Kitchen & Tools,CAMP_KITCHEN_A_0216,Clearwater,Clearwater Tour,28,312.45,12115.37,8832.44,2564.13,1.3717,3.4446,Fast,False,False,0.0,0.0
Camp Kitchen & Tools,CAMP_KITCHEN_A_0217,Gravelpath,Gravelpath Series II,0,187.03,215.47,151.39,20.0,1.4233,7.5693,Fast,True,False,0.0,0.0
Camp Kitchen & Tools,CAMP_KITCHEN_A_0218,Coldrun,Coldrun Signature,23,137.37,5226.4,3203.22,534.12,1.6316,5.9971,Fast,False,False,0.0,0.0
Camp Kitchen & Tools,CAMP_KITCHEN_A_0219,Gravelpath,Gravelpath Lite,0,526.57,348.8,234.24,164.83,1.4891,1.4211,Slow,True,False,0.0,0.0
Camp Kitchen & Tools,CAMP_KITCHEN_A_0220,Coldrun,Coldrun Summit,7,151.91,1625.36,1086.22,331.58,1.4963,3.2759,Fast,False,False,0.0,0.0
Camp Kitchen & Tools,CAMP_KITCHEN_A_0221,Highmark,Highmark Ascent,15,88.98,2126.22,1403.25,874.68,1.5152,1.6043,Moderate,False,False,0.0,0.0
Camp Kitchen & Tools,CAMP_KITCHEN_A_0222,Coldrun,Coldrun Sport,0,290.43,86.43,71.06,29.18,1.2164,2.4353,Moderate,True,False,0.0,0.0
Camp Kitchen & Tools,CAMP_KITCHEN_A_0223,Highmark,Highmark X1,1,29.9,58.62,40.78,20.0,1.4374,2.0392,Moderate,False,False,0.0,0.0
Camp Kitchen & Tools,CAMP_KITCHEN_A_0224,Highmark,Highmark Ascent,4,299.48,2273.49,1446.77,348.94,1.5714,4.1462,Fast,False,False,0.0,0.0
Camp Kitchen & Tools,CAMP_KITCHEN_A_0225,Coldrun,Coldrun Comp,25,46.67,1543.36,1204.73,288.6,1.2811,4.1744,Fast,False,False,0.0,0.0
Camp Kitchen & Tools,CAMP_KITCHEN_A_0226,Gravelpath,Gravelpath Xpedition,0,570.67,474.11,316.79,99.23,1.4966,3.1926,Fast,True,False,0.0,0.0
Camp Kitchen & Tools,CAMP_KITCHEN_A_0227,Clearwater,Clearwater LTD,4,181.82,1124.13,797.97,198.66,1.4087,4.0168,Fast,False,False,0.0,0.0
Camp Kitchen & Tools,CAMP_KITCHEN_A_0228,Deepfreeze,Deepfreeze Ascent,6,640.32,7086.74,4360.37,526.2,1.6253,8.2866,Fast,False,False,0.0,0.0
Camp Kitchen & Tools,CAMP_KITCHEN_A_0229,Highmark,Highmark LTD,0,599.51,58.98,44.2,20.0,1.3343,2.2101,Moderate,True,False,0.0,0.0
Camp Kitchen & Tools,CAMP_KITCHEN_A_0230,Gravelpath,Gravelpath Tour,1,396.42,938.68,715.87,273.31,1.3113,2.6193,Moderate,False,False,0.0,0.0
Camp Kitchen & Tools,CAMP_KITCHEN_A_0231,Deepfreeze,Deepfreeze Traverse,0,629.35,123.84,95.33,20.0,1.2991,4.7663,Fast,True,False,0.0,0.0
Camp Kitchen & Tools,CAMP_KITCHEN_A_0232,Gravelpath,Gravelpath MAX,2,279.85,1053.04,628.12,275.1,1.6765,2.2833,Moderate,False,False,0.0,0.0
Camp Kitchen & Tools,CAMP_KITCHEN_A_0233,Deepfreeze,Deepfreeze Enduro,0,507.26,254.02,188.48,20.0,1.3477,9.4241,Fast,True,False,0.0,0.0
Camp Kitchen & Tools,CAMP_KITCHEN_A_0234,Deepfreeze,Deepfreeze Pro,7,83.46,900.32,618.26,85.93,1.4562,7.1952,Fast,False,False,0.0,0.0
Camp Kitchen & Tools,CAMP_KITCHEN_A_0235,Coldrun,Coldrun Ridge,0,373.7,435.24,369.3,75.29,1.1785,4.9049,Fast,True,False,0.0,0.0
Camp Kitchen & Tools,CAMP_KITCHEN_A_0236,Clearwater,Clearwater Sport,7,586.36,7478.13,4619.43,1257.55,1.6188,3.6734,Fast,False,False,0.0,0.0
Camp Kitchen & Tools,CAMP_KITCHEN_A_0237,Clearwater,Clearwater Lite,0,180.98,188.08,131.86,180.5,1.4263,0.7305,Slow,True,True,0.3164,0.5758
Camp Kitchen & Tools,CAMP_KITCHEN_A_0238,Gravelpath,Gravelpath Signature,0,575.75,252.79,214.36,79.04,1.1793,2.7122,Moderate,True,False,0.0,0.0
Camp Kitchen & Tools,CAMP_KITCHEN_A_0239,Coldrun,Coldrun Team,0,310.33,244.25,145.64,20.0,1.6771,7.2822,Fast,True,False,0.0,0.0
Navigation & Safety,NAVIGATION_AND_0001,Dustfall,Dustfall Lite,8,312.56,3443.67,2669.25,456.42,1.2901,5.8482,Fast,False,False,0.0,0.0
Navigation & Safety,NAVIGATION_AND_0002,Trailhead,Trailhead Apex,1,587.23,901.02,739.41,633.4,1.2186,1.1674,Slow,False,True,0.2165,0.4291
Navigation & Safety,NAVIGATION_AND_0003,Basecamp,Basecamp MAX,0,630.84,194.03,126.62,82.18,1.5323,1.5407,Moderate,True,False,0.0,0.0
Navigation & Safety,NAVIGATION_AND_0004,Trailhead,Trailhead Sport,4,61.05,346.53,270.76,139.1,1.2798,1.9465,Moderate,False,False,0.0,0.0
Navigation & Safety,NAVIGATION_AND_0005,Basecamp,Basecamp Origin,134,80.18,15227.97,10780.68,1332.62,1.4125,8.0898,Fast,False,False,0.0,0.0
Navigation & Safety,NAVIGATION_AND_0006,Ridgecrest,Ridgecrest Foundation,32,55.99,2244.2,1821.02,582.4,1.2324,3.1267,Fast,False,False,0.0,0.0
Navigation & Safety,NAVIGATION_AND_0007,Basecamp,Basecamp Comp,2,277.04,773.12,706.06,213.23,1.095,3.3113,Fast,False,False,0.0,0.0
Navigation & Safety,NAVIGATION_AND_0008,Dustfall,Dustfall LTD,1,342.21,781.53,597.74,202.58,1.3075,2.9506,Moderate,False,False,0.0,0.0
Navigation & Safety,NAVIGATION_AND_0009,Ironpass,Ironpass Crest,3,91.7,470.93,361.33,293.38,1.3033,1.2316,Slow,False,False,0.0,0.0
Navigation & Safety,NAVIGATION_AND_0010,Canyonset,Canyonset Enduro,0,437.37,381.16,278.15,346.97,1.3703,0.8017,Slow,True,False,0.0,0.0
Navigation & Safety,NAVIGATION_AND_0011,Dustfall,Dustfall Elite,1,622.79,1588.65,1118.44,237.06,1.4204,4.718,Fast,False,False,0.0,0.0
Navigation & Safety,NAVIGATION_AND_0012,Basecamp,Basecamp Base,3,55.49,241.96,175.44,88.29,1.3791,1.9872,Moderate,False,False,0.0,0.0
Navigation & Safety,NAVIGATION_AND_0013,Dustfall,Dustfall Crest,11,118.66,2220.65,1375.18,539.5,1.6148,2.549,Moderate,False,True,0.1772,0.3425
Navigation & Safety,NAVIGATION_AND_0014,Canyonset,Canyonset Foundation,16,640.74,16519.02,10509.49,3132.15,1.5718,3.3554,Fast,False,False,0.0,0.0
Navigation & Safety,NAVIGATION_AND_0015,Ridgecrest,Ridgecrest Series II,5,142.37,1334.0,766.65,220.6,1.7401,3.4754,Fast,False,False,0.0,0.0
Navigation & Safety,NAVIGATION_AND_0016,Canyonset,Canyonset Xpedition,4,383.41,2591.59,1580.25,528.47,1.64,2.9903,Moderate,False,False,0.0,0.0
Navigation & Safety,NAVIGATION_AND_0017,Ridgecrest,Ridgecrest Elite,137,55.05,10728.84,7558.39,1199.25,1.4195,6.3026,Fast,False,False,0.0,0.0
Navigation & Safety,NAVIGATION_AND_0018,Basecamp,Basecamp LTD,79,61.37,5441.53,4882.78,1045.22,1.1144,4.6715,Fast,False,False,0.0,0.0
Navigation & Safety,NAVIGATION_AND_0019,Basecamp,Basecamp Signature,3,478.5,2636.56,1698.51,507.17,1.5523,3.349,Fast,False,False,0.0,0.0
Navigation & Safety,NAVIGATION_AND_0020,Canyonset,Canyonset Series II,153,50.25,9259.58,7737.38,2244.18,1.1967,3.4477,Fast,False,False,0.0,0.0
Navigation & Safety,NAVIGATION_AND_0021,Ironpass,Ironpass LTD,4,55.84,335.52,233.73,116.37,1.4355,2.0085,Moderate,False,False,0.0,0.0
Navigation & Safety,NAVIGATION_AND_0022,Ironpass,Ironpass X1,5,633.18,5201.28,3368.55,831.46,1.5441,4.0514,Fast,False,False,0.0,0.0
Navigation & Safety,NAVIGATION_AND_0023,Ironpass,Ironpass Elite,7,61.05,785.44,486.33,350.01,1.615,1.3895,Slow,False,True,0.3407,0.6159
Navigation & Safety,NAVIGATION_AND_0024,Trailhead,Trailhead Apex,0,341.67,361.02,319.17,224.98,1.1311,1.4187,Slow,True,False,0.0,0.0
Navigation & Safety,NAVIGATION_AND_0025,Canyonset,Canyonset Base,18,32.53,692.61,594.04,752.32,1.1659,0.7896,Slow,False,True,0.1609,0.4298
Navigation & Safety,NAVIGATION_AND_0026,Ironpass,Ironpass Enduro,0,151.78,72.66,52.73,41.66,1.3778,1.2657,Slow,True,False,0.0,0.0
Navigation & Safety,NAVIGATION_AND_0027,Trailhead,Trailhead Apex,4,53.24,347.64,228.55,105.14,1.521,2.1738,Moderate,False,True,0.1387,0.3731
Navigation & Safety,NAVIGATION_AND_0028,Canyonset,Canyonset Sport,1,46.25,67.05,49.03,20.0,1.3676,2.4515,Moderate,False,False,0.0,0.0
Navigation & Safety,NAVIGATION_AND_0029,Dustfall,Dustfall Carbon,0,579.13,138.19,106.2,111.28,1.3012,0.9544,Slow,True,False,0.0,0.0
Navigation & Safety,NAVIGATION_AND_0030,Dustfall,Dustfall Traverse,28,135.45,4763.45,3864.49,2882.39,1.2326,1.3407,Slow,False,False,0.0,0.0
Navigation & Safety,NAVIGATION_AND_0031,Ridgecrest,Ridgecrest MAX,5,468.6,3059.99,2353.63,775.12,1.3001,3.0365,Fast,False,False,0.0,0.0
Navigation & Safety,NAVIGATION_AND_0032,Ridgecrest,Ridgecrest Signature,0,92.36,32.8,27.78,71.86,1.1811,0.3865,Dead,True,True,0.212,0.6708
Navigation & Safety,NAVIGATION_AND_0033,Ironpass,Ironpass Ascent,7,473.37,5509.13,3618.34,612.76,1.5226,5.905,Fast,False,False,0.0,0.0
Navigation & Safety,NAVIGATION_AND_0034,Dustfall,Dustfall Origin,0,618.59,645.18,429.25,201.31,1.503,2.1323,Moderate,True,False,0.0,0.0
Navigation & Safety,NAVIGATION_AND_0035,Ridgecrest,Ridgecrest LTD,15,136.61,2852.94,2180.63,366.44,1.3083,5.9509,Fast,False,False,0.0,0.0
Navigation & Safety,NAVIGATION_AND_0036,Trailhead,Trailhead Apex,8,262.9,3354.04,2252.7,1387.93,1.4889,1.6231,Moderate,False,True,0.2118,0.5928
Navigation & Safety,NAVIGATION_AND_0037,Ironpass,Ironpass Sport,1,324.35,498.46,346.2,318.71,1.4398,1.0863,Slow,False,False,0.0,0.0
Navigation & Safety,NAVIGATION_AND_0038,Basecamp,Basecamp Carbon,7,401.31,4108.23,2980.61,622.58,1.3783,4.7876,Fast,False,False,0.0,0.0
Navigation & Safety,NAVIGATION_AND_0039,Basecamp,Basecamp Summit,5,282.44,1909.53,1535.92,253.49,1.2432,6.059,Fast,False,False,0.0,0.0
Navigation & Safety,NAVIGATION_AND_0040,Ironpass,Ironpass Tour,1,182.67,334.53,254.94,116.59,1.3122,2.1866,Moderate,False,False,0.0,0.0
Navigation & Safety,NAVIGATION_AND_0041,Ironpass,Ironpass Pro,8,597.73,5869.38,4808.12,869.41,1.2207,5.5303,Fast,False,True,0.1424,0.2969
Navigation & Safety,NAVIGATION_AND_0042,Dustfall,Dustfall Ridge,4,629.47,3578.76,2812.63,943.68,1.2724,2.9805,Moderate,False,False,0.0,0.0
Navigation & Safety,NAVIGATION_AND_0043,Trailhead,Trailhead Carbon,0,451.49,423.2,303.85,256.74,1.3928,1.1835,Slow,True,False,0.0,0.0
Navigation & Safety,NAVIGATION_AND_0044,Basecamp,Basecamp Xpedition,11,413.59,6518.71,4862.83,1503.4,1.3405,3.2345,Fast,False,False,0.0,0.0
Navigation & Safety,NAVIGATION_AND_0045,Trailhead,Trailhead Traverse,4,416.41,2713.03,2024.64,803.47,1.34,2.5199,Moderate,False,False,0.0,0.0
Navigation & Safety,NAVIGATION_AND_0046,Ironpass,Ironpass Enduro,6,449.22,3405.24,2713.34,661.41,1.255,4.1024,Fast,False,False,0.0,0.0
Navigation & Safety,NAVIGATION_AND_0047,Dustfall,Dustfall Summit,7,492.04,4111.24,3450.55,692.46,1.1915,4.983,Fast,False,False,0.0,0.0
Navigation & Safety,NAVIGATION_AND_0048,Basecamp,Basecamp Ridge,1,320.13,500.5,363.62,187.37,1.3765,1.9406,Moderate,False,False,0.0,0.0
Navigation & Safety,NAVIGATION_AND_0049,Basecamp,Basecamp Elite,0,340.22,69.14,43.19,20.0,1.6011,2.1593,Moderate,True,False,0.0,0.0
Navigation & Safety,NAVIGATION_AND_0050,Canyonset,Canyonset Traverse,6,516.25,4513.6,3132.03,598.5,1.4411,5.2332,Fast,False,False,0.0,0.0
Navigation & Safety,NAVIGATION_AND_0051,Ironpass,Ironpass Enduro,0,412.31,150.12,97.57,20.0,1.5387,4.8783,Fast,True,False,0.0,0.0
Navigation & Safety,NAVIGATION_AND_0052,Trailhead,Trailhead Series II,2,374.89,958.85,755.65,530.63,1.2689,1.424,Slow,False,True,0.1957,0.4872
Navigation & Safety,NAVIGATION_AND_0053,Ridgecrest,Ridgecrest Carbon,7,591.88,6636.76,4472.55,886.21,1.4839,5.0468,Fast,False,True,0.0859,0.3539
Navigation & Safety,NAVIGATION_AND_0054,Basecamp,Basecamp Foundation,9,181.04,2027.09,1663.39,596.48,1.2186,2.7887,Moderate,False,False,0.0,0.0
Navigation & Safety,NAVIGATION_AND_0055,Trailhead,Trailhead Pro,0,337.22,175.55,139.27,79.71,1.2605,1.7473,Moderate,True,False,0.0,0.0
Navigation & Safety,NAVIGATION_AND_0056,Ridgecrest,Ridgecrest Carbon,0,543.1,116.96,83.41,20.0,1.4021,4.1707,Fast,True,False,0.0,0.0
Navigation & Safety,NAVIGATION_AND_0057,Ridgecrest,Ridgecrest LTD,0,560.46,105.61,83.65,45.24,1.2625,1.849,Moderate,True,False,0.0,0.0
Navigation & Safety,NAVIGATION_AND_0058,Ironpass,Ironpass Foundation,21,276.66,6659.55,6042.63,1766.65,1.1021,3.4204,Fast,False,False,0.0,0.0
Navigation & Safety,NAVIGATION_AND_0059,Canyonset,Canyonset MAX,2,618.27,1847.25,1421.27,149.46,1.2997,9.5096,Fast,False,False,0.0,0.0
Navigation & Safety,NAVIGATION_AND_0060,Dustfall,Dustfall Ridge,1,407.03,910.8,681.49,216.59,1.3365,3.1464,Fast,False,False,0.0,0.0
Navigation & Safety,NAVIGATION_AND_0061,Canyonset,Canyonset LTD,7,298.52,3249.38,2338.59,637.42,1.3895,3.6688,Fast,False,False,0.0,0.0
Navigation & Safety,NAVIGATION_AND_0062,Ridgecrest,Ridgecrest Enduro,0,460.48,187.75,137.67,94.65,1.3638,1.4544,Slow,True,True,0.2783,0.446
Navigation & Safety,NAVIGATION_AND_0063,Dustfall,Dustfall Trail,12,87.22,1370.52,1059.57,453.32,1.2935,2.3373,Moderate,False,False,0.0,0.0
Navigation & Safety,NAVIGATION_AND_0064,Basecamp,Basecamp Ridge,0,108.11,83.14,59.4,36.64,1.3997,1.6209,Moderate,True,True,0.2801,0.4291
Navigation & Safety,NAVIGATION_AND_0065,Dustfall,Dustfall Origin,0,253.4,137.93,100.3,82.03,1.3752,1.2226,Slow,True,True,0.3356,0.5416
Navigation & Safety,NAVIGATION_AND_0066,Trailhead,Trailhead Comp,0,420.15,180.53,128.28,90.99,1.4073,1.4099,Slow,True,False,0.0,0.0
Navigation & Safety,NAVIGATION_AND_0067,Trailhead,Trailhead Lite,39,111.49,6151.45,4395.99,997.09,1.3993,4.4088,Fast,False,False,0.0,0.0
Navigation & Safety,NAVIGATION_AND_0068,Ridgecrest,Ridgecrest Ascent,1,403.73,568.86,421.73,273.27,1.3489,1.5432,Moderate,False,False,0.0,0.0
Navigation & Safety,NAVIGATION_AND_0069,Canyonset,Canyonset Apex,1,635.28,1725.41,1086.01,531.81,1.5888,2.0421,Moderate,False,False,0.0,0.0
Navigation & Safety,NAVIGATION_AND_0070,Basecamp,Basecamp Comp,1,593.85,1131.89,852.51,361.85,1.3277,2.3559,Moderate,False,False,0.0,0.0
Navigation & Safety,NAVIGATION_AND_0071,Dustfall,Dustfall Signature,25,161.91,5726.62,4136.28,747.68,1.3845,5.5322,Fast,False,False,0.0,0.0
Navigation & Safety,NAVIGATION_AND_0072,Dustfall,Dustfall Series II,2,348.3,1229.45,868.62,658.21,1.4154,1.3197,Slow,False,True,0.2018,0.4335
Navigation & Safety,NAVIGATION_AND_0073,Canyonset,Canyonset Signature,81,22.83,2874.65,1852.75,882.66,1.5516,2.099,Moderate,False,False,0.0,0.0
Navigation & Safety,NAVIGATION_AND_0074,Basecamp,Basecamp Comp,5,342.21,2848.09,1936.06,1497.27,1.4711,1.2931,Slow,False,False,0.0,0.0
Navigation & Safety,NAVIGATION_AND_0075,Dustfall,Dustfall Summit,7,216.87,2160.92,1648.51,1759.0,1.3108,0.9372,Slow,False,False,0.0,0.0
Navigation & Safety,NAVIGATION_AND_0076,Ridgecrest,Ridgecrest X1,3,132.31,705.65,411.21,342.71,1.7161,1.1999,Slow,False,False,0.0,0.0
Navigation & Safety,NAVIGATION_AND_0077,Canyonset,Canyonset Lite,9,381.82,4775.11,3443.1,1217.34,1.3869,2.8284,Moderate,False,False,0.0,0.0
Navigation & Safety,NAVIGATION_AND_0078,Trailhead,Trailhead Comp,9,297.98,4241.44,2966.06,523.75,1.43,5.6631,Fast,False,False,0.0,0.0
Navigation & Safety,NAVIGATION_AND_0079,Trailhead,Trailhead Summit,2,459.46,1660.51,1367.45,195.84,1.2143,6.9824,Fast,False,False,0.0,0.0
Navigation & Safety,NAVIGATION_AND_0080,Basecamp,Basecamp Ascent,1,477.63,845.95,535.37,601.19,1.5801,0.8905,Slow,False,True,0.262,0.3679
Navigation & Safety,NAVIGATION_AND_0081,Dustfall,Dustfall X1,0,423.35,332.46,289.81,113.34,1.1472,2.557,Moderate,True,False,0.0,0.0
Navigation & Safety,NAVIGATION_AND_0082,Canyonset,Canyonset LTD,9,144.39,2003.06,1400.19,1017.95,1.4306,1.3755,Slow,False,False,0.0,0.0
Navigation & Safety,NAVIGATION_AND_0083,Dustfall,Dustfall Elite,23,202.97,6229.78,4785.76,992.21,1.3017,4.8233,Fast,False,False,0.0,0.0
Navigation & Safety,NAVIGATION_AND_0084,Dustfall,Dustfall Ascent,28,449.62,18181.78,12604.18,1757.45,1.4425,7.1718,Fast,False,False,0.0,0.0
Navigation & Safety,NAVIGATION_AND_0085,Trailhead,Trailhead Carbon,0,481.77,341.84,280.16,138.75,1.2202,2.0192,Moderate,True,True,0.0802,0.3461
Navigation & Safety,NAVIGATION_AND_0086,Basecamp,Basecamp Summit,0,484.65,355.71,280.74,270.81,1.2671,1.0366,Slow,True,False,0.0,0.0
Navigation & Safety,NAVIGATION_AND_0087,Ironpass,Ironpass Ascent,2,504.46,1446.29,1162.87,185.09,1.2437,6.2826,Fast,False,False,0.0,0.0
Navigation & Safety,NAVIGATION_AND_0088,Trailhead,Trailhead Team,66,154.34,13109.43,10206.13,976.83,1.2845,10.4483,Fast,False,False,0.0,0.0
Navigation & Safety,NAVIGATION_AND_0089,Ridgecrest,Ridgecrest Tour,2,576.33,2172.93,1593.9,420.77,1.3633,3.7881,Fast,False,False,0.0,0.0
Navigation & Safety,NAVIGATION_AND_0090,Trailhead,Trailhead Summit,0,369.52,94.35,85.09,24.6,1.1088,3.4584,Fast,True,False,0.0,0.0
Navigation & Safety,NAVIGATION_AND_0091,Canyonset,Canyonset Origin,0,113.34,91.19,64.15,20.0,1.4214,3.2077,Fast,True,False,0.0,0.0
Navigation & Safety,NAVIGATION_AND_0092,Ridgecrest,Ridgecrest Lite,8,134.87,1568.89,1146.15,594.8,1.3688,1.927,Moderate,False,False,0.0,0.0
Navigation & Safety,NAVIGATION_AND_0093,Basecamp,Basecamp Crest,2,270.97,1168.05,762.45,296.14,1.532,2.5747,Moderate,False,False,0.0,0.0
Navigation & Safety,NAVIGATION_AND_0094,Ironpass,Ironpass Tour,7,190.52,2027.25,1340.65,625.35,1.5121,2.1439,Moderate,False,False,0.0,0.0
Navigation & Safety,NAVIGATION_AND_0095,Dustfall,Dustfall Ascent,5,522.91,3651.89,2952.98,548.7,1.2367,5.3818,Fast,False,False,0.0,0.0
Navigation & Safety,NAVIGATION_AND_0096,Canyonset,Canyonset Venture,34,149.69,7730.53,5116.93,3293.49,1.5108,1.5536,Moderate,False,False,0.0,0.0
Navigation & Safety,NAVIGATION_AND_0097,Trailhead,Trailhead Comp,0,366.95,144.97,117.88,22.18,1.2298,5.3148,Fast,True,False,0.0,0.0
Navigation & Safety,NAVIGATION_AND_0098,Canyonset,Canyonset Comp,1,319.0,684.79,514.12,499.3,1.332,1.0297,Slow,False,True,0.2263,0.4385
Navigation & Safety,NAVIGATION_AND_0099,Ironpass,Ironpass Sport,2,627.83,2673.27,1774.71,236.6,1.5063,7.5009,Fast,False,False,0.0,0.0
Navigation & Safety,NAVIGATION_AND_0100,Dustfall,Dustfall Foundation,11,142.31,2004.22,1571.23,1055.77,1.2756,1.4882,Slow,False,False,0.0,0.0
Navigation & Safety,NAVIGATION_AND_0101,Basecamp,Basecamp Origin,0,648.78,155.06,110.73,29.22,1.4004,3.7891,Fast,True,True,0.0794,0.3188
Navigation & Safety,NAVIGATION_AND_0102,Basecamp,Basecamp Carbon,0,386.86,19.72,13.35,20.0,1.4765,0.6677,Slow,True,True,0.2676,0.4379
Navigation & Safety,NAVIGATION_AND_0103,Dustfall,Dustfall X1,0,414.33,98.9,69.47,20.0,1.4237,3.4733,Fast,True,False,0.0,0.0
Navigation & Safety,NAVIGATION_AND_0104,Canyonset,Canyonset Apex,0,639.71,640.2,492.75,163.35,1.2992,3.0165,Fast,True,False,0.0,0.0
Navigation & Safety,NAVIGATION_AND_0105,Ironpass,Ironpass Signature,14,362.17,5488.09,5380.48,2128.75,1.02,2.5275,Moderate,False,False,0.0,0.0
Navigation & Safety,NAVIGATION_AND_0106,Dustfall,Dustfall Series II,1,598.38,1452.92,1005.45,893.59,1.445,1.1252,Slow,False,False,0.0,0.0
Navigation & Safety,NAVIGATION_AND_0107,Ironpass,Ironpass Series II,25,441.71,15318.99,11265.68,4532.73,1.3598,2.4854,Moderate,False,False,0.0,0.0
Navigation & Safety,NAVIGATION_AND_0108,Dustfall,Dustfall Origin,33,207.12,10718.44,6919.44,2341.19,1.549,2.9555,Moderate,False,False,0.0,0.0
Navigation & Safety,NAVIGATION_AND_0109,Dustfall,Dustfall Comp,1,441.94,737.47,534.52,210.6,1.3797,2.5381,Moderate,False,False,0.0,0.0
Navigation & Safety,NAVIGATION_AND_0110,Basecamp,Basecamp Base,5,509.72,3852.89,2607.93,732.99,1.4774,3.5579,Fast,False,False,0.0,0.0
Navigation & Safety,NAVIGATION_AND_0111,Ironpass,Ironpass Carbon,13,181.12,3411.97,2468.86,712.31,1.382,3.466,Fast,False,False,0.0,0.0
Navigation & Safety,NAVIGATION_AND_0112,Canyonset,Canyonset Origin,30,164.28,7149.99,5006.64,3934.42,1.4281,1.2725,Slow,False,False,0.0,0.0
Navigation & Safety,NAVIGATION_AND_0113,Canyonset,Canyonset Team,1,495.08,1046.06,718.72,422.18,1.4555,1.7024,Moderate,False,True,0.2671,0.5159
Navigation & Safety,NAVIGATION_AND_0114,Ridgecrest,Ridgecrest Ascent,0,423.65,290.27,234.8,87.73,1.2363,2.6762,Moderate,True,False,0.0,0.0
Navigation & Safety,NAVIGATION_AND_0115,Canyonset,Canyonset Team,2,211.24,645.24,473.26,119.76,1.3634,3.9517,Fast,False,False,0.0,0.0
Navigation & Safety,NAVIGATION_AND_0116,Trailhead,Trailhead Sport,1,405.86,1017.29,758.69,398.76,1.3408,1.9026,Moderate,False,False,0.0,0.0
Navigation & Safety,NAVIGATION_AND_0117,Basecamp,Basecamp Trail,4,345.39,2243.03,1462.31,380.1,1.5339,3.8472,Fast,False,False,0.0,0.0
Navigation & Safety,NAVIGATION_AND_0118,Basecamp,Basecamp Apex,0,558.24,235.15,168.69,64.8,1.394,2.6033,Moderate,True,False,0.0,0.0
Navigation & Safety,NAVIGATION_AND_0119,Canyonset,Canyonset Team,0,411.57,461.05,291.62,244.96,1.581,1.1905,Slow,True,True,0.3048,0.6876
Navigation & Safety,NAVIGATION_AND_0120,Basecamp,Basecamp Sport,11,192.33,2847.35,2160.62,1549.41,1.3178,1.3945,Slow,False,False,0.0,0.0
Navigation & Safety,NAVIGATION_AND_0121,Ridgecrest,Ridgecrest Foundation,0,362.6,461.79,338.1,129.61,1.3658,2.6087,Moderate,True,False,0.0,0.0
Navigation & Safety,NAVIGATION_AND_0122,Trailhead,Trailhead Lite,3,498.81,2480.86,1533.98,470.34,1.6173,3.2614,Fast,False,False,0.0,0.0
